202-1237B-2H-1-A
25-07-01 19:59:233 UTC,
sub_sample_width = 2.0 cm
stripe_ROI_left = 852
stripe_ROI_top = 0
stripe_ROI_right = 1252
stripe_ROI_bottom = 29504

Depth	Offset	RED	GREEN	BLUE
5.5000	0.000	128.2	70.7	79.7
5.5000	0.005	113.8	51.3	55.7
5.5001	0.010	106.9	42.8	44.1
5.5001	0.015	101.1	39.2	38.9
5.5002	0.020	92.7	37.2	37.3
5.5003	0.025	84.1	35.6	36.0
5.5003	0.030	77.0	35.0	35.4
5.5004	0.035	69.4	34.7	35.1
5.5004	0.040	62.9	35.2	35.0
5.5004	0.045	57.1	37.3	36.6
5.5005	0.050	50.6	39.0	38.1
5.5005	0.055	46.9	42.2	40.1
5.5006	0.060	42.9	40.6	41.6
5.5007	0.065	38.7	37.0	37.7
5.5007	0.070	38.5	37.0	36.8
5.5008	0.075	38.4	37.0	36.9
5.5008	0.080	38.0	36.5	36.5
5.5008	0.085	37.9	36.2	36.2
5.5009	0.090	37.3	35.7	35.9
5.5009	0.095	36.7	35.0	35.3
5.5010	0.100	36.0	34.4	34.8
5.5011	0.105	35.5	33.9	34.1
5.5011	0.110	34.9	33.4	33.7
5.5011	0.115	34.4	33.0	33.2
5.5012	0.120	34.2	32.7	32.9
5.5012	0.125	34.1	32.7	32.6
5.5013	0.130	34.1	32.7	32.8
5.5014	0.135	34.1	32.4	32.7
5.5014	0.140	34.1	32.5	32.6
5.5015	0.145	34.0	32.6	32.6
5.5015	0.150	34.0	32.5	32.5
5.5015	0.155	33.9	32.4	32.7
5.5016	0.160	33.9	32.5	32.8
5.5016	0.165	33.9	32.6	32.8
5.5017	0.170	33.9	32.4	32.8
5.5018	0.175	33.9	32.4	32.9
5.5018	0.180	34.0	32.4	32.8
5.5019	0.185	33.9	32.4	32.9
5.5019	0.190	33.8	32.5	33.0
5.5019	0.195	33.9	32.5	33.0
5.5020	0.200	33.9	32.7	32.9
5.5020	0.205	33.9	32.7	33.1
5.5021	0.210	33.9	32.7	33.1
5.5022	0.215	34.0	32.7	33.2
5.5022	0.220	34.0	32.9	33.3
5.5023	0.225	34.1	32.9	33.4
5.5023	0.230	34.3	33.0	33.6
5.5023	0.235	34.4	33.1	33.5
5.5024	0.240	34.4	33.4	33.8
5.5024	0.245	34.6	33.5	34.2
5.5025	0.250	34.7	33.8	34.6
5.5026	0.255	35.0	34.0	34.9
5.5026	0.260	35.1	34.2	35.3
5.5027	0.265	35.5	34.4	35.5
5.5027	0.270	35.5	34.8	35.8
5.5027	0.275	35.6	35.0	36.3
5.5028	0.280	36.0	35.3	36.7
5.5028	0.285	36.4	35.6	37.1
5.5029	0.290	36.5	36.0	37.5
5.5030	0.295	36.9	36.6	38.1
5.5030	0.300	37.7	37.5	38.8
5.5030	0.305	39.4	39.1	40.6
5.5031	0.310	40.9	40.8	42.6
5.5031	0.315	42.6	42.7	44.7
5.5032	0.320	44.6	45.0	47.2
5.5033	0.325	47.1	47.4	50.4
5.5033	0.330	46.1	46.4	51.2
5.5034	0.335	44.6	44.8	49.2
5.5034	0.340	42.8	43.0	47.2
5.5034	0.345	42.6	42.8	45.7
5.5035	0.350	44.3	43.9	46.1
5.5035	0.355	44.5	43.9	46.6
5.5036	0.360	44.1	43.5	45.9
5.5037	0.365	44.0	43.3	45.4
5.5037	0.370	43.5	42.9	45.2
5.5038	0.375	43.3	42.7	44.9
5.5038	0.380	43.2	42.3	44.5
5.5038	0.385	42.9	42.1	44.4
5.5039	0.390	42.5	41.6	43.9
5.5039	0.395	42.2	41.4	43.7
5.5040	0.400	42.3	41.4	43.7
5.5041	0.405	42.2	41.4	43.7
5.5041	0.410	42.0	41.1	43.7
5.5042	0.415	41.7	40.8	43.3
5.5042	0.420	41.6	40.8	43.2
5.5042	0.425	41.0	40.4	43.0
5.5043	0.430	40.9	40.2	42.8
5.5043	0.435	41.4	40.9	42.9
5.5044	0.440	42.9	42.5	44.1
5.5045	0.445	43.9	43.6	45.3
5.5045	0.450	44.7	44.1	46.1
5.5046	0.455	45.1	44.4	46.4
5.5046	0.460	45.0	44.6	46.7
5.5046	0.465	45.2	44.6	46.4
5.5047	0.470	46.6	46.1	47.3
5.5047	0.475	47.8	46.8	47.9
5.5048	0.480	49.1	47.6	48.0
5.5049	0.485	50.7	49.0	48.4
5.5049	0.490	53.7	51.9	50.0
5.5050	0.495	56.9	54.9	52.1
5.5050	0.500	60.0	58.3	55.0
5.5050	0.505	62.9	62.0	59.1
5.5051	0.510	64.4	63.9	62.6
5.5052	0.515	65.0	64.7	64.3
5.5052	0.520	65.7	65.9	65.7
5.5053	0.525	68.1	68.2	67.3
5.5053	0.530	70.6	70.4	69.2
5.5053	0.535	72.4	72.0	70.4
5.5054	0.540	74.7	74.1	71.0
5.5054	0.545	79.2	77.8	71.9
5.5055	0.550	83.7	81.4	73.8
5.5056	0.555	85.5	82.8	74.8
5.5056	0.560	84.5	81.9	74.5
5.5057	0.565	83.7	81.6	74.3
5.5057	0.570	84.2	82.4	74.9
5.5057	0.575	84.5	82.6	75.3
5.5058	0.580	85.0	82.9	75.3
5.5058	0.585	85.3	83.1	75.3
5.5059	0.590	85.8	83.5	75.6
5.5060	0.595	86.2	84.1	76.1
5.5060	0.600	85.8	83.6	75.6
5.5061	0.605	85.4	83.6	75.5
5.5061	0.610	85.3	83.1	74.5
5.5061	0.615	86.1	83.6	73.2
5.5062	0.620	88.8	85.1	73.1
5.5062	0.625	89.4	85.2	72.6
5.5063	0.630	86.6	81.8	69.7
5.5064	0.635	84.4	79.5	66.7
5.5064	0.640	82.0	77.1	64.5
5.5065	0.645	81.2	76.2	63.1
5.5065	0.650	81.5	76.4	62.9
5.5065	0.655	82.4	77.3	63.9
5.5066	0.660	83.8	78.8	65.0
5.5066	0.665	85.9	80.9	66.7
5.5067	0.670	88.3	83.1	68.2
5.5068	0.675	90.5	85.0	70.1
5.5068	0.680	92.5	87.0	71.6
5.5069	0.685	94.8	89.3	73.6
5.5069	0.690	96.7	91.0	75.4
5.5069	0.695	97.9	92.2	76.6
5.5070	0.700	98.8	93.1	77.2
5.5070	0.705	99.6	93.7	78.0
5.5071	0.710	99.6	93.6	77.8
5.5072	0.715	99.9	93.8	78.0
5.5072	0.720	100.3	94.3	78.2
5.5072	0.725	100.3	94.5	78.5
5.5073	0.730	100.3	94.4	78.5
5.5073	0.735	100.6	94.7	78.6
5.5074	0.740	100.9	94.9	79.0
5.5075	0.745	101.0	94.9	78.9
5.5075	0.750	101.1	95.2	79.1
5.5076	0.755	101.3	95.3	79.2
5.5076	0.760	101.8	95.7	79.3
5.5076	0.765	101.8	95.7	79.6
5.5077	0.770	101.8	95.7	79.4
5.5077	0.775	101.7	95.7	79.2
5.5078	0.780	102.0	95.9	79.5
5.5079	0.785	101.8	95.9	79.6
5.5079	0.790	101.7	95.9	79.5
5.5080	0.795	101.4	95.7	79.3
5.5080	0.800	101.4	96.0	79.6
5.5080	0.805	101.3	95.5	79.5
5.5081	0.810	101.2	95.5	79.3
5.5081	0.815	101.3	95.6	79.5
5.5082	0.820	100.9	95.2	79.2
5.5083	0.825	100.4	94.6	78.4
5.5083	0.830	100.2	94.3	78.0
5.5084	0.835	100.8	95.0	78.5
5.5084	0.840	101.7	95.8	79.4
5.5084	0.845	102.2	96.5	80.2
5.5085	0.850	102.4	96.6	80.6
5.5085	0.855	102.3	96.6	80.5
5.5086	0.860	102.2	96.2	80.3
5.5087	0.865	102.1	96.2	80.0
5.5087	0.870	102.4	96.6	80.0
5.5088	0.875	102.2	96.2	80.1
5.5088	0.880	101.9	95.9	79.6
5.5088	0.885	101.8	95.9	79.6
5.5089	0.890	101.9	95.9	79.6
5.5089	0.895	102.2	96.2	79.9
5.5090	0.900	102.0	96.1	79.8
5.5091	0.905	102.7	96.8	80.4
5.5091	0.910	103.0	96.9	80.8
5.5091	0.915	102.5	96.7	80.7
5.5092	0.920	102.5	96.7	80.5
5.5092	0.925	102.7	96.8	80.7
5.5093	0.930	103.3	97.4	81.1
5.5094	0.935	103.5	97.6	81.4
5.5094	0.940	103.6	97.6	81.6
5.5095	0.945	103.6	97.8	81.7
5.5095	0.950	103.5	97.8	81.9
5.5095	0.955	102.9	97.1	81.4
5.5096	0.960	102.1	96.3	80.7
5.5096	0.965	101.8	96.0	80.2
5.5097	0.970	101.6	95.9	79.6
5.5098	0.975	102.1	96.6	80.1
5.5098	0.980	102.8	97.2	81.2
5.5099	0.985	102.8	97.2	81.1
5.5099	0.990	103.4	97.8	81.2
5.5099	0.995	103.5	97.8	81.8
5.5100	1.000	103.2	97.4	81.2
5.5100	1.005	103.1	97.3	81.1
5.5101	1.010	103.0	97.2	80.9
5.5102	1.015	102.7	97.0	80.7
5.5102	1.020	102.5	96.8	80.7
5.5103	1.025	102.2	96.5	80.3
5.5103	1.030	102.1	96.4	80.1
5.5103	1.035	102.1	96.3	80.1
5.5104	1.040	102.1	96.4	80.2
5.5104	1.045	102.4	96.8	80.5
5.5105	1.050	102.6	96.9	80.7
5.5106	1.055	102.6	96.8	80.8
5.5106	1.060	102.9	97.1	81.0
5.5107	1.065	102.7	96.9	81.2
5.5107	1.070	102.4	96.6	80.7
5.5107	1.075	102.0	96.3	80.3
5.5108	1.080	101.7	96.0	79.7
5.5108	1.085	101.7	96.1	79.7
5.5109	1.090	101.8	96.1	79.8
5.5110	1.095	102.0	96.4	80.1
5.5110	1.100	102.0	96.4	80.3
5.5111	1.105	101.9	96.1	80.1
5.5111	1.110	101.4	95.8	79.6
5.5111	1.115	101.9	96.5	80.2
5.5112	1.120	102.5	97.0	80.8
5.5113	1.125	102.3	96.7	80.8
5.5113	1.130	102.2	96.5	80.5
5.5114	1.135	102.3	96.6	80.5
5.5114	1.140	102.3	96.5	80.6
5.5114	1.145	102.7	97.0	80.9
5.5115	1.150	102.9	97.3	80.9
5.5115	1.155	102.7	96.9	80.7
5.5116	1.160	102.2	96.5	80.2
5.5117	1.165	102.1	96.4	80.2
5.5117	1.170	101.7	96.0	79.9
5.5118	1.175	101.2	95.3	79.3
5.5118	1.180	100.4	94.8	78.4
5.5118	1.185	100.2	94.5	78.1
5.5119	1.190	99.4	93.8	77.5
5.5119	1.195	98.8	93.2	76.8
5.5120	1.200	99.0	93.2	76.6
5.5121	1.205	99.3	93.4	76.8
5.5121	1.210	99.5	93.8	77.4
5.5122	1.215	99.3	93.6	77.5
5.5122	1.220	99.6	93.8	77.7
5.5122	1.225	100.2	94.6	78.3
5.5123	1.230	100.1	94.4	78.5
5.5123	1.235	100.2	94.5	78.3
5.5124	1.240	100.4	94.7	78.6
5.5125	1.245	100.0	94.2	78.2
5.5125	1.250	99.8	94.0	78.0
5.5126	1.255	99.6	93.8	77.7
5.5126	1.260	99.3	93.9	77.8
5.5126	1.265	99.4	93.9	78.0
5.5127	1.270	99.6	94.1	78.4
5.5127	1.275	99.8	94.4	78.9
5.5128	1.280	99.9	94.4	79.0
5.5129	1.285	100.2	94.6	78.7
5.5129	1.290	100.9	95.3	79.3
5.5130	1.295	100.9	95.4	79.4
5.5130	1.300	100.9	95.1	79.2
5.5130	1.305	101.3	95.5	79.0
5.5131	1.310	101.8	96.1	79.6
5.5132	1.315	102.2	96.4	79.9
5.5132	1.320	102.3	96.5	79.6
5.5133	1.325	101.9	95.9	79.2
5.5133	1.330	101.6	95.7	78.6
5.5133	1.335	101.0	94.9	78.2
5.5134	1.340	100.5	94.4	77.8
5.5134	1.345	100.5	94.6	78.0
5.5135	1.350	100.1	94.0	77.7
5.5136	1.355	99.4	93.4	77.2
5.5136	1.360	98.9	93.0	76.6
5.5137	1.365	98.6	92.7	76.3
5.5137	1.370	98.4	92.6	76.0
5.5137	1.375	98.3	92.5	76.0
5.5138	1.380	97.8	92.0	75.9
5.5138	1.385	97.5	91.6	75.3
5.5139	1.390	97.5	91.5	75.1
5.5140	1.395	97.6	91.5	74.9
5.5140	1.400	98.2	92.1	75.1
5.5141	1.405	98.3	92.2	75.4
5.5141	1.410	98.3	92.2	75.3
5.5141	1.415	98.0	91.7	75.1
5.5142	1.420	97.1	90.8	74.3
5.5142	1.425	96.2	90.0	73.3
5.5143	1.430	95.9	89.8	73.0
5.5144	1.435	95.7	89.9	73.0
5.5144	1.440	95.8	89.8	73.2
5.5145	1.445	95.6	89.6	73.1
5.5145	1.450	95.3	89.5	72.9
5.5145	1.455	96.3	90.5	73.3
5.5146	1.460	97.1	91.2	74.4
5.5146	1.465	97.4	91.5	74.9
5.5147	1.470	96.8	90.8	74.8
5.5148	1.475	96.2	90.5	74.0
5.5148	1.480	96.6	90.8	74.4
5.5149	1.485	96.5	90.7	74.3
5.5149	1.490	97.0	91.3	74.7
5.5149	1.495	97.3	91.5	75.0
5.5150	1.500	97.6	91.9	75.5
5.5150	1.505	98.0	92.2	75.6
5.5151	1.510	98.2	92.4	75.7
5.5152	1.515	98.2	92.1	75.6
5.5152	1.520	98.2	92.3	75.6
5.5152	1.525	98.8	92.9	76.1
5.5153	1.530	99.2	93.4	76.7
5.5153	1.535	98.8	93.1	76.5
5.5154	1.540	98.4	92.5	76.1
5.5155	1.545	97.9	92.2	75.7
5.5155	1.550	97.7	92.3	75.9
5.5156	1.555	97.7	92.0	76.2
5.5156	1.560	97.3	91.5	75.4
5.5156	1.565	97.5	91.6	75.0
5.5157	1.570	97.7	91.8	74.9
5.5157	1.575	97.7	91.7	74.7
5.5158	1.580	97.6	91.4	74.6
5.5159	1.585	97.4	91.2	74.4
5.5159	1.590	96.7	90.5	73.5
5.5160	1.595	97.3	91.3	74.1
5.5160	1.600	97.4	91.4	74.7
5.5160	1.605	97.1	91.2	74.6
5.5161	1.610	97.3	91.4	74.5
5.5161	1.615	97.4	91.6	74.6
5.5162	1.620	97.6	91.6	74.7
5.5163	1.625	97.7	91.8	74.7
5.5163	1.630	97.4	91.4	74.6
5.5164	1.635	97.2	91.3	74.5
5.5164	1.640	97.0	91.1	74.3
5.5164	1.645	97.4	91.6	74.4
5.5165	1.650	97.8	91.8	74.8
5.5165	1.655	98.1	92.0	74.9
5.5166	1.660	98.0	92.1	75.0
5.5167	1.665	98.0	92.0	75.1
5.5167	1.670	97.5	91.6	74.9
5.5168	1.675	97.6	91.9	74.9
5.5168	1.680	97.7	92.0	75.1
5.5168	1.685	97.8	92.0	75.0
5.5169	1.690	97.7	92.1	75.3
5.5169	1.695	98.1	92.5	75.6
5.5170	1.700	98.4	92.8	76.2
5.5171	1.705	97.8	92.3	76.1
5.5171	1.710	96.3	90.8	74.9
5.5171	1.715	95.2	89.6	73.3
5.5172	1.720	94.5	88.8	72.5
5.5172	1.725	94.6	88.7	71.6
5.5173	1.730	95.5	89.5	72.0
5.5174	1.735	96.1	90.2	72.8
5.5174	1.740	96.9	91.0	73.8
5.5175	1.745	97.7	91.9	74.6
5.5175	1.750	98.0	92.1	75.2
5.5175	1.755	97.3	91.3	74.7
5.5176	1.760	95.5	89.4	73.1
5.5176	1.765	92.0	85.9	70.4
5.5177	1.770	88.6	82.8	67.4
5.5178	1.775	86.5	81.0	65.9
5.5178	1.780	86.7	81.6	66.1
5.5179	1.785	87.8	82.7	67.5
5.5179	1.790	89.0	83.9	68.6
5.5179	1.795	91.6	86.7	70.8
5.5180	1.800	94.2	89.1	73.2
5.5180	1.805	96.0	90.7	74.2
5.5181	1.810	97.4	92.1	75.1
5.5182	1.815	98.4	92.9	76.0
5.5182	1.820	98.5	92.9	76.4
5.5183	1.825	98.2	92.5	75.7
5.5183	1.830	98.4	92.7	76.1
5.5183	1.835	98.6	93.0	76.5
5.5184	1.840	99.2	93.5	76.8
5.5184	1.845	99.5	93.8	76.8
5.5185	1.850	99.9	94.2	77.2
5.5186	1.855	100.2	94.5	77.5
5.5186	1.860	100.1	94.4	77.6
5.5187	1.865	99.8	94.1	77.6
5.5187	1.870	99.3	93.7	77.2
5.5187	1.875	99.8	94.3	77.4
5.5188	1.880	99.6	94.0	77.7
5.5188	1.885	99.3	93.6	77.1
5.5189	1.890	97.9	92.2	76.3
5.5190	1.895	96.0	90.4	74.7
5.5190	1.900	95.2	89.9	73.7
5.5191	1.905	96.1	90.7	74.0
5.5191	1.910	97.2	91.4	74.5
5.5191	1.915	97.1	91.4	74.7
5.5192	1.920	95.8	90.2	73.9
5.5193	1.925	95.3	89.9	73.4
5.5193	1.930	96.2	90.8	74.0
5.5194	1.935	96.8	91.3	74.5
5.5194	1.940	97.1	91.5	74.8
5.5194	1.945	97.6	92.2	74.9
5.5195	1.950	98.2	92.8	75.7
5.5195	1.955	98.6	93.1	76.1
5.5196	1.960	98.8	93.2	76.4
5.5197	1.965	98.6	93.2	76.4
5.5197	1.970	98.1	92.6	76.1
5.5198	1.975	97.9	92.6	75.7
5.5198	1.980	97.1	91.8	75.4
5.5198	1.985	95.3	89.9	73.9
5.5199	1.990	95.4	90.2	73.8
5.5199	1.995	95.3	89.9	73.9
5.5200	2.000	93.7	88.2	72.6
5.5201	2.005	91.9	86.7	71.5
5.5201	2.010	91.0	86.1	70.7
5.5202	2.015	91.1	86.3	70.9
5.5202	2.020	92.4	87.4	71.3
5.5202	2.025	94.1	89.0	72.3
5.5203	2.030	95.1	89.8	73.2
5.5203	2.035	95.6	90.2	73.9
5.5204	2.040	95.8	90.3	74.1
5.5205	2.045	96.0	90.7	74.1
5.5205	2.050	96.8	91.4	74.3
5.5206	2.055	98.1	92.5	75.4
5.5206	2.060	98.4	92.8	75.6
5.5206	2.065	99.4	93.8	76.5
5.5207	2.070	99.9	94.4	77.1
5.5207	2.075	100.2	94.7	77.4
5.5208	2.080	100.8	95.3	77.9
5.5209	2.085	101.0	95.5	78.3
5.5209	2.090	101.5	96.2	78.9
5.5210	2.095	101.6	96.2	79.2
5.5210	2.100	101.1	95.7	78.6
5.5210	2.105	100.9	95.4	78.6
5.5211	2.110	100.2	94.7	77.8
5.5212	2.115	99.0	93.6	77.4
5.5212	2.120	97.1	91.8	76.3
5.5213	2.125	95.9	90.7	75.1
5.5213	2.130	94.6	89.5	74.0
5.5213	2.135	93.7	88.7	73.2
5.5214	2.140	93.4	88.3	72.5
5.5214	2.145	94.1	89.1	73.2
5.5215	2.150	95.5	90.4	74.2
5.5216	2.155	96.0	91.1	75.0
5.5216	2.160	96.2	91.3	75.2
5.5217	2.165	96.5	91.6	75.3
5.5217	2.170	97.1	92.0	75.8
5.5217	2.175	97.2	92.2	76.0
5.5218	2.180	97.3	92.3	76.0
5.5218	2.185	96.8	91.7	75.9
5.5219	2.190	96.4	91.4	75.4
5.5220	2.195	97.0	92.2	75.8
5.5220	2.200	97.6	92.8	76.9
5.5221	2.205	97.8	93.1	77.3
5.5221	2.210	98.0	93.3	77.3
5.5221	2.215	98.1	93.2	77.4
5.5222	2.220	97.8	92.7	77.3
5.5222	2.225	97.8	92.9	76.9
5.5223	2.230	97.9	93.1	77.2
5.5224	2.235	97.6	92.5	76.7
5.5224	2.240	96.6	91.3	75.7
5.5225	2.245	95.7	90.4	74.6
5.5225	2.250	95.4	90.4	74.3
5.5225	2.255	95.4	90.3	74.2
5.5226	2.260	95.4	90.2	74.1
5.5226	2.265	95.2	90.0	73.9
5.5227	2.270	95.0	89.8	73.7
5.5228	2.275	95.1	89.8	73.7
5.5228	2.280	95.1	90.1	74.0
5.5229	2.285	94.9	89.8	74.2
5.5229	2.290	94.0	89.0	73.6
5.5229	2.295	93.7	88.7	73.0
5.5230	2.300	93.4	88.4	72.7
5.5230	2.305	93.5	88.5	72.8
5.5231	2.310	93.8	88.7	73.1
5.5232	2.315	93.6	88.7	73.0
5.5232	2.320	93.9	89.0	72.8
5.5232	2.325	94.3	89.2	73.1
5.5233	2.330	94.8	89.7	73.4
5.5233	2.335	94.7	89.9	73.8
5.5234	2.340	94.9	89.9	74.0
5.5235	2.345	94.7	89.7	73.8
5.5235	2.350	94.7	89.8	73.9
5.5236	2.355	94.3	89.3	73.5
5.5236	2.360	93.8	88.9	72.9
5.5236	2.365	94.1	89.0	73.0
5.5237	2.370	94.3	89.3	73.2
5.5237	2.375	94.5	89.5	73.5
5.5238	2.380	94.5	89.3	73.4
5.5239	2.385	94.7	89.8	73.5
5.5239	2.390	95.1	90.0	73.8
5.5240	2.395	95.4	90.3	73.9
5.5240	2.400	95.7	90.7	74.2
5.5240	2.405	95.5	90.5	74.3
5.5241	2.410	94.8	89.7	73.8
5.5241	2.415	94.5	89.4	73.0
5.5242	2.420	94.6	89.5	73.5
5.5243	2.425	95.1	90.1	73.9
5.5243	2.430	95.2	90.1	74.1
5.5244	2.435	95.5	90.4	74.1
5.5244	2.440	95.9	90.6	74.2
5.5244	2.445	96.6	91.4	75.0
5.5245	2.450	96.8	91.5	75.2
5.5245	2.455	96.6	91.3	75.1
5.5246	2.460	96.5	91.0	74.8
5.5247	2.465	96.2	90.7	74.6
5.5247	2.470	95.9	90.6	74.1
5.5248	2.475	96.0	90.6	74.5
5.5248	2.480	96.3	91.1	74.7
5.5248	2.485	96.5	91.1	75.2
5.5249	2.490	96.7	91.5	75.2
5.5249	2.495	97.0	91.7	75.4
5.5250	2.500	97.3	92.0	75.5
5.5251	2.505	97.4	91.9	75.8
5.5251	2.510	97.5	92.2	75.9
5.5252	2.515	97.4	92.0	76.0
5.5252	2.520	97.1	91.7	75.3
5.5252	2.525	97.4	92.1	75.4
5.5253	2.530	97.2	91.8	75.4
5.5254	2.535	97.5	92.1	75.7
5.5254	2.540	97.4	92.1	75.8
5.5255	2.545	97.2	91.9	75.5
5.5255	2.550	97.4	92.0	75.9
5.5255	2.555	97.8	92.7	76.4
5.5256	2.560	97.4	92.3	76.5
5.5256	2.565	97.2	92.2	76.0
5.5257	2.570	97.2	92.0	76.0
5.5258	2.575	96.9	91.7	75.5
5.5258	2.580	97.4	92.2	75.8
5.5259	2.585	97.4	92.3	76.0
5.5259	2.590	97.3	92.2	76.1
5.5259	2.595	96.9	92.2	76.0
5.5260	2.600	97.4	92.6	76.5
5.5260	2.605	97.5	92.7	76.7
5.5261	2.610	97.6	92.8	76.6
5.5262	2.615	97.3	92.3	76.5
5.5262	2.620	97.1	92.1	76.2
5.5263	2.625	97.1	92.1	76.2
5.5263	2.630	96.8	92.0	75.9
5.5263	2.635	96.7	91.6	75.8
5.5264	2.640	96.6	91.6	75.5
5.5264	2.645	97.0	92.1	75.8
5.5265	2.650	97.0	92.0	76.3
5.5266	2.655	96.7	91.8	76.0
5.5266	2.660	96.5	91.5	75.6
5.5267	2.665	96.7	91.7	75.6
5.5267	2.670	96.5	91.6	75.6
5.5267	2.675	96.4	91.5	75.6
5.5268	2.680	95.8	90.9	75.3
5.5268	2.685	95.0	90.0	74.5
5.5269	2.690	94.2	89.3	73.8
5.5270	2.695	93.7	88.8	73.4
5.5270	2.700	93.2	88.5	73.2
5.5271	2.705	92.6	87.9	72.8
5.5271	2.710	91.9	87.5	72.4
5.5271	2.715	92.0	87.5	72.6
5.5272	2.720	92.8	88.4	73.2
5.5273	2.725	93.5	88.9	74.0
5.5273	2.730	93.6	89.1	74.2
5.5274	2.735	94.2	89.6	74.3
5.5274	2.740	94.8	90.1	74.5
5.5274	2.745	95.1	90.4	75.0
5.5275	2.750	94.8	90.0	74.7
5.5275	2.755	94.7	90.1	74.5
5.5276	2.760	94.6	89.7	74.4
5.5277	2.765	94.3	89.4	73.9
5.5277	2.770	93.5	89.0	73.6
5.5278	2.775	93.5	89.0	73.3
5.5278	2.780	93.9	89.4	73.7
5.5278	2.785	93.8	88.9	73.7
5.5279	2.790	93.3	88.6	73.0
5.5279	2.795	93.2	88.5	73.2
5.5280	2.800	93.0	88.4	73.1
5.5281	2.805	93.1	88.5	73.0
5.5281	2.810	93.5	88.6	73.2
5.5282	2.815	93.4	88.6	73.1
5.5282	2.820	93.5	88.5	72.9
5.5282	2.825	93.5	88.7	73.2
5.5283	2.830	93.4	88.8	73.2
5.5283	2.835	93.7	88.9	73.3
5.5284	2.840	93.7	89.1	73.6
5.5285	2.845	93.9	89.3	73.6
5.5285	2.850	94.1	89.4	73.9
5.5286	2.855	94.1	89.3	74.3
5.5286	2.860	93.8	89.3	74.0
5.5286	2.865	94.1	89.5	74.2
5.5287	2.870	94.3	89.9	74.5
5.5287	2.875	94.4	90.0	74.7
5.5288	2.880	94.2	89.6	74.4
5.5289	2.885	93.7	89.2	74.1
5.5289	2.890	93.4	89.0	74.0
5.5290	2.895	93.2	88.8	73.9
5.5290	2.900	92.9	88.4	73.8
5.5290	2.905	92.6	88.4	73.8
5.5291	2.910	92.6	88.3	73.9
5.5291	2.915	92.3	88.0	73.5
5.5292	2.920	92.6	88.2	73.5
5.5293	2.925	92.7	88.4	73.7
5.5293	2.930	93.1	88.8	74.0
5.5293	2.935	92.9	88.7	74.1
5.5294	2.940	93.5	89.1	74.2
5.5294	2.945	93.9	89.4	74.5
5.5295	2.950	94.9	90.5	75.1
5.5296	2.955	95.1	90.8	75.5
5.5296	2.960	95.3	90.9	75.4
5.5297	2.965	95.3	90.7	75.1
5.5297	2.970	95.1	90.5	74.6
5.5297	2.975	95.4	90.7	74.7
5.5298	2.980	96.0	91.2	75.0
5.5298	2.985	96.6	91.7	75.4
5.5299	2.990	96.8	91.8	75.5
5.5300	2.995	97.0	91.9	75.6
5.5300	3.000	97.2	92.2	75.7
5.5301	3.005	96.9	91.8	75.7
5.5301	3.010	96.7	91.5	75.4
5.5301	3.015	96.5	91.5	75.3
5.5302	3.020	96.6	91.5	75.3
5.5302	3.025	96.2	91.0	75.0
5.5303	3.030	95.7	90.5	74.3
5.5304	3.035	95.6	90.4	74.1
5.5304	3.040	95.5	90.3	74.0
5.5305	3.045	95.4	90.2	74.0
5.5305	3.050	95.0	90.2	74.1
5.5305	3.055	94.8	89.7	74.0
5.5306	3.060	95.2	90.2	74.0
5.5306	3.065	96.1	91.4	74.9
5.5307	3.070	96.6	91.5	75.3
5.5308	3.075	96.6	91.6	75.2
5.5308	3.080	96.7	91.5	75.2
5.5309	3.085	96.5	91.3	75.0
5.5309	3.090	96.4	91.1	74.8
5.5309	3.095	96.2	91.1	74.8
5.5310	3.100	96.2	91.1	74.9
5.5310	3.105	95.9	90.7	74.8
5.5311	3.110	95.7	90.6	74.5
5.5312	3.115	95.8	90.7	74.5
5.5312	3.120	96.1	90.9	74.7
5.5312	3.125	95.8	90.6	74.2
5.5313	3.130	96.0	90.8	74.2
5.5313	3.135	96.1	90.8	74.3
5.5314	3.140	96.2	91.1	74.5
5.5315	3.145	96.3	91.1	74.8
5.5315	3.150	95.9	90.7	74.5
5.5316	3.155	95.9	90.7	74.2
5.5316	3.160	95.7	90.6	74.2
5.5316	3.165	95.4	90.4	74.2
5.5317	3.170	95.5	90.4	74.1
5.5317	3.175	95.5	90.2	73.8
5.5318	3.180	95.5	90.3	73.9
5.5319	3.185	95.7	90.4	74.1
5.5319	3.190	95.8	90.5	74.2
5.5320	3.195	95.8	90.5	74.2
5.5320	3.200	95.8	90.5	74.2
5.5320	3.205	96.1	90.9	74.5
5.5321	3.210	96.3	91.1	74.7
5.5321	3.215	96.3	91.1	74.9
5.5322	3.220	96.3	91.0	74.8
5.5323	3.225	97.1	91.9	75.5
5.5323	3.230	97.2	91.9	76.0
5.5324	3.235	97.1	91.9	75.7
5.5324	3.240	97.2	92.1	76.0
5.5324	3.245	97.1	91.9	75.8
5.5325	3.250	97.2	92.3	76.0
5.5325	3.255	97.4	92.3	76.1
5.5326	3.260	97.4	92.2	76.2
5.5327	3.265	97.4	92.5	76.5
5.5327	3.270	97.3	92.3	76.5
5.5328	3.275	97.0	92.0	76.5
5.5328	3.280	96.7	91.8	76.5
5.5328	3.285	96.4	91.5	76.1
5.5329	3.290	96.3	91.5	76.1
5.5329	3.295	96.2	91.5	76.1
5.5330	3.300	96.6	91.7	76.2
5.5331	3.305	96.7	91.8	76.3
5.5331	3.310	97.0	92.0	76.3
5.5332	3.315	97.1	91.9	76.1
5.5332	3.320	97.1	92.1	76.2
5.5332	3.325	97.3	92.3	76.4
5.5333	3.330	97.4	92.5	76.8
5.5334	3.335	97.4	92.5	76.7
5.5334	3.340	97.3	92.4	76.6
5.5335	3.345	97.2	92.0	76.3
5.5335	3.350	97.5	92.3	76.3
5.5335	3.355	97.5	92.3	76.4
5.5336	3.360	97.6	92.5	76.3
5.5336	3.365	97.5	92.3	76.3
5.5337	3.370	97.0	92.0	76.0
5.5338	3.375	97.1	92.0	75.9
5.5338	3.380	97.6	92.6	76.2
5.5339	3.385	97.2	92.2	76.3
5.5339	3.390	96.8	91.8	75.8
5.5339	3.395	97.1	92.1	76.1
5.5340	3.400	96.8	91.7	76.2
5.5340	3.405	96.6	91.5	75.8
5.5341	3.410	96.3	91.4	75.8
5.5342	3.415	96.3	91.4	75.8
5.5342	3.420	96.1	91.0	75.5
5.5343	3.425	96.3	91.4	75.6
5.5343	3.430	96.5	91.6	75.8
5.5343	3.435	96.5	91.5	75.9
5.5344	3.440	96.7	91.8	75.9
5.5344	3.445	96.6	91.6	76.1
5.5345	3.450	96.4	91.7	76.0
5.5346	3.455	95.9	91.1	75.7
5.5346	3.460	95.5	90.8	75.5
5.5347	3.465	95.4	90.6	75.4
5.5347	3.470	95.5	90.9	75.5
5.5347	3.475	95.9	91.0	75.8
5.5348	3.480	96.6	91.7	75.9
5.5348	3.485	97.4	92.5	76.5
5.5349	3.490	97.8	92.8	76.7
5.5350	3.495	98.4	93.3	77.0
5.5350	3.500	98.6	93.4	77.5
5.5351	3.505	98.2	92.9	77.2
5.5351	3.510	97.9	92.9	76.6
5.5351	3.515	98.2	93.2	76.9
5.5352	3.520	97.9	92.7	76.9
5.5352	3.525	97.8	92.6	76.7
5.5353	3.530	98.0	92.7	76.7
5.5354	3.535	98.0	92.9	77.0
5.5354	3.540	98.2	93.3	77.2
5.5354	3.545	98.1	93.2	77.0
5.5355	3.550	98.4	93.3	77.1
5.5355	3.555	98.4	93.2	77.2
5.5356	3.560	98.4	93.3	77.1
5.5357	3.565	98.9	93.8	77.4
5.5357	3.570	98.9	93.8	77.7
5.5358	3.575	98.6	93.6	77.6
5.5358	3.580	98.7	93.7	77.5
5.5358	3.585	98.8	93.8	77.8
5.5359	3.590	98.9	94.0	77.8
5.5359	3.595	99.1	94.2	78.2
5.5360	3.600	99.2	94.3	78.3
5.5361	3.605	99.5	94.5	78.4
5.5361	3.610	99.4	94.5	78.4
5.5362	3.615	99.6	94.7	78.3
5.5362	3.620	99.5	94.5	78.3
5.5362	3.625	99.0	93.9	77.7
5.5363	3.630	99.0	94.0	77.5
5.5363	3.635	99.4	94.3	78.1
5.5364	3.640	99.2	94.1	78.2
5.5365	3.645	98.9	94.0	77.9
5.5365	3.650	99.1	93.8	78.1
5.5366	3.655	99.0	94.0	78.0
5.5366	3.660	98.9	94.0	78.1
5.5366	3.665	99.1	94.0	78.2
5.5367	3.670	99.2	94.1	78.1
5.5367	3.675	99.3	94.2	78.0
5.5368	3.680	99.5	94.6	78.5
5.5369	3.685	99.5	94.6	78.6
5.5369	3.690	99.6	94.7	78.5
5.5370	3.695	99.4	94.4	78.7
5.5370	3.700	98.6	93.7	78.1
5.5370	3.705	98.4	93.7	77.8
5.5371	3.710	98.1	93.5	78.1
5.5371	3.715	97.3	92.5	77.3
5.5372	3.720	97.5	92.8	77.2
5.5373	3.725	98.4	93.6	77.7
5.5373	3.730	98.3	93.8	78.0
5.5373	3.735	97.6	92.8	77.9
5.5374	3.740	97.2	92.4	77.0
5.5374	3.745	97.0	92.4	77.1
5.5375	3.750	96.9	92.3	77.2
5.5376	3.755	97.4	92.7	77.5
5.5376	3.760	97.9	93.3	77.9
5.5377	3.765	98.2	93.6	77.9
5.5377	3.770	98.7	93.8	78.3
5.5377	3.775	99.3	94.5	79.1
5.5378	3.780	99.5	94.6	79.3
5.5378	3.785	98.9	94.1	78.7
5.5379	3.790	98.6	93.9	78.3
5.5380	3.795	99.3	94.4	78.6
5.5380	3.800	100.0	95.2	79.5
5.5381	3.805	100.1	95.4	79.7
5.5381	3.810	100.4	95.6	79.7
5.5381	3.815	100.3	95.5	79.8
5.5382	3.820	100.3	95.5	79.6
5.5382	3.825	100.5	95.5	80.0
5.5383	3.830	100.5	95.5	79.8
5.5384	3.835	100.3	95.3	79.4
5.5384	3.840	100.4	95.3	79.4
5.5385	3.845	100.3	95.2	79.4
5.5385	3.850	100.0	95.0	79.1
5.5385	3.855	99.8	94.7	78.9
5.5386	3.860	99.8	94.8	79.1
5.5386	3.865	99.4	94.5	78.9
5.5387	3.870	99.1	94.2	78.8
5.5388	3.875	99.0	94.2	78.7
5.5388	3.880	99.4	94.4	78.8
5.5389	3.885	99.1	94.2	78.7
5.5389	3.890	99.0	94.0	78.4
5.5389	3.895	99.2	94.3	78.6
5.5390	3.900	99.5	94.5	79.2
5.5390	3.905	99.5	94.7	79.5
5.5391	3.910	99.4	94.6	79.4
5.5392	3.915	99.4	94.7	79.3
5.5392	3.920	99.5	94.7	79.4
5.5393	3.925	99.8	95.2	79.8
5.5393	3.930	99.8	95.1	79.8
5.5393	3.935	99.8	95.3	80.0
5.5394	3.940	99.5	94.8	79.7
5.5395	3.945	99.5	94.9	79.7
5.5395	3.950	99.2	94.6	79.7
5.5396	3.955	98.7	94.2	79.1
5.5396	3.960	98.5	93.9	78.8
5.5396	3.965	98.8	94.3	78.9
5.5397	3.970	98.8	94.1	78.9
5.5397	3.975	98.8	94.0	78.8
5.5398	3.980	98.9	94.1	78.9
5.5399	3.985	98.6	93.7	78.5
5.5399	3.990	97.7	92.8	78.0
5.5400	3.995	97.5	92.8	77.6
5.5400	4.000	98.3	93.6	78.3
5.5400	4.005	98.8	94.0	78.7
5.5401	4.010	98.6	93.9	78.7
5.5401	4.015	98.7	94.0	78.5
5.5402	4.020	99.0	94.3	79.0
5.5403	4.025	98.8	94.0	78.7
5.5403	4.030	98.6	93.8	78.4
5.5404	4.035	98.7	94.0	78.4
5.5404	4.040	99.5	94.6	78.9
5.5404	4.045	99.8	95.0	79.6
5.5405	4.050	99.8	94.9	79.5
5.5405	4.055	100.3	95.2	79.7
5.5406	4.060	100.1	95.2	79.7
5.5407	4.065	100.5	95.3	79.9
5.5407	4.070	100.8	95.7	80.0
5.5408	4.075	100.4	95.2	79.9
5.5408	4.080	99.9	94.7	79.3
5.5408	4.085	100.3	95.1	79.3
5.5409	4.090	100.3	95.2	79.6
5.5409	4.095	100.2	95.2	79.8
5.5410	4.100	100.0	95.0	79.6
5.5411	4.105	100.3	95.2	79.9
5.5411	4.110	99.6	94.5	79.2
5.5412	4.115	99.7	94.8	79.3
5.5412	4.120	100.1	95.2	79.6
5.5412	4.125	100.5	95.7	80.3
5.5413	4.130	100.3	95.4	80.3
5.5413	4.135	100.4	95.4	80.0
5.5414	4.140	101.2	96.1	80.6
5.5415	4.145	101.7	96.7	80.9
5.5415	4.150	101.8	96.5	80.9
5.5415	4.155	101.7	96.5	80.8
5.5416	4.160	101.0	95.9	80.2
5.5416	4.165	100.6	95.4	79.8
5.5417	4.170	100.5	95.5	79.8
5.5418	4.175	101.0	96.1	80.3
5.5418	4.180	101.9	96.9	81.1
5.5419	4.185	102.1	97.0	81.4
5.5419	4.190	102.3	97.2	81.3
5.5419	4.195	102.1	96.9	81.3
5.5420	4.200	101.3	96.0	80.6
5.5420	4.205	99.8	94.7	79.5
5.5421	4.210	99.4	94.4	78.8
5.5422	4.215	99.7	94.8	79.2
5.5422	4.220	99.7	94.7	79.1
5.5423	4.225	100.5	95.5	79.6
5.5423	4.230	100.6	95.6	79.8
5.5423	4.235	100.3	95.1	79.4
5.5424	4.240	100.0	95.0	79.0
5.5424	4.245	100.5	95.4	79.3
5.5425	4.250	100.6	95.6	79.9
5.5426	4.255	101.1	96.2	79.9
5.5426	4.260	101.6	96.5	80.4
5.5427	4.265	101.5	96.4	80.5
5.5427	4.270	101.3	96.2	80.3
5.5427	4.275	100.9	96.0	80.0
5.5428	4.280	100.8	95.8	79.9
5.5428	4.285	101.0	96.0	80.1
5.5429	4.290	101.2	96.2	80.5
5.5430	4.295	100.9	95.7	80.3
5.5430	4.300	100.6	95.6	80.0
5.5431	4.305	100.7	95.6	80.0
5.5431	4.310	100.7	95.6	79.9
5.5431	4.315	100.5	95.5	79.8
5.5432	4.320	100.5	95.4	79.5
5.5432	4.325	100.4	95.3	79.5
5.5433	4.330	100.5	95.4	79.5
5.5434	4.335	101.2	96.0	79.9
5.5434	4.340	101.7	96.8	80.5
5.5434	4.345	101.3	96.3	80.7
5.5435	4.350	100.8	95.7	80.0
5.5435	4.355	100.5	95.4	79.8
5.5436	4.360	100.0	94.9	79.2
5.5437	4.365	100.0	94.8	78.8
5.5437	4.370	100.2	95.0	79.2
5.5438	4.375	99.5	94.3	78.9
5.5438	4.380	99.3	94.1	78.3
5.5438	4.385	99.4	94.3	78.3
5.5439	4.390	99.9	94.9	78.8
5.5439	4.395	99.8	94.8	78.7
5.5440	4.400	100.1	95.1	79.1
5.5441	4.405	100.7	95.6	79.4
5.5441	4.410	100.8	95.7	79.5
5.5442	4.415	101.4	96.3	80.1
5.5442	4.420	101.5	96.2	80.4
5.5442	4.425	101.1	95.9	80.2
5.5443	4.430	101.2	96.0	80.3
5.5443	4.435	101.0	95.9	80.1
5.5444	4.440	100.8	95.8	79.9
5.5445	4.445	100.5	95.6	79.8
5.5445	4.450	100.4	95.4	79.7
5.5446	4.455	99.4	94.5	78.9
5.5446	4.460	98.1	93.3	77.9
5.5446	4.465	97.6	92.7	77.0
5.5447	4.470	97.5	92.5	77.2
5.5447	4.475	96.6	91.7	76.4
5.5448	4.480	96.8	92.0	76.1
5.5449	4.485	96.5	91.6	76.3
5.5449	4.490	95.7	90.9	75.6
5.5450	4.495	95.8	91.1	75.5
5.5450	4.500	95.7	90.9	75.5
5.5450	4.505	95.7	90.8	75.3
5.5451	4.510	95.8	90.9	75.3
5.5451	4.515	96.4	91.5	75.4
5.5452	4.520	96.9	91.9	75.8
5.5453	4.525	97.5	92.4	76.1
5.5453	4.530	98.5	93.3	77.1
5.5454	4.535	99.3	93.9	77.3
5.5454	4.540	99.9	94.5	77.8
5.5454	4.545	100.0	94.7	78.1
5.5455	4.550	100.3	95.0	78.1
5.5456	4.555	100.6	95.2	78.3
5.5456	4.560	100.5	95.3	78.3
5.5457	4.565	100.2	94.7	78.3
5.5457	4.570	99.8	94.5	77.8
5.5457	4.575	100.3	95.1	78.1
5.5458	4.580	100.6	95.3	78.4
5.5458	4.585	101.5	96.1	79.1
5.5459	4.590	101.9	96.3	79.9
5.5460	4.595	101.5	96.0	79.6
5.5460	4.600	101.4	96.0	79.3
5.5461	4.605	101.7	96.4	79.8
5.5461	4.610	101.4	96.0	79.7
5.5461	4.615	100.8	95.4	79.0
5.5462	4.620	99.8	94.5	78.1
5.5462	4.625	99.4	94.2	77.7
5.5463	4.630	99.5	94.4	77.9
5.5464	4.635	99.2	94.0	77.7
5.5464	4.640	99.0	93.7	77.5
5.5465	4.645	98.5	93.2	76.7
5.5465	4.650	99.2	94.1	77.2
5.5465	4.655	99.0	93.7	77.5
5.5466	4.660	98.9	93.7	77.0
5.5466	4.665	99.6	94.2	77.5
5.5467	4.670	99.7	94.7	78.0
5.5468	4.675	100.0	94.5	78.1
5.5468	4.680	100.0	94.6	78.0
5.5469	4.685	99.7	94.5	77.9
5.5469	4.690	98.6	93.1	77.3
5.5469	4.695	97.0	91.6	75.8
5.5470	4.700	96.9	91.7	75.3
5.5470	4.705	97.5	92.2	75.9
5.5471	4.710	97.5	92.2	76.1
5.5472	4.715	97.5	92.3	75.9
5.5472	4.720	97.8	92.7	76.5
5.5473	4.725	97.4	92.3	76.4
5.5473	4.730	97.2	92.3	76.7
5.5473	4.735	96.8	91.9	76.7
5.5474	4.740	96.4	91.7	76.3
5.5475	4.745	96.3	91.5	76.0
5.5475	4.750	96.1	91.4	76.0
5.5476	4.755	95.6	90.6	75.4
5.5476	4.760	95.0	90.1	74.9
5.5476	4.765	94.5	89.9	74.6
5.5477	4.770	94.0	89.4	74.2
5.5477	4.775	93.4	88.9	73.7
5.5478	4.780	93.6	89.1	74.0
5.5479	4.785	93.8	89.4	74.2
5.5479	4.790	94.4	89.9	74.8
5.5480	4.795	94.3	89.9	74.9
5.5480	4.800	93.8	89.3	74.8
5.5480	4.805	92.7	88.3	73.9
5.5481	4.810	92.3	87.9	73.3
5.5481	4.815	92.5	88.2	73.2
5.5482	4.820	92.7	88.1	73.2
5.5483	4.825	93.6	89.1	73.8
5.5483	4.830	93.9	89.3	74.4
5.5484	4.835	94.3	89.7	74.7
5.5484	4.840	94.4	89.8	74.9
5.5484	4.845	94.8	90.2	75.4
5.5485	4.850	94.9	90.4	75.3
5.5485	4.855	95.0	90.5	75.4
5.5486	4.860	95.6	90.9	76.0
5.5487	4.865	95.7	91.1	76.0
5.5487	4.870	96.1	91.3	76.2
5.5488	4.875	96.2	91.3	76.2
5.5488	4.880	96.4	91.7	76.2
5.5488	4.885	96.6	91.8	76.6
5.5489	4.890	96.7	91.9	76.6
5.5489	4.895	96.9	91.8	76.3
5.5490	4.900	97.0	92.0	76.4
5.5491	4.905	97.2	92.1	76.3
5.5491	4.910	97.8	92.7	76.9
5.5492	4.915	97.9	92.7	77.0
5.5492	4.920	97.7	92.6	77.0
5.5492	4.925	97.3	92.3	76.7
5.5493	4.930	97.2	92.1	76.4
5.5493	4.935	97.5	92.4	76.5
5.5494	4.940	97.9	92.6	76.6
5.5495	4.945	98.2	92.7	76.7
5.5495	4.950	98.3	93.0	77.0
5.5495	4.955	98.4	93.0	76.9
5.5496	4.960	98.6	93.4	77.0
5.5496	4.965	98.8	93.6	77.3
5.5497	4.970	98.9	93.7	77.4
5.5498	4.975	99.2	94.0	77.4
5.5498	4.980	99.6	94.1	77.7
5.5499	4.985	100.0	94.8	78.1
5.5499	4.990	100.9	95.5	79.1
5.5499	4.995	101.0	95.8	79.3
5.5500	5.000	101.2	95.9	79.3
5.5500	5.005	101.5	96.1	79.6
5.5501	5.010	101.6	96.3	79.6
5.5502	5.015	101.5	96.1	79.5
5.5502	5.020	101.5	96.3	79.5
5.5503	5.025	101.7	96.2	79.8
5.5503	5.030	101.3	96.0	79.6
5.5503	5.035	101.6	96.3	79.7
5.5504	5.040	102.1	96.9	80.0
5.5504	5.045	102.2	96.8	80.3
5.5505	5.050	102.2	96.9	80.4
5.5506	5.055	101.7	96.4	80.1
5.5506	5.060	101.3	96.3	79.5
5.5507	5.065	101.4	96.2	79.4
5.5507	5.070	102.0	96.7	79.9
5.5507	5.075	101.3	96.0	79.8
5.5508	5.080	101.3	96.1	79.5
5.5508	5.085	101.1	95.8	79.6
5.5509	5.090	100.7	95.3	79.1
5.5510	5.095	100.1	94.9	78.7
5.5510	5.100	99.9	94.7	78.3
5.5511	5.105	100.8	95.6	78.9
5.5511	5.110	101.1	96.1	79.8
5.5511	5.115	101.1	96.0	79.9
5.5512	5.120	100.8	95.7	79.6
5.5512	5.125	100.7	95.5	79.3
5.5513	5.130	101.0	95.9	79.5
5.5514	5.135	100.9	95.9	79.6
5.5514	5.140	100.7	95.7	79.4
5.5514	5.145	100.4	95.3	79.1
5.5515	5.150	100.2	95.1	78.9
5.5515	5.155	99.7	94.6	78.3
5.5516	5.160	99.3	94.0	78.0
5.5517	5.165	99.4	94.4	77.9
5.5517	5.170	99.9	95.0	78.7
5.5518	5.175	99.9	94.9	78.7
5.5518	5.180	99.6	94.6	78.6
5.5518	5.185	99.3	94.2	78.8
5.5519	5.190	98.9	94.1	78.4
5.5519	5.195	98.9	94.1	78.7
5.5520	5.200	98.8	93.9	78.4
5.5521	5.205	98.5	93.7	78.3
5.5521	5.210	98.5	93.8	78.2
5.5522	5.215	98.2	93.3	78.4
5.5522	5.220	97.5	92.9	78.0
5.5522	5.225	97.7	93.1	77.6
5.5523	5.230	98.4	93.8	78.1
5.5523	5.235	98.8	94.1	78.5
5.5524	5.240	99.0	94.2	78.7
5.5525	5.245	98.9	94.0	78.5
5.5525	5.250	99.4	94.5	78.5
5.5526	5.255	99.8	94.8	78.8
5.5526	5.260	100.3	95.1	79.0
5.5526	5.265	100.4	95.2	79.2
5.5527	5.270	99.9	94.8	79.1
5.5527	5.275	99.9	94.9	78.9
5.5528	5.280	99.9	94.8	79.1
5.5529	5.285	100.3	95.5	79.5
5.5529	5.290	100.3	95.3	79.5
5.5530	5.295	100.0	95.0	79.1
5.5530	5.300	100.0	94.9	79.0
5.5530	5.305	100.3	95.1	79.4
5.5531	5.310	100.3	95.5	79.3
5.5531	5.315	100.7	95.7	79.4
5.5532	5.320	100.6	95.5	79.6
5.5533	5.325	100.6	95.5	79.5
5.5533	5.330	100.8	95.7	79.5
5.5534	5.335	100.9	95.9	79.7
5.5534	5.340	101.6	96.5	80.5
5.5534	5.345	101.9	97.1	80.9
5.5535	5.350	102.1	97.1	81.2
5.5536	5.355	101.7	96.7	80.8
5.5536	5.360	101.2	96.3	80.2
5.5537	5.365	101.3	96.2	80.2
5.5537	5.370	101.1	96.1	80.1
5.5537	5.375	101.2	96.3	80.1
5.5538	5.380	101.6	96.5	80.2
5.5538	5.385	102.3	97.2	81.1
5.5539	5.390	102.4	97.5	81.6
5.5540	5.395	102.2	97.5	81.4
5.5540	5.400	102.4	97.2	81.2
5.5541	5.405	102.2	97.1	81.1
5.5541	5.410	102.1	97.0	80.7
5.5541	5.415	102.1	97.0	80.8
5.5542	5.420	102.3	97.0	80.9
5.5542	5.425	102.3	97.1	80.9
5.5543	5.430	102.4	97.2	80.8
5.5544	5.435	102.1	96.8	80.6
5.5544	5.440	102.0	96.8	80.3
5.5545	5.445	101.9	96.6	80.3
5.5545	5.450	101.6	96.4	80.1
5.5545	5.455	102.0	96.8	80.3
5.5546	5.460	101.8	96.7	80.5
5.5546	5.465	101.7	96.5	80.5
5.5547	5.470	101.6	96.6	80.5
5.5548	5.475	101.5	96.5	80.4
5.5548	5.480	101.8	96.8	80.7
5.5549	5.485	101.8	97.0	80.8
5.5549	5.490	102.3	97.4	81.2
5.5549	5.495	102.9	97.8	81.4
5.5550	5.500	102.9	97.9	81.4
5.5550	5.505	102.9	97.7	81.2
5.5551	5.510	102.9	97.8	81.3
5.5552	5.515	103.1	98.0	81.7
5.5552	5.520	103.2	98.1	81.5
5.5553	5.525	103.3	98.1	81.7
5.5553	5.530	103.5	98.4	82.1
5.5553	5.535	103.5	98.3	82.4
5.5554	5.540	103.4	98.3	82.1
5.5555	5.545	102.9	97.8	81.8
5.5555	5.550	102.5	97.4	81.1
5.5556	5.555	102.6	97.6	81.2
5.5556	5.560	102.3	97.3	81.1
5.5556	5.565	102.4	97.3	81.3
5.5557	5.570	102.5	97.5	81.5
5.5557	5.575	102.1	97.2	81.6
5.5558	5.580	101.7	96.8	81.3
5.5559	5.585	101.2	96.5	80.9
5.5559	5.590	101.5	96.4	80.5
5.5560	5.595	101.7	96.7	80.6
5.5560	5.600	102.1	97.1	81.0
5.5560	5.605	102.2	97.1	81.0
5.5561	5.610	102.4	97.2	80.9
5.5561	5.615	102.5	97.4	81.1
5.5562	5.620	102.6	97.7	81.4
5.5563	5.625	102.6	97.5	81.1
5.5563	5.630	102.6	97.5	81.3
5.5564	5.635	103.0	98.1	81.3
5.5564	5.640	103.4	98.4	81.9
5.5564	5.645	103.2	98.2	81.9
5.5565	5.650	102.7	97.8	81.4
5.5565	5.655	102.9	97.9	81.5
5.5566	5.660	103.3	98.4	82.0
5.5567	5.665	103.0	98.0	81.9
5.5567	5.670	102.5	97.3	81.1
5.5568	5.675	102.7	97.6	81.0
5.5568	5.680	103.2	98.1	81.8
5.5568	5.685	103.2	98.2	81.8
5.5569	5.690	103.1	98.1	81.8
5.5569	5.695	102.9	97.6	81.5
5.5570	5.700	102.6	97.6	81.5
5.5571	5.705	102.3	97.4	81.4
5.5571	5.710	102.5	97.5	81.5
5.5572	5.715	102.8	97.9	81.4
5.5572	5.720	102.9	98.1	81.7
5.5572	5.725	102.2	97.2	81.2
5.5573	5.730	101.8	96.9	80.5
5.5573	5.735	101.6	96.9	80.4
5.5574	5.740	101.6	96.6	80.1
5.5575	5.745	101.8	97.0	80.4
5.5575	5.750	102.0	97.4	80.8
5.5575	5.755	102.4	97.6	81.4
5.5576	5.760	102.0	97.2	81.1
5.5576	5.765	101.5	96.8	80.8
5.5577	5.770	101.5	96.8	80.8
5.5578	5.775	101.8	97.2	81.3
5.5578	5.780	101.6	96.9	81.3
5.5579	5.785	100.9	96.4	80.9
5.5579	5.790	100.7	96.1	80.4
5.5579	5.795	101.0	96.3	80.3
5.5580	5.800	101.1	96.5	80.5
5.5580	5.805	101.0	96.3	80.7
5.5581	5.810	100.6	95.8	80.0
5.5582	5.815	100.5	95.7	80.0
5.5582	5.820	99.9	95.1	79.4
5.5583	5.825	100.0	95.0	79.0
5.5583	5.830	100.5	95.4	79.3
5.5583	5.835	100.9	95.9	79.7
5.5584	5.840	101.1	96.1	80.2
5.5584	5.845	100.7	95.7	80.1
5.5585	5.850	100.6	95.7	80.1
5.5586	5.855	101.1	96.3	80.7
5.5586	5.860	101.2	96.2	80.5
5.5587	5.865	101.8	96.9	80.9
5.5587	5.870	102.1	97.2	81.2
5.5587	5.875	102.7	97.9	81.5
5.5588	5.880	102.7	97.9	82.0
5.5588	5.885	102.7	97.8	81.7
5.5589	5.890	102.9	97.8	82.0
5.5590	5.895	102.8	97.8	81.8
5.5590	5.900	103.2	98.0	82.0
5.5591	5.905	103.3	98.2	82.0
5.5591	5.910	103.4	98.3	82.3
5.5591	5.915	103.2	98.1	82.0
5.5592	5.920	103.3	98.2	82.0
5.5592	5.925	103.8	98.8	82.4
5.5593	5.930	104.0	98.9	82.6
5.5594	5.935	104.0	98.9	82.9
5.5594	5.940	103.7	98.8	82.5
5.5595	5.945	103.9	98.9	82.5
5.5595	5.950	103.4	98.4	82.0
5.5595	5.955	103.4	98.4	81.8
5.5596	5.960	103.5	98.5	81.8
5.5597	5.965	104.1	99.0	82.4
5.5597	5.970	104.3	99.1	82.5
5.5598	5.975	104.5	99.4	82.9
5.5598	5.980	104.3	99.2	82.9
5.5598	5.985	104.0	99.0	82.5
5.5599	5.990	103.9	99.0	82.0
5.5599	5.995	103.7	98.7	82.2
5.5600	6.000	103.4	98.2	81.6
5.5601	6.005	103.5	98.6	81.8
5.5601	6.010	104.2	99.1	82.4
5.5602	6.015	104.4	99.1	82.7
5.5602	6.020	104.0	98.8	82.3
5.5602	6.025	103.6	98.5	82.0
5.5603	6.030	103.9	99.0	82.5
5.5603	6.035	104.2	99.2	82.5
5.5604	6.040	104.4	99.2	82.4
5.5605	6.045	104.4	99.5	82.8
5.5605	6.050	104.6	99.8	83.1
5.5606	6.055	104.5	99.4	82.9
5.5606	6.060	104.5	99.3	82.6
5.5606	6.065	104.8	99.7	82.9
5.5607	6.070	105.0	99.6	83.0
5.5607	6.075	104.6	99.2	82.6
5.5608	6.080	104.4	99.2	82.5
5.5609	6.085	104.4	99.3	82.3
5.5609	6.090	104.5	99.4	82.5
5.5610	6.095	104.3	99.0	82.4
5.5610	6.100	104.2	98.8	82.0
5.5610	6.105	104.6	99.0	82.2
5.5611	6.110	104.5	99.3	82.3
5.5611	6.115	104.5	99.3	82.2
5.5612	6.120	104.3	99.0	82.1
5.5613	6.125	104.3	99.1	82.2
5.5613	6.130	103.9	98.6	81.9
5.5614	6.135	103.6	98.4	82.0
5.5614	6.140	103.2	97.9	81.3
5.5614	6.145	103.6	98.6	81.8
5.5615	6.150	103.6	98.5	81.8
5.5616	6.155	103.4	98.3	81.6
5.5616	6.160	103.2	98.0	81.4
5.5617	6.165	103.4	98.2	81.3
5.5617	6.170	103.7	98.8	81.9
5.5617	6.175	103.8	98.5	82.1
5.5618	6.180	103.7	98.5	81.9
5.5618	6.185	104.0	98.7	81.8
5.5619	6.190	104.3	99.1	82.1
5.5620	6.195	104.7	99.5	82.6
5.5620	6.200	104.4	99.3	82.7
5.5621	6.205	104.0	99.0	82.2
5.5621	6.210	104.3	99.0	82.3
5.5621	6.215	104.6	99.4	82.6
5.5622	6.220	104.7	99.7	82.8
5.5622	6.225	104.7	99.5	83.0
5.5623	6.230	104.7	99.4	82.7
5.5624	6.235	103.7	98.5	82.1
5.5624	6.240	103.4	98.3	81.7
5.5625	6.245	102.9	97.5	81.4
5.5625	6.250	102.2	97.0	80.7
5.5625	6.255	101.5	96.5	80.3
5.5626	6.260	101.8	96.7	80.2
5.5626	6.265	102.3	97.1	80.6
5.5627	6.270	102.7	97.3	80.7
5.5628	6.275	103.1	97.8	81.1
5.5628	6.280	103.4	98.5	81.8
5.5629	6.285	103.5	98.3	81.5
5.5629	6.290	103.4	98.3	81.3
5.5629	6.295	103.6	98.4	81.6
5.5630	6.300	103.8	98.5	81.8
5.5630	6.305	103.5	98.3	81.4
5.5631	6.310	103.5	98.2	81.5
5.5632	6.315	103.3	98.3	81.5
5.5632	6.320	103.0	98.0	81.4
5.5633	6.325	102.7	97.6	81.5
5.5633	6.330	102.1	97.3	81.2
5.5633	6.335	102.0	97.3	80.9
5.5634	6.340	101.9	97.1	80.9
5.5634	6.345	102.2	97.5	81.1
5.5635	6.350	102.4	97.5	81.2
5.5636	6.355	102.6	97.7	81.3
5.5636	6.360	102.5	97.6	81.2
5.5636	6.365	102.4	97.4	81.1
5.5637	6.370	102.3	97.3	80.9
5.5637	6.375	102.2	97.3	80.9
5.5638	6.380	101.9	96.7	80.5
5.5639	6.385	102.1	97.1	80.4
5.5639	6.390	102.6	97.5	80.8
5.5640	6.395	103.0	97.8	81.3
5.5640	6.400	103.6	98.4	81.8
5.5640	6.405	104.0	98.6	82.2
5.5641	6.410	104.0	98.6	82.2
5.5641	6.415	104.1	98.8	82.4
5.5642	6.420	104.3	99.0	82.5
5.5643	6.425	104.7	99.4	82.9
5.5643	6.430	104.2	98.8	82.6
5.5644	6.435	104.1	98.8	82.3
5.5644	6.440	103.7	98.4	82.1
5.5644	6.445	103.4	98.1	81.8
5.5645	6.450	103.5	98.4	82.0
5.5645	6.455	103.8	98.5	82.3
5.5646	6.460	103.6	98.5	82.1
5.5647	6.465	103.9	98.6	82.1
5.5647	6.470	104.4	99.1	82.5
5.5648	6.475	104.4	99.2	82.8
5.5648	6.480	103.8	98.6	82.3
5.5648	6.485	103.3	98.0	81.8
5.5649	6.490	102.6	97.4	81.2
5.5649	6.495	102.3	97.1	80.9
5.5650	6.500	102.5	97.3	80.9
5.5651	6.505	103.0	97.9	81.5
5.5651	6.510	103.1	97.7	81.2
5.5652	6.515	103.3	98.1	81.2
5.5652	6.520	103.8	98.6	82.0
5.5652	6.525	104.1	99.1	82.5
5.5653	6.530	104.5	99.3	83.0
5.5653	6.535	104.3	99.2	83.0
5.5654	6.540	104.3	99.0	82.8
5.5655	6.545	104.3	99.2	82.9
5.5655	6.550	104.1	98.9	82.8
5.5655	6.555	104.2	99.2	82.8
5.5656	6.560	104.0	98.8	82.5
5.5656	6.565	104.1	98.8	82.5
5.5657	6.570	104.0	98.9	82.6
5.5658	6.575	103.5	98.2	82.1
5.5658	6.580	103.5	98.4	81.8
5.5659	6.585	103.4	98.0	81.6
5.5659	6.590	103.3	97.8	81.4
5.5659	6.595	102.8	97.5	81.1
5.5660	6.600	102.7	97.3	81.0
5.5660	6.605	102.4	97.2	80.7
5.5661	6.610	102.7	97.5	80.9
5.5662	6.615	102.8	97.5	81.0
5.5662	6.620	103.2	97.8	81.3
5.5663	6.625	103.4	98.1	81.7
5.5663	6.630	103.6	98.3	81.8
5.5663	6.635	103.6	98.3	81.9
5.5664	6.640	103.9	98.7	82.0
5.5664	6.645	104.2	99.1	82.5
5.5665	6.650	104.2	99.1	82.6
5.5666	6.655	104.2	99.0	82.6
5.5666	6.660	104.0	98.8	82.6
5.5667	6.665	103.8	98.6	82.2
5.5667	6.670	104.2	99.0	82.4
5.5667	6.675	104.7	99.7	83.3
5.5668	6.680	104.9	99.9	83.4
5.5668	6.685	104.6	99.5	83.3
5.5669	6.690	104.8	99.7	83.1
5.5670	6.695	105.2	100.0	83.5
5.5670	6.700	105.4	100.4	83.9
5.5671	6.705	105.5	100.6	84.1
5.5671	6.710	105.4	100.6	84.3
5.5671	6.715	105.5	100.5	84.3
5.5672	6.720	105.2	100.4	84.2
5.5672	6.725	104.7	99.8	83.7
5.5673	6.730	104.2	99.3	83.2
5.5674	6.735	104.4	99.6	83.1
5.5674	6.740	104.7	99.8	83.3
5.5675	6.745	105.2	100.3	84.0
5.5675	6.750	105.3	100.4	84.0
5.5675	6.755	105.2	100.3	83.9
5.5676	6.760	104.9	100.0	83.7
5.5677	6.765	104.8	99.8	83.5
5.5677	6.770	105.2	100.4	83.9
5.5678	6.775	104.7	99.7	83.4
5.5678	6.780	104.3	99.3	82.9
5.5678	6.785	104.2	99.2	82.9
5.5679	6.790	103.9	99.1	82.8
5.5679	6.795	104.0	99.1	82.7
5.5680	6.800	103.9	98.9	82.8
5.5681	6.805	103.6	98.8	82.5
5.5681	6.810	103.7	98.8	82.6
5.5682	6.815	103.7	98.8	82.6
5.5682	6.820	103.4	98.6	82.4
5.5682	6.825	102.8	97.9	81.7
5.5683	6.830	102.8	97.9	81.7
5.5683	6.835	102.8	98.0	81.9
5.5684	6.840	102.5	97.5	81.6
5.5685	6.845	102.3	97.3	81.4
5.5685	6.850	102.5	97.6	81.4
5.5686	6.855	102.6	97.8	81.6
5.5686	6.860	103.0	98.2	82.1
5.5686	6.865	102.7	97.7	82.0
5.5687	6.870	102.2	97.3	81.3
5.5687	6.875	102.4	97.5	81.4
5.5688	6.880	102.4	97.4	81.3
5.5689	6.885	102.5	97.6	81.5
5.5689	6.890	103.0	98.0	81.7
5.5690	6.895	102.4	97.5	81.6
5.5690	6.900	102.2	97.4	81.2
5.5690	6.905	102.3	97.4	81.3
5.5691	6.910	102.4	97.4	81.2
5.5691	6.915	102.3	97.3	81.5
5.5692	6.920	102.3	97.2	81.2
5.5693	6.925	102.5	97.3	81.1
5.5693	6.930	102.1	97.1	81.2
5.5694	6.935	102.1	97.1	81.0
5.5694	6.940	102.0	96.9	81.2
5.5694	6.945	101.6	96.4	80.5
5.5695	6.950	101.6	96.6	80.6
5.5695	6.955	101.2	96.2	80.3
5.5696	6.960	101.4	96.4	80.1
5.5697	6.965	101.6	96.6	80.4
5.5697	6.970	101.5	96.5	80.3
5.5697	6.975	102.1	97.2	80.8
5.5698	6.980	102.2	97.2	81.4
5.5698	6.985	102.5	97.4	81.3
5.5699	6.990	102.3	97.1	81.4
5.5700	6.995	102.1	96.9	80.8
5.5700	7.000	102.4	97.3	80.9
5.5701	7.005	103.0	98.0	81.6
5.5701	7.010	103.0	98.0	82.1
5.5701	7.015	103.1	98.2	82.0
5.5702	7.020	103.1	98.1	81.8
5.5702	7.025	103.8	98.7	82.2
5.5703	7.030	103.5	98.3	82.4
5.5704	7.035	103.2	98.2	82.0
5.5704	7.040	103.5	98.3	82.0
5.5705	7.045	103.7	98.6	82.1
5.5705	7.050	103.7	98.5	82.2
5.5705	7.055	104.2	99.3	82.6
5.5706	7.060	103.4	98.2	82.2
5.5706	7.065	102.3	97.3	81.1
5.5707	7.070	102.4	97.3	80.7
5.5708	7.075	102.7	97.7	81.2
5.5708	7.080	102.7	97.8	81.3
5.5709	7.085	103.0	98.0	81.6
5.5709	7.090	102.8	97.8	81.4
5.5709	7.095	103.2	98.2	81.6
5.5710	7.100	103.2	98.2	82.0
5.5710	7.105	103.0	98.0	81.6
5.5711	7.110	103.1	98.1	81.5
5.5712	7.115	102.6	97.7	81.5
5.5712	7.120	102.5	97.5	81.1
5.5713	7.125	102.7	97.8	81.1
5.5713	7.130	103.1	98.1	81.6
5.5713	7.135	102.7	97.8	81.6
5.5714	7.140	102.4	97.5	81.0
5.5714	7.145	102.8	97.8	81.3
5.5715	7.150	102.9	98.0	81.5
5.5716	7.155	103.2	98.2	81.6
5.5716	7.160	103.6	98.6	82.0
5.5716	7.165	103.9	98.9	82.3
5.5717	7.170	104.4	99.5	82.9
5.5717	7.175	104.7	99.7	83.0
5.5718	7.180	105.3	100.2	83.3
5.5719	7.185	105.2	100.1	83.7
5.5719	7.190	104.8	99.8	83.1
5.5720	7.195	104.5	99.6	83.1
5.5720	7.200	104.9	99.9	83.2
5.5720	7.205	104.8	99.7	83.4
5.5721	7.210	104.0	98.9	82.7
5.5721	7.215	104.0	98.9	82.4
5.5722	7.220	104.0	98.9	82.5
5.5723	7.225	103.7	98.6	82.2
5.5723	7.230	103.3	98.1	81.7
5.5724	7.235	103.7	98.3	81.6
5.5724	7.240	103.6	98.3	81.6
5.5724	7.245	103.6	98.3	81.5
5.5725	7.250	103.9	98.7	81.8
5.5725	7.255	104.2	98.9	82.1
5.5726	7.260	104.3	99.0	81.8
5.5727	7.265	104.7	99.3	82.3
5.5727	7.270	105.0	99.8	82.7
5.5728	7.275	105.5	100.4	83.3
5.5728	7.280	105.8	100.8	83.7
5.5728	7.285	105.5	100.1	83.5
5.5729	7.290	105.0	99.5	82.7
5.5729	7.295	104.7	99.4	82.5
5.5730	7.300	104.2	98.8	81.9
5.5731	7.305	104.1	98.7	82.0
5.5731	7.310	103.7	98.6	81.7
5.5732	7.315	102.9	97.9	81.2
5.5732	7.320	102.4	97.2	80.8
5.5732	7.325	102.1	97.0	80.6
5.5733	7.330	101.8	96.6	80.0
5.5733	7.335	101.7	96.4	79.8
5.5734	7.340	101.9	96.6	79.9
5.5735	7.345	101.8	96.5	79.8
5.5735	7.350	101.3	96.1	79.7
5.5736	7.355	100.7	95.6	79.2
5.5736	7.360	100.2	95.1	78.8
5.5736	7.365	99.4	94.3	78.4
5.5737	7.370	99.2	94.1	77.8
5.5738	7.375	98.9	93.7	77.8
5.5738	7.380	98.6	93.4	77.2
5.5739	7.385	99.3	94.1	77.6
5.5739	7.390	100.2	95.0	78.2
5.5739	7.395	100.9	95.8	78.9
5.5740	7.400	101.4	96.4	79.2
5.5740	7.405	101.7	96.4	79.6
5.5741	7.410	101.6	96.4	79.7
5.5742	7.415	101.9	96.6	80.0
5.5742	7.420	101.8	96.6	80.1
5.5743	7.425	102.1	96.7	79.8
5.5743	7.430	102.3	97.1	80.1
5.5743	7.435	102.3	97.0	80.0
5.5744	7.440	102.4	97.1	80.1
5.5744	7.445	102.4	97.1	80.2
5.5745	7.450	101.9	96.6	79.9
5.5746	7.455	101.3	96.1	79.2
5.5746	7.460	101.2	95.8	78.9
5.5747	7.465	101.3	96.0	78.9
5.5747	7.470	101.3	95.9	79.1
5.5747	7.475	101.3	96.0	79.0
5.5748	7.480	101.2	96.0	79.2
5.5748	7.485	101.4	96.3	79.4
5.5749	7.490	101.5	96.3	79.6
5.5750	7.495	101.2	95.9	79.2
5.5750	7.500	101.5	96.2	79.4
5.5751	7.505	101.1	95.8	79.3
5.5751	7.510	100.4	95.2	78.8
5.5751	7.515	98.9	93.6	77.7
5.5752	7.520	98.1	92.8	77.0
5.5752	7.525	97.0	91.8	76.4
5.5753	7.530	95.9	90.7	74.7
5.5754	7.535	97.1	92.1	75.5
5.5754	7.540	97.7	92.5	76.3
5.5755	7.545	99.1	93.9	76.7
5.5755	7.550	100.4	95.2	78.2
5.5755	7.555	100.7	95.4	78.7
5.5756	7.560	101.1	95.8	79.0
5.5757	7.565	101.2	95.8	79.0
5.5757	7.570	101.3	95.9	78.8
5.5758	7.575	101.6	96.1	79.0
5.5758	7.580	102.4	96.8	79.5
5.5758	7.585	102.4	96.9	79.7
5.5759	7.590	102.0	96.4	79.5
5.5759	7.595	101.4	95.8	78.7
5.5760	7.600	101.0	95.5	78.2
5.5761	7.605	101.1	95.7	78.5
5.5761	7.610	100.8	95.3	78.3
5.5762	7.615	100.6	95.3	78.5
5.5762	7.620	100.3	95.0	78.3
5.5762	7.625	100.6	95.2	78.3
5.5763	7.630	100.8	95.4	78.5
5.5763	7.635	100.8	95.3	78.5
5.5764	7.640	100.8	95.2	78.3
5.5765	7.645	100.6	95.1	78.2
5.5765	7.650	100.2	94.6	77.9
5.5766	7.655	100.1	94.7	77.7
5.5766	7.660	100.5	95.2	78.2
5.5766	7.665	100.6	95.3	78.6
5.5767	7.670	100.6	95.1	78.5
5.5767	7.675	100.4	95.0	78.3
5.5768	7.680	100.8	95.4	78.6
5.5769	7.685	101.4	96.3	79.3
5.5769	7.690	101.6	96.3	80.0
5.5770	7.695	101.6	96.4	79.8
5.5770	7.700	102.1	96.9	80.0
5.5770	7.705	102.4	97.1	80.5
5.5771	7.710	102.3	96.8	80.7
5.5771	7.715	101.9	96.5	80.2
5.5772	7.720	101.7	96.5	80.0
5.5773	7.725	102.2	97.0	80.0
5.5773	7.730	103.3	97.9	80.9
5.5774	7.735	103.9	98.4	81.5
5.5774	7.740	104.2	98.9	81.9
5.5774	7.745	104.4	98.9	82.1
5.5775	7.750	104.0	98.7	81.8
5.5775	7.755	104.3	98.9	81.7
5.5776	7.760	104.6	98.9	82.0
5.5777	7.765	104.6	99.0	82.2
5.5777	7.770	104.7	99.1	82.2
5.5777	7.775	104.8	99.4	82.4
5.5778	7.780	104.9	99.2	82.4
5.5778	7.785	105.2	99.7	82.6
5.5779	7.790	105.8	100.1	83.4
5.5780	7.795	106.4	100.8	83.9
5.5780	7.800	106.8	101.1	84.2
5.5781	7.805	106.8	101.0	84.1
5.5781	7.810	106.5	100.9	83.7
5.5781	7.815	106.8	101.1	84.1
5.5782	7.820	106.3	100.5	83.7
5.5782	7.825	106.2	100.8	83.7
5.5783	7.830	106.3	100.5	83.5
5.5784	7.835	106.1	100.2	83.5
5.5784	7.840	105.5	99.8	83.3
5.5785	7.845	105.8	100.3	83.2
5.5785	7.850	105.9	100.2	83.4
5.5785	7.855	105.8	100.2	83.2
5.5786	7.860	106.3	100.6	83.5
5.5786	7.865	107.0	101.4	84.0
5.5787	7.870	106.8	101.1	84.3
5.5788	7.875	106.5	100.8	84.2
5.5788	7.880	106.0	100.5	83.9
5.5789	7.885	105.7	100.2	83.8
5.5789	7.890	105.6	100.1	83.7
5.5789	7.895	105.6	100.5	83.9
5.5790	7.900	105.5	100.3	84.0
5.5790	7.905	105.8	100.5	84.2
5.5791	7.910	106.2	100.8	84.2
5.5792	7.915	106.8	101.5	84.9
5.5792	7.920	106.7	101.2	84.7
5.5793	7.925	106.6	101.1	84.4
5.5793	7.930	106.6	101.2	84.6
5.5793	7.935	106.0	100.6	84.0
5.5794	7.940	105.8	100.5	83.6
5.5794	7.945	106.0	100.7	83.8
5.5795	7.950	106.0	100.6	83.9
5.5796	7.955	106.1	100.8	83.8
5.5796	7.960	106.2	100.9	84.1
5.5796	7.965	106.4	100.9	84.0
5.5797	7.970	106.2	100.7	83.8
5.5797	7.975	106.2	100.6	83.9
5.5798	7.980	106.6	101.1	84.4
5.5799	7.985	106.4	100.9	84.5
5.5799	7.990	106.3	101.0	84.3
5.5800	7.995	106.0	100.7	84.1
5.5800	8.000	106.2	100.9	84.1
5.5800	8.005	106.0	100.5	84.3
5.5801	8.010	105.6	100.2	83.8
5.5801	8.015	105.3	100.0	83.7
5.5802	8.020	105.2	99.9	83.5
5.5803	8.025	105.3	100.0	83.4
5.5803	8.030	105.9	100.7	84.1
5.5804	8.035	105.8	100.6	84.3
5.5804	8.040	105.3	100.1	83.9
5.5804	8.045	105.2	100.0	83.8
5.5805	8.050	105.6	100.4	83.9
5.5805	8.055	105.9	100.7	84.3
5.5806	8.060	105.5	100.4	84.1
5.5807	8.065	105.7	100.5	84.3
5.5807	8.070	105.6	100.5	84.3
5.5808	8.075	106.0	101.0	84.5
5.5808	8.080	106.0	101.1	84.8
5.5808	8.085	105.9	101.0	84.8
5.5809	8.090	105.6	100.7	84.4
5.5809	8.095	105.5	100.6	84.3
5.5810	8.100	105.7	100.8	84.6
5.5811	8.105	105.5	100.6	84.6
5.5811	8.110	105.4	100.3	84.3
5.5812	8.115	105.2	100.1	84.1
5.5812	8.120	105.7	100.8	84.3
5.5812	8.125	106.5	101.5	85.5
5.5813	8.130	106.5	101.6	85.8
5.5813	8.135	106.2	101.3	85.7
5.5814	8.140	105.6	100.7	85.0
5.5815	8.145	106.1	101.2	85.2
5.5815	8.150	106.7	101.9	85.6
5.5816	8.155	107.5	102.8	86.5
5.5816	8.160	107.4	102.5	86.7
5.5816	8.165	107.0	102.3	86.3
5.5817	8.170	107.1	102.2	86.3
5.5818	8.175	107.0	102.2	86.0
5.5818	8.180	107.1	102.3	86.4
5.5819	8.185	107.2	102.5	86.6
5.5819	8.190	107.1	102.0	86.4
5.5819	8.195	106.7	101.6	86.0
5.5820	8.200	106.7	101.9	85.9
5.5820	8.205	106.8	101.9	86.1
5.5821	8.210	107.0	102.0	86.2
5.5822	8.215	106.7	101.9	86.2
5.5822	8.220	106.3	101.3	85.6
5.5823	8.225	105.6	100.7	85.0
5.5823	8.230	105.2	100.5	84.6
5.5823	8.235	105.7	100.9	84.7
5.5824	8.240	105.5	100.8	84.9
5.5824	8.245	105.7	101.0	84.7
5.5825	8.250	106.2	101.3	85.4
5.5826	8.255	106.7	102.0	85.7
5.5826	8.260	106.9	102.0	85.9
5.5827	8.265	106.6	101.9	86.0
5.5827	8.270	106.7	101.9	85.8
5.5827	8.275	107.0	102.0	86.0
5.5828	8.280	107.0	101.9	85.8
5.5828	8.285	106.5	101.5	85.6
5.5829	8.290	105.9	100.9	85.0
5.5830	8.295	105.6	100.8	85.0
5.5830	8.300	105.3	100.5	84.7
5.5831	8.305	104.6	99.7	84.0
5.5831	8.310	104.5	99.6	83.6
5.5831	8.315	104.5	99.6	83.8
5.5832	8.320	104.7	100.0	84.0
5.5832	8.325	105.1	100.3	84.3
5.5833	8.330	104.9	100.2	84.5
5.5834	8.335	104.3	99.5	84.0
5.5834	8.340	104.1	99.2	83.6
5.5835	8.345	104.1	99.4	83.5
5.5835	8.350	103.9	99.1	83.5
5.5835	8.355	103.6	98.7	83.2
5.5836	8.360	104.1	99.4	83.5
5.5837	8.365	104.5	99.6	83.9
5.5837	8.370	105.1	100.3	84.3
5.5838	8.375	105.6	101.0	85.1
5.5838	8.380	105.5	100.6	85.2
5.5838	8.385	105.7	100.9	85.0
5.5839	8.390	105.7	100.8	85.3
5.5839	8.395	105.6	100.8	85.3
5.5840	8.400	105.7	101.0	85.5
5.5841	8.405	105.4	100.8	85.5
5.5841	8.410	104.9	100.4	85.1
5.5842	8.415	104.6	100.2	84.9
5.5842	8.420	104.5	100.0	84.6
5.5842	8.425	104.7	100.3	84.8
5.5843	8.430	104.5	99.7	84.7
5.5843	8.435	104.2	99.7	84.5
5.5844	8.440	104.2	99.9	84.5
5.5845	8.445	104.3	99.8	84.5
5.5845	8.450	104.1	99.6	84.5
5.5846	8.455	104.1	99.8	84.7
5.5846	8.460	104.2	99.8	84.6
5.5846	8.465	103.8	99.5	84.5
5.5847	8.470	103.9	99.5	84.5
5.5847	8.475	103.8	99.5	84.5
5.5848	8.480	103.8	99.7	84.7
5.5849	8.485	104.2	99.9	84.6
5.5849	8.490	104.0	99.5	84.4
5.5850	8.495	104.5	100.1	84.6
5.5850	8.500	104.6	100.1	84.6
5.5850	8.505	104.9	100.6	84.8
5.5851	8.510	105.5	100.9	85.3
5.5851	8.515	105.9	101.5	85.8
5.5852	8.520	106.2	101.7	86.3
5.5853	8.525	106.1	101.6	86.3
5.5853	8.530	105.5	100.8	85.6
5.5854	8.535	104.8	100.2	85.1
5.5854	8.540	104.2	99.8	84.6
5.5854	8.545	104.1	99.6	84.3
5.5855	8.550	103.8	99.2	84.3
5.5855	8.555	103.9	99.6	84.2
5.5856	8.560	104.1	99.4	84.3
5.5857	8.565	103.6	99.2	83.9
5.5857	8.570	104.3	99.9	84.2
5.5857	8.575	104.8	100.3	85.1
5.5858	8.580	104.5	99.9	84.8
5.5858	8.585	104.7	100.4	84.8
5.5859	8.590	105.2	101.1	85.7
5.5860	8.595	105.6	101.4	86.1
5.5860	8.600	105.3	101.2	86.1
5.5861	8.605	104.8	100.3	85.1
5.5861	8.610	104.3	100.0	84.6
5.5861	8.615	104.7	100.2	84.7
5.5862	8.620	104.7	100.4	84.8
5.5862	8.625	104.5	100.0	84.7
5.5863	8.630	104.2	99.7	84.1
5.5864	8.635	103.8	99.3	83.8
5.5864	8.640	103.3	98.6	83.3
5.5865	8.645	103.3	98.7	83.1
5.5865	8.650	102.7	97.9	82.4
5.5865	8.655	101.9	96.9	81.7
5.5866	8.660	100.8	95.8	80.8
5.5866	8.665	100.1	95.2	79.6
5.5867	8.670	99.6	94.9	79.5
5.5868	8.675	98.7	93.9	78.9
5.5868	8.680	97.7	92.8	77.9
5.5869	8.685	97.5	92.7	77.2
5.5869	8.690	98.9	94.3	78.2
5.5869	8.695	100.3	95.7	80.0
5.5870	8.700	100.0	95.1	79.6
5.5870	8.705	99.5	94.5	79.0
5.5871	8.710	99.5	94.6	78.7
5.5872	8.715	99.8	95.0	79.3
5.5872	8.720	99.6	95.0	79.4
5.5873	8.725	99.2	94.4	79.2
5.5873	8.730	97.7	93.3	78.5
5.5873	8.735	96.4	91.9	78.0
5.5874	8.740	95.8	91.5	77.4
5.5874	8.745	95.8	91.5	77.5
5.5875	8.750	95.8	91.5	77.4
5.5876	8.755	96.0	92.0	77.7
5.5876	8.760	97.1	92.9	78.2
5.5877	8.765	97.8	93.5	78.7
5.5877	8.770	98.9	94.3	79.3
5.5877	8.775	99.6	94.9	79.8
5.5878	8.780	100.2	95.5	80.1
5.5879	8.785	100.4	95.8	80.7
5.5879	8.790	99.5	94.7	79.9
5.5880	8.795	98.0	93.3	78.7
5.5880	8.800	96.9	92.2	77.8
5.5880	8.805	96.1	91.4	77.0
5.5881	8.810	95.8	91.2	76.6
5.5881	8.815	95.5	91.0	76.3
5.5882	8.820	95.6	91.0	76.1
5.5883	8.825	96.0	91.3	76.2
5.5883	8.830	96.5	91.5	76.2
5.5884	8.835	97.1	92.2	76.5
5.5884	8.840	97.1	92.2	77.3
5.5884	8.845	94.6	89.8	76.1
5.5885	8.850	91.4	86.8	73.2
5.5885	8.855	91.3	86.7	72.7
5.5886	8.860	91.3	86.7	72.5
5.5887	8.865	91.5	86.9	72.5
5.5887	8.870	91.8	87.5	72.8
5.5888	8.875	92.8	88.7	74.2
5.5888	8.880	94.4	90.3	75.7
5.5888	8.885	95.4	91.3	77.1
5.5889	8.890	94.8	90.7	76.7
5.5889	8.895	94.0	90.1	76.8
5.5890	8.900	93.8	90.1	76.9
5.5891	8.905	94.2	90.7	77.5
5.5891	8.910	95.7	92.3	78.8
5.5892	8.915	97.3	93.7	80.4
5.5892	8.920	99.6	96.0	81.7
5.5892	8.925	104.7	100.8	85.0
5.5893	8.930	108.0	103.9	88.7
5.5893	8.935	108.7	104.6	89.6
5.5894	8.940	109.4	104.9	90.0
5.5895	8.945	109.5	105.2	90.5
5.5895	8.950	108.9	104.6	90.1
5.5896	8.955	109.2	104.9	90.0
5.5896	8.960	110.2	105.9	91.0
5.5896	8.965	110.7	106.3	91.8
5.5897	8.970	111.5	107.2	92.1
5.5898	8.975	112.1	107.8	92.9
5.5898	8.980	111.8	107.3	92.8
5.5899	8.985	111.6	107.1	92.2
5.5899	8.990	112.0	107.5	92.4
5.5899	8.995	112.3	107.8	92.7
5.5900	9.000	112.1	107.7	92.7
5.5900	9.005	111.6	107.0	92.4
5.5901	9.010	110.9	106.3	91.7
5.5902	9.015	110.8	106.4	91.3
5.5902	9.020	110.6	106.2	91.0
5.5903	9.025	110.6	106.0	91.0
5.5903	9.030	110.2	105.5	90.6
5.5903	9.035	110.1	105.6	90.3
5.5904	9.040	110.3	105.8	90.5
5.5904	9.045	110.1	105.6	90.8
5.5905	9.050	109.7	105.3	90.2
5.5906	9.055	109.1	104.6	89.7
5.5906	9.060	109.0	104.5	89.3
5.5907	9.065	109.1	104.7	89.6
5.5907	9.070	109.2	105.0	89.6
5.5907	9.075	109.0	104.7	89.8
5.5908	9.080	108.7	104.4	89.2
5.5908	9.085	108.1	103.6	88.4
5.5909	9.090	108.4	103.8	88.1
5.5910	9.095	108.4	103.9	88.6
5.5910	9.100	108.7	104.2	88.9
5.5911	9.105	108.0	103.4	88.6
5.5911	9.110	107.7	103.2	88.0
5.5911	9.115	107.3	102.5	87.7
5.5912	9.120	106.9	102.1	87.0
5.5912	9.125	106.4	101.6	86.7
5.5913	9.130	106.4	101.7	86.1
5.5914	9.135	107.0	102.3	86.5
5.5914	9.140	106.8	102.0	86.5
5.5915	9.145	106.3	101.4	85.8
5.5915	9.150	106.6	101.9	85.7
5.5915	9.155	106.7	102.2	86.4
5.5916	9.160	107.3	102.7	86.7
5.5916	9.165	108.0	103.4	87.8
5.5917	9.170	108.0	103.5	88.1
5.5918	9.175	107.8	103.2	87.7
5.5918	9.180	108.2	103.7	88.1
5.5918	9.185	108.5	104.1	88.5
5.5919	9.190	109.0	104.4	88.8
5.5919	9.195	109.8	105.2	89.7
5.5920	9.200	109.8	105.4	89.9
5.5921	9.205	109.5	105.1	89.8
5.5921	9.210	109.5	104.9	89.7
5.5922	9.215	109.7	104.9	89.6
5.5922	9.220	108.7	103.9	88.9
5.5922	9.225	108.5	103.8	88.5
5.5923	9.230	108.4	103.8	88.4
5.5923	9.235	108.6	103.8	88.4
5.5924	9.240	108.4	103.6	88.2
5.5925	9.245	108.6	103.8	87.9
5.5925	9.250	108.4	103.4	88.0
5.5926	9.255	107.7	102.8	86.8
5.5926	9.260	108.2	103.3	87.3
5.5926	9.265	108.4	103.5	87.5
5.5927	9.270	108.3	103.4	87.5
5.5927	9.275	107.9	103.0	87.1
5.5928	9.280	107.8	103.0	87.2
5.5929	9.285	107.7	102.7	87.0
5.5929	9.290	107.4	102.7	86.9
5.5930	9.295	107.3	102.5	86.8
5.5930	9.300	107.5	102.9	87.0
5.5930	9.305	108.1	103.3	87.3
5.5931	9.310	108.3	103.5	87.5
5.5931	9.315	108.7	103.9	87.9
5.5932	9.320	108.4	103.5	87.9
5.5933	9.325	107.8	103.2	87.4
5.5933	9.330	107.7	102.9	87.2
5.5934	9.335	107.5	102.8	86.8
5.5934	9.340	107.9	103.2	87.2
5.5934	9.345	108.3	103.8	87.8
5.5935	9.350	108.4	103.8	87.9
5.5935	9.355	108.9	104.3	88.2
5.5936	9.360	109.5	104.7	88.9
5.5937	9.365	109.7	104.9	89.3
5.5937	9.370	109.6	104.6	89.3
5.5937	9.375	109.2	104.2	89.1
5.5938	9.380	109.5	104.5	88.9
5.5938	9.385	109.9	105.0	89.3
5.5939	9.390	110.0	105.1	89.8
5.5940	9.395	109.5	104.8	89.4
5.5940	9.400	109.4	104.6	89.2
5.5941	9.405	109.7	105.1	89.4
5.5941	9.410	110.1	105.3	90.1
5.5941	9.415	109.5	104.7	89.8
5.5942	9.420	109.3	104.9	89.6
5.5942	9.425	109.5	104.9	89.6
5.5943	9.430	109.6	104.8	89.7
5.5944	9.435	109.0	104.2	89.3
5.5944	9.440	108.6	103.8	88.7
5.5945	9.445	108.1	102.9	88.0
5.5945	9.450	107.8	102.9	87.5
5.5945	9.455	108.1	103.2	87.7
5.5946	9.460	108.4	103.6	88.0
5.5946	9.465	108.8	103.9	88.5
5.5947	9.470	109.1	104.4	88.9
5.5948	9.475	109.7	104.5	89.3
5.5948	9.480	109.3	104.3	89.2
5.5949	9.485	108.8	103.6	88.6
5.5949	9.490	108.2	103.1	87.7
5.5949	9.495	108.2	103.0	87.8
5.5950	9.500	107.8	102.7	87.3
5.5950	9.505	108.0	103.1	87.4
5.5951	9.510	108.0	102.8	87.5
5.5952	9.515	108.1	103.1	87.7
5.5952	9.520	108.5	103.4	88.2
5.5953	9.525	108.6	103.7	88.5
5.5953	9.530	109.1	104.1	89.1
5.5953	9.535	109.2	104.3	89.4
5.5954	9.540	108.9	104.0	89.2
5.5954	9.545	109.0	104.1	89.2
5.5955	9.550	109.5	104.5	89.4
5.5956	9.555	109.3	104.4	89.6
5.5956	9.560	109.3	104.4	89.4
5.5957	9.565	110.0	105.4	90.4
5.5957	9.570	110.3	105.6	90.9
5.5957	9.575	110.6	105.8	91.1
5.5958	9.580	110.5	105.6	91.2
5.5959	9.585	110.6	105.7	91.0
5.5959	9.590	110.9	106.0	91.3
5.5960	9.595	110.8	106.0	91.3
5.5960	9.600	110.9	106.1	91.4
5.5960	9.605	110.1	105.2	90.4
5.5961	9.610	109.6	104.8	89.8
5.5961	9.615	109.7	104.7	89.4
5.5962	9.620	110.0	105.2	89.8
5.5963	9.625	110.1	105.3	90.1
5.5963	9.630	110.3	105.3	90.3
5.5964	9.635	109.9	104.9	89.9
5.5964	9.640	110.0	105.1	89.8
5.5964	9.645	110.5	105.5	90.1
5.5965	9.650	110.7	105.7	90.4
5.5965	9.655	110.5	105.5	90.3
5.5966	9.660	110.3	105.4	90.2
5.5967	9.665	110.1	105.1	89.8
5.5967	9.670	109.9	105.0	89.6
5.5968	9.675	109.4	104.4	89.3
5.5968	9.680	108.8	103.9	88.5
5.5968	9.685	108.1	103.2	87.9
5.5969	9.690	108.0	103.0	87.5
5.5969	9.695	108.2	103.1	87.7
5.5970	9.700	108.0	103.0	87.5
5.5971	9.705	108.0	103.0	87.3
5.5971	9.710	108.0	103.0	87.3
5.5972	9.715	108.9	103.8	87.7
5.5972	9.720	109.3	104.0	88.4
5.5972	9.725	108.7	103.5	87.8
5.5973	9.730	108.1	102.6	86.8
5.5973	9.735	108.2	102.9	86.7
5.5974	9.740	108.2	102.9	86.8
5.5975	9.745	107.7	102.4	86.5
5.5975	9.750	107.1	101.6	85.7
5.5976	9.755	107.1	101.7	85.7
5.5976	9.760	107.1	101.9	85.7
5.5976	9.765	107.1	101.7	85.7
5.5977	9.770	107.2	101.9	85.6
5.5977	9.775	107.2	102.0	85.9
5.5978	9.780	107.6	102.3	86.4
5.5979	9.785	107.5	102.0	86.1
5.5979	9.790	107.7	102.3	86.1
5.5979	9.795	108.0	102.8	86.6
5.5980	9.800	108.5	103.2	86.9
5.5980	9.805	108.6	103.4	87.6
5.5981	9.810	108.7	103.5	87.7
5.5982	9.815	108.9	103.7	88.0
5.5982	9.820	108.9	103.7	87.9
5.5983	9.825	108.9	103.7	87.6
5.5983	9.830	108.6	103.2	87.4
5.5983	9.835	108.5	103.5	87.3
5.5984	9.840	108.6	103.5	87.5
5.5984	9.845	107.9	102.8	87.0
5.5985	9.850	108.1	103.0	87.2
5.5986	9.855	107.9	102.8	86.9
5.5986	9.860	107.8	102.9	86.9
5.5987	9.865	107.9	103.0	86.7
5.5987	9.870	108.4	103.2	87.0
5.5987	9.875	108.3	103.2	87.1
5.5988	9.880	108.1	102.9	87.1
5.5988	9.885	108.0	102.8	86.8
5.5989	9.890	108.4	103.0	87.1
5.5990	9.895	108.5	103.3	87.1
5.5990	9.900	108.9	103.8	87.6
5.5991	9.905	109.0	104.0	87.9
5.5991	9.910	109.0	103.9	87.9
5.5991	9.915	109.0	103.8	87.7
5.5992	9.920	108.9	103.7	87.7
5.5992	9.925	108.8	103.5	87.6
5.5993	9.930	108.6	103.2	87.3
5.5994	9.935	108.5	103.1	86.9
5.5994	9.940	108.2	102.8	86.9
5.5995	9.945	108.3	103.0	86.9
5.5995	9.950	108.6	103.2	87.1
5.5995	9.955	108.3	102.9	87.1
5.5996	9.960	108.2	103.0	86.9
5.5996	9.965	108.1	102.7	86.8
5.5997	9.970	107.4	102.0	86.2
5.5998	9.975	106.9	101.6	85.6
5.5998	9.980	106.6	101.2	85.4
5.5998	9.985	106.4	101.1	85.1
5.5999	9.990	106.4	100.9	84.7
5.5999	9.995	106.5	101.1	84.7
5.6000	10.000	106.4	101.2	85.1
5.6001	10.005	106.1	100.7	84.8
5.6001	10.010	106.0	100.6	84.5
5.6002	10.015	106.0	100.6	84.5
5.6002	10.020	105.9	100.6	84.4
5.6002	10.025	106.2	100.9	84.5
5.6003	10.030	106.2	100.8	84.8
5.6003	10.035	105.4	100.0	84.1
5.6004	10.040	104.8	99.5	83.5
5.6005	10.045	105.3	100.1	83.7
5.6005	10.050	105.6	100.5	84.1
5.6006	10.055	105.7	100.4	84.3
5.6006	10.060	106.0	100.6	84.6
5.6006	10.065	106.3	100.9	84.6
5.6007	10.070	106.3	101.0	84.6
5.6007	10.075	106.9	101.5	85.0
5.6008	10.080	107.3	102.0	85.6
5.6009	10.085	107.5	102.3	86.1
5.6009	10.090	106.6	101.3	85.6
5.6010	10.095	106.8	101.3	85.1
5.6010	10.100	107.1	101.6	85.4
5.6010	10.105	107.0	101.6	85.5
5.6011	10.110	107.3	101.9	85.6
5.6011	10.115	107.8	102.5	86.1
5.6012	10.120	107.9	102.5	86.4
5.6013	10.125	107.8	102.5	86.2
5.6013	10.130	107.6	102.4	86.0
5.6014	10.135	107.0	101.8	85.7
5.6014	10.140	106.7	101.4	85.5
5.6014	10.145	106.6	101.3	85.2
5.6015	10.150	107.1	101.7	85.3
5.6015	10.155	107.4	102.0	86.0
5.6016	10.160	106.8	101.6	85.8
5.6017	10.165	106.2	100.9	85.0
5.6017	10.170	106.5	101.2	85.2
5.6018	10.175	106.7	101.4	85.4
5.6018	10.180	107.2	102.1	85.8
5.6018	10.185	107.2	102.0	86.0
5.6019	10.190	106.7	101.6	85.6
5.6020	10.195	106.3	101.0	85.0
5.6020	10.200	106.1	101.0	84.8
5.6021	10.205	106.3	101.1	84.8
5.6021	10.210	106.8	101.7	85.3
5.6021	10.215	106.3	101.4	85.4
5.6022	10.220	106.2	101.1	84.9
5.6022	10.225	106.8	101.5	85.3
5.6023	10.230	107.3	102.1	85.8
5.6024	10.235	107.6	102.5	86.0
5.6024	10.240	107.8	102.7	86.4
5.6025	10.245	108.1	102.8	86.6
5.6025	10.250	108.5	103.5	87.2
5.6025	10.255	108.2	103.1	87.2
5.6026	10.260	107.9	102.9	86.8
5.6026	10.265	107.7	102.5	86.5
5.6027	10.270	107.5	102.4	86.2
5.6028	10.275	107.2	102.1	86.0
5.6028	10.280	106.8	101.7	85.7
5.6029	10.285	107.9	102.9	86.3
5.6029	10.290	108.0	102.8	86.8
5.6029	10.295	107.9	102.5	86.6
5.6030	10.300	108.0	102.7	86.5
5.6030	10.305	108.0	102.8	86.4
5.6031	10.310	107.9	102.9	86.5
5.6032	10.315	107.9	102.6	86.4
5.6032	10.320	108.0	102.6	86.4
5.6033	10.325	108.4	103.2	86.5
5.6033	10.330	108.2	103.1	86.4
5.6033	10.335	108.6	103.5	86.7
5.6034	10.340	108.1	102.8	86.3
5.6034	10.345	107.7	102.3	85.6
5.6035	10.350	108.1	102.7	85.9
5.6036	10.355	108.1	102.7	86.2
5.6036	10.360	108.3	102.9	86.2
5.6037	10.365	108.2	102.8	86.3
5.6037	10.370	108.1	102.7	85.9
5.6037	10.375	108.0	102.5	86.1
5.6038	10.380	107.7	102.2	85.8
5.6038	10.385	107.8	102.3	85.7
5.6039	10.390	107.7	102.2	85.8
5.6040	10.395	107.1	101.8	85.6
5.6040	10.400	106.5	101.2	84.9
5.6040	10.405	106.2	100.8	84.9
5.6041	10.410	105.8	100.5	84.3
5.6041	10.415	105.9	100.5	84.1
5.6042	10.420	105.5	100.1	84.0
5.6043	10.425	105.7	100.3	83.8
5.6043	10.430	105.8	100.3	84.1
5.6044	10.435	105.9	100.6	83.9
5.6044	10.440	106.0	100.7	84.2
5.6044	10.445	106.6	101.2	84.3
5.6045	10.450	106.9	101.6	84.9
5.6045	10.455	107.3	101.9	85.2
5.6046	10.460	107.3	102.0	85.1
5.6047	10.465	107.5	101.9	85.2
5.6047	10.470	107.4	101.9	84.9
5.6048	10.475	107.4	101.9	85.0
5.6048	10.480	107.6	102.0	85.1
5.6048	10.485	107.9	102.4	85.5
5.6049	10.490	107.8	102.2	85.4
5.6049	10.495	107.1	101.6	84.7
5.6050	10.500	107.5	102.0	84.8
5.6051	10.505	107.7	102.2	85.1
5.6051	10.510	108.0	102.4	85.5
5.6052	10.515	108.0	102.7	85.6
5.6052	10.520	108.3	102.8	85.8
5.6052	10.525	108.9	103.4	86.3
5.6053	10.530	109.4	103.8	86.9
5.6053	10.535	109.2	103.6	86.8
5.6054	10.540	108.8	103.3	86.4
5.6055	10.545	108.5	102.9	85.8
5.6055	10.550	108.3	102.5	85.5
5.6056	10.555	108.7	103.1	85.7
5.6056	10.560	108.8	103.1	86.2
5.6056	10.565	108.8	103.2	86.0
5.6057	10.570	109.3	103.8	86.6
5.6057	10.575	109.6	104.0	87.1
5.6058	10.580	109.3	103.8	86.8
5.6059	10.585	109.2	103.7	86.4
5.6059	10.590	109.3	103.7	86.6
5.6059	10.595	108.8	103.4	86.4
5.6060	10.600	108.7	103.1	85.9
5.6060	10.605	109.2	103.6	86.3
5.6061	10.610	109.3	103.8	86.7
5.6062	10.615	109.1	103.4	86.7
5.6062	10.620	108.7	103.1	85.9
5.6063	10.625	108.8	103.3	85.9
5.6063	10.630	108.8	103.4	86.2
5.6063	10.635	109.0	103.3	86.2
5.6064	10.640	108.9	103.3	86.2
5.6064	10.645	108.8	103.2	86.0
5.6065	10.650	108.7	103.3	85.9
5.6066	10.655	108.5	103.1	85.9
5.6066	10.660	108.1	102.6	85.5
5.6067	10.665	108.0	102.5	85.2
5.6067	10.670	108.4	102.8	85.4
5.6067	10.675	108.4	102.9	85.6
5.6068	10.680	108.1	102.7	85.2
5.6068	10.685	107.9	102.1	85.0
5.6069	10.690	107.4	101.8	84.4
5.6070	10.695	107.2	101.7	84.4
5.6070	10.700	107.2	101.6	84.3
5.6071	10.705	107.5	102.0	84.6
5.6071	10.710	107.4	101.9	84.8
5.6071	10.715	107.1	101.9	84.8
5.6072	10.720	106.6	101.0	84.1
5.6072	10.725	106.3	100.8	83.6
5.6073	10.730	105.9	100.4	83.3
5.6074	10.735	105.9	100.2	83.1
5.6074	10.740	105.9	100.4	82.9
5.6075	10.745	106.4	100.8	83.6
5.6075	10.750	106.3	100.8	83.6
5.6075	10.755	106.3	101.0	83.8
5.6076	10.760	106.0	100.5	83.4
5.6076	10.765	105.9	100.5	83.3
5.6077	10.770	105.9	100.5	83.3
5.6078	10.775	105.8	100.3	83.3
5.6078	10.780	106.1	100.7	83.4
5.6079	10.785	106.4	100.9	83.8
5.6079	10.790	106.4	100.9	83.8
5.6079	10.795	106.6	101.0	83.9
5.6080	10.800	106.4	101.0	84.1
5.6081	10.805	106.2	100.8	84.0
5.6081	10.810	105.9	100.6	83.8
5.6082	10.815	105.9	100.3	83.5
5.6082	10.820	106.0	100.6	83.2
5.6082	10.825	106.4	101.0	83.8
5.6083	10.830	106.6	101.1	83.9
5.6083	10.835	106.4	100.8	83.9
5.6084	10.840	106.2	100.8	83.7
5.6085	10.845	106.1	100.4	83.2
5.6085	10.850	106.0	100.6	83.5
5.6086	10.855	106.5	101.2	83.9
5.6086	10.860	106.7	101.5	84.3
5.6086	10.865	106.9	101.8	84.6
5.6087	10.870	107.2	102.1	85.1
5.6087	10.875	107.6	102.2	85.5
5.6088	10.880	107.1	101.7	85.2
5.6089	10.885	107.1	101.9	84.8
5.6089	10.890	107.7	102.3	85.6
5.6090	10.895	107.3	101.9	85.4
5.6090	10.900	107.6	102.4	85.5
5.6090	10.905	107.6	102.4	85.8
5.6091	10.910	107.7	102.7	85.8
5.6091	10.915	107.4	102.4	85.9
5.6092	10.920	107.1	102.1	85.6
5.6093	10.925	106.6	101.6	84.9
5.6093	10.930	106.7	101.6	85.0
5.6094	10.935	106.4	101.4	85.2
5.6094	10.940	106.0	100.8	84.7
5.6094	10.945	105.9	101.0	84.3
5.6095	10.950	106.3	101.4	84.9
5.6095	10.955	106.2	101.4	85.0
5.6096	10.960	106.2	101.2	84.9
5.6097	10.965	106.5	101.5	85.4
5.6097	10.970	106.2	101.2	85.1
5.6098	10.975	106.0	100.9	84.6
5.6098	10.980	106.3	101.3	84.8
5.6098	10.985	106.7	101.6	85.1
5.6099	10.990	106.3	101.2	85.0
5.6099	10.995	105.6	100.3	84.0
5.6100	11.000	105.7	100.6	84.0
5.6101	11.005	105.9	100.7	84.2
5.6101	11.010	106.1	101.0	84.4
5.6101	11.015	106.5	101.2	84.5
5.6102	11.020	106.4	101.2	84.6
5.6102	11.025	106.2	100.9	84.5
5.6103	11.030	105.8	100.5	84.0
5.6104	11.035	105.3	100.1	83.5
5.6104	11.040	105.2	100.1	83.5
5.6105	11.045	104.7	99.5	83.0
5.6105	11.050	104.8	99.6	82.9
5.6105	11.055	104.5	99.4	83.0
5.6106	11.060	104.3	99.1	82.6
5.6106	11.065	104.6	99.4	82.5
5.6107	11.070	104.9	99.8	83.0
5.6108	11.075	104.9	99.8	83.1
5.6108	11.080	105.0	100.1	83.4
5.6109	11.085	105.1	100.0	83.7
5.6109	11.090	105.0	100.0	83.4
5.6109	11.095	105.0	100.1	83.8
5.6110	11.100	104.8	99.8	83.7
5.6110	11.105	104.8	99.8	83.4
5.6111	11.110	105.4	100.4	83.5
5.6112	11.115	105.9	101.0	84.4
5.6112	11.120	105.9	101.0	84.7
5.6113	11.125	105.9	101.1	84.7
5.6113	11.130	106.3	101.4	85.2
5.6113	11.135	105.9	101.0	84.7
5.6114	11.140	105.5	100.6	84.4
5.6114	11.145	105.1	100.1	84.0
5.6115	11.150	105.4	100.5	84.1
5.6116	11.155	106.0	101.0	84.5
5.6116	11.160	106.5	101.4	84.8
5.6117	11.165	106.6	101.5	84.7
5.6117	11.170	106.6	101.5	84.9
5.6117	11.175	106.9	101.9	84.9
5.6118	11.180	106.9	101.9	85.2
5.6119	11.185	107.2	102.2	85.2
5.6119	11.190	107.6	102.7	85.8
5.6120	11.195	107.3	102.3	85.9
5.6120	11.200	106.9	102.0	85.4
5.6120	11.205	107.1	102.0	85.5
5.6121	11.210	107.7	102.6	86.1
5.6121	11.215	108.1	103.0	86.4
5.6122	11.220	108.2	103.0	86.8
5.6123	11.225	108.4	103.4	87.0
5.6123	11.230	108.5	103.5	87.1
5.6124	11.235	107.9	102.8	86.8
5.6124	11.240	107.3	102.3	86.2
5.6124	11.245	106.4	101.4	85.6
5.6125	11.250	105.9	100.9	85.3
5.6125	11.255	105.9	101.2	85.2
5.6126	11.260	106.4	101.7	85.9
5.6127	11.265	106.3	101.5	85.9
5.6127	11.270	105.9	100.8	85.2
5.6128	11.275	106.0	100.9	85.1
5.6128	11.280	105.6	100.8	85.1
5.6128	11.285	105.3	100.4	84.6
5.6129	11.290	105.1	100.3	84.4
5.6129	11.295	104.9	99.9	84.4
5.6130	11.300	104.3	99.6	83.6
5.6131	11.305	104.2	99.2	83.3
5.6131	11.310	104.5	99.6	83.6
5.6132	11.315	104.4	99.7	84.1
5.6132	11.320	104.2	99.6	84.0
5.6132	11.325	103.7	99.1	83.8
5.6133	11.330	103.6	99.1	83.7
5.6133	11.335	104.0	99.6	84.3
5.6134	11.340	104.1	99.6	84.3
5.6135	11.345	104.3	99.6	84.0
5.6135	11.350	104.1	99.5	84.0
5.6136	11.355	104.0	99.4	83.6
5.6136	11.360	103.7	98.9	83.2
5.6136	11.365	104.0	99.3	82.9
5.6137	11.370	104.6	99.7	83.6
5.6137	11.375	104.9	99.9	83.3
5.6138	11.380	105.1	100.0	83.4
5.6139	11.385	105.9	100.9	84.3
5.6139	11.390	106.1	100.9	84.7
5.6139	11.395	106.4	101.5	85.1
5.6140	11.400	106.8	102.0	85.7
5.6140	11.405	107.0	101.9	85.7
5.6141	11.410	107.1	102.2	85.9
5.6142	11.415	107.0	101.9	86.0
5.6142	11.420	106.7	101.7	85.5
5.6143	11.425	107.2	102.3	85.8
5.6143	11.430	107.1	102.2	86.1
5.6143	11.435	106.9	102.0	86.0
5.6144	11.440	106.8	101.8	86.0
5.6144	11.445	106.3	101.6	86.0
5.6145	11.450	106.1	101.5	86.0
5.6146	11.455	105.7	100.9	85.4
5.6146	11.460	105.6	100.9	85.5
5.6147	11.465	105.7	101.1	85.6
5.6147	11.470	106.6	101.9	86.0
5.6147	11.475	106.8	102.1	86.4
5.6148	11.480	106.9	102.2	86.3
5.6148	11.485	107.1	102.4	86.3
5.6149	11.490	107.2	102.5	86.5
5.6150	11.495	107.5	102.7	86.4
5.6150	11.500	107.4	102.7	86.6
5.6151	11.505	107.4	102.7	86.6
5.6151	11.510	107.4	102.6	86.5
5.6151	11.515	107.9	103.0	86.8
5.6152	11.520	108.3	103.2	87.2
5.6152	11.525	108.1	103.1	87.1
5.6153	11.530	108.3	103.4	87.0
5.6154	11.535	108.2	103.3	87.2
5.6154	11.540	108.1	103.1	87.1
5.6155	11.545	108.1	103.2	86.9
5.6155	11.550	108.6	103.8	87.1
5.6155	11.555	108.8	103.8	87.5
5.6156	11.560	108.6	103.7	87.4
5.6156	11.565	108.6	103.7	87.4
5.6157	11.570	109.0	104.2	87.9
5.6158	11.575	109.0	104.1	88.2
5.6158	11.580	109.2	104.4	88.2
5.6159	11.585	109.5	104.8	88.6
5.6159	11.590	109.7	104.7	88.7
5.6159	11.595	109.4	104.5	88.3
5.6160	11.600	109.3	104.5	88.1
5.6161	11.605	109.4	104.8	88.4
5.6161	11.610	110.2	105.2	88.9
5.6162	11.615	110.8	106.0	89.8
5.6162	11.620	111.3	106.4	90.5
5.6162	11.625	111.3	106.4	90.4
5.6163	11.630	111.6	106.7	90.4
5.6163	11.635	111.8	106.9	90.7
5.6164	11.640	111.7	106.8	90.4
5.6165	11.645	111.7	106.7	90.2
5.6165	11.650	111.8	107.0	90.5
5.6166	11.655	111.4	106.4	90.2
5.6166	11.660	111.0	106.1	89.8
5.6166	11.665	111.4	106.6	90.0
5.6167	11.670	112.1	107.4	90.8
5.6167	11.675	112.5	107.6	91.4
5.6168	11.680	112.2	107.2	91.4
5.6169	11.685	113.0	108.1	91.6
5.6169	11.690	113.1	108.3	92.0
5.6170	11.695	112.8	107.9	92.0
5.6170	11.700	112.3	107.4	91.3
5.6170	11.705	112.1	107.2	90.8
5.6171	11.710	111.9	106.9	90.8
5.6171	11.715	111.8	107.0	90.7
5.6172	11.720	111.5	106.7	90.5
5.6173	11.725	111.0	106.2	90.2
5.6173	11.730	110.6	105.8	89.5
5.6174	11.735	111.3	106.5	90.0
5.6174	11.740	111.8	106.9	90.5
5.6174	11.745	111.4	106.4	90.3
5.6175	11.750	110.6	105.7	89.5
5.6175	11.755	110.4	105.4	89.1
5.6176	11.760	110.5	105.6	89.2
5.6177	11.765	110.2	105.2	89.3
5.6177	11.770	109.8	104.7	88.5
5.6178	11.775	109.5	104.5	88.1
5.6178	11.780	109.5	104.7	88.1
5.6178	11.785	109.4	104.7	88.5
5.6179	11.790	109.3	104.4	88.3
5.6180	11.795	109.4	104.6	88.3
5.6180	11.800	109.7	104.8	88.8
5.6181	11.805	109.4	104.4	88.3
5.6181	11.810	109.4	104.5	88.3
5.6181	11.815	109.2	104.4	88.2
5.6182	11.820	109.0	104.0	88.0
5.6182	11.825	108.2	103.5	87.5
5.6183	11.830	107.8	103.0	86.9
5.6184	11.835	108.0	103.3	87.0
5.6184	11.840	108.2	103.3	87.4
5.6185	11.845	107.5	102.7	86.7
5.6185	11.850	107.6	102.9	86.5
5.6185	11.855	107.7	102.8	86.9
5.6186	11.860	108.3	103.4	87.1
5.6186	11.865	108.8	103.8	87.6
5.6187	11.870	109.1	104.2	88.0
5.6188	11.875	109.7	104.9	88.5
5.6188	11.880	110.1	105.5	89.2
5.6189	11.885	110.3	105.5	89.7
5.6189	11.890	110.2	105.6	89.5
5.6189	11.895	109.9	105.1	89.5
5.6190	11.900	109.1	104.3	88.8
5.6190	11.905	109.4	104.8	89.0
5.6191	11.910	109.7	105.1	89.4
5.6192	11.915	109.3	104.7	89.1
5.6192	11.920	109.3	104.8	89.1
5.6193	11.925	109.0	104.4	88.7
5.6193	11.930	108.8	104.1	88.3
5.6193	11.935	108.7	104.1	88.3
5.6194	11.940	108.3	103.6	88.0
5.6194	11.945	108.1	103.3	87.7
5.6195	11.950	107.8	103.1	87.0
5.6196	11.955	108.2	103.4	87.1
5.6196	11.960	109.1	104.5	88.5
5.6197	11.965	108.8	104.0	88.7
5.6197	11.970	108.0	103.1	87.7
5.6197	11.975	108.0	103.2	87.2
5.6198	11.980	108.3	103.6	87.2
5.6198	11.985	108.3	103.5	87.2
5.6199	11.990	108.4	103.4	87.0
5.6200	11.995	108.0	103.0	86.9
5.6200	12.000	107.9	103.1	86.6
5.6200	12.005	107.6	102.7	86.6
5.6201	12.010	107.5	102.4	86.2
5.6201	12.015	107.3	102.4	86.1
5.6202	12.020	107.8	102.9	86.1
5.6203	12.025	107.8	102.8	86.5
5.6203	12.030	107.3	102.2	86.1
5.6204	12.035	107.2	102.3	86.1
5.6204	12.040	107.1	102.3	85.8
5.6204	12.045	107.3	102.3	85.9
5.6205	12.050	107.4	102.4	86.0
5.6205	12.055	107.5	102.4	86.1
5.6206	12.060	107.4	102.5	86.0
5.6207	12.065	107.7	102.9	86.8
5.6207	12.070	107.8	102.8	86.8
5.6208	12.075	107.0	102.2	86.2
5.6208	12.080	107.2	102.5	86.0
5.6208	12.085	107.2	102.5	86.1
5.6209	12.090	107.7	103.0	86.4
5.6209	12.095	108.0	103.3	87.1
5.6210	12.100	107.9	103.1	87.2
5.6211	12.105	107.8	103.1	86.9
5.6211	12.110	107.8	103.2	87.0
5.6212	12.115	107.6	102.8	86.7
5.6212	12.120	107.4	102.7	86.5
5.6212	12.125	106.8	102.1	86.2
5.6213	12.130	106.0	101.0	85.3
5.6213	12.135	105.6	100.7	84.5
5.6214	12.140	105.6	100.7	84.5
5.6215	12.145	105.2	100.3	84.2
5.6215	12.150	105.0	100.1	84.0
5.6216	12.155	104.3	99.2	83.2
5.6216	12.160	104.0	99.0	82.6
5.6216	12.165	104.1	99.3	82.8
5.6217	12.170	104.4	99.5	82.9
5.6217	12.175	104.7	99.8	83.3
5.6218	12.180	105.2	100.2	83.7
5.6219	12.185	104.8	99.9	83.8
5.6219	12.190	103.9	99.0	82.9
5.6220	12.195	103.4	98.5	82.3
5.6220	12.200	103.4	98.6	82.3
5.6220	12.205	103.7	98.7	82.5
5.6221	12.210	103.8	98.8	82.7
5.6222	12.215	104.4	99.3	82.9
5.6222	12.220	104.0	99.0	82.9
5.6223	12.225	103.8	98.9	82.5
5.6223	12.230	104.0	99.0	82.6
5.6223	12.235	104.9	100.1	83.1
5.6224	12.240	105.1	100.1	84.2
5.6224	12.245	104.6	99.6	83.5
5.6225	12.250	104.5	99.7	83.4
5.6226	12.255	104.8	99.9	83.6
5.6226	12.260	104.5	99.8	83.6
5.6227	12.265	104.5	99.5	83.4
5.6227	12.270	104.6	99.7	83.6
5.6227	12.275	104.2	99.1	82.9
5.6228	12.280	104.0	99.0	82.7
5.6228	12.285	104.4	99.6	82.7
5.6229	12.290	104.6	99.7	83.2
5.6230	12.295	104.7	99.8	83.4
5.6230	12.300	104.4	99.5	83.3
5.6231	12.305	103.8	98.8	82.9
5.6231	12.310	102.4	97.4	81.6
5.6231	12.315	103.1	98.5	81.8
5.6232	12.320	104.0	99.4	83.2
5.6232	12.325	103.8	99.0	83.1
5.6233	12.330	103.6	98.7	82.8
5.6234	12.335	102.9	98.1	82.1
5.6234	12.340	103.1	98.1	81.7
5.6235	12.345	103.2	98.2	82.1
5.6235	12.350	103.4	98.7	82.5
5.6235	12.355	103.8	99.2	82.9
5.6236	12.360	103.3	98.5	82.7
5.6236	12.365	102.9	97.9	81.9
5.6237	12.370	102.4	97.4	81.5
5.6238	12.375	101.9	97.1	81.2
5.6238	12.380	101.7	96.7	80.8
5.6239	12.385	101.3	96.3	80.8
5.6239	12.390	100.6	95.5	80.1
5.6239	12.395	101.3	96.5	80.2
5.6240	12.400	101.8	96.9	80.9
5.6241	12.405	101.5	96.8	80.7
5.6241	12.410	101.5	96.7	80.8
5.6242	12.415	101.5	96.6	80.6
5.6242	12.420	101.8	97.2	80.9
5.6242	12.425	102.2	97.2	81.3
5.6243	12.430	102.3	97.6	81.3
5.6243	12.435	102.6	97.9	81.6
5.6244	12.440	102.2	97.5	81.6
5.6245	12.445	101.9	96.9	80.7
5.6245	12.450	101.6	96.8	80.7
5.6246	12.455	101.6	96.7	80.7
5.6246	12.460	102.1	97.3	81.0
5.6246	12.465	101.9	96.9	81.1
5.6247	12.470	101.5	96.5	80.7
5.6247	12.475	101.0	96.0	80.1
5.6248	12.480	100.8	95.9	79.9
5.6249	12.485	101.5	96.8	80.6
5.6249	12.490	102.1	97.2	81.3
5.6250	12.495	101.9	97.0	81.2
5.6250	12.500	101.6	96.8	81.0
5.6250	12.505	101.7	96.9	80.9
5.6251	12.510	101.8	96.8	81.4
5.6251	12.515	100.9	95.9	80.5
5.6252	12.520	101.0	96.1	80.1
5.6253	12.525	101.2	96.2	80.3
5.6253	12.530	101.0	95.9	80.3
5.6254	12.535	100.3	95.1	79.6
5.6254	12.540	100.5	95.5	79.6
5.6254	12.545	100.8	95.9	80.3
5.6255	12.550	100.5	95.4	80.1
5.6255	12.555	100.1	95.1	79.4
5.6256	12.560	100.7	95.8	79.7
5.6257	12.565	101.1	96.1	80.4
5.6257	12.570	100.9	95.9	80.3
5.6258	12.575	100.8	95.7	80.3
5.6258	12.580	100.8	95.8	80.2
5.6258	12.585	100.9	95.8	80.4
5.6259	12.590	100.6	95.6	80.1
5.6259	12.595	100.8	95.7	80.1
5.6260	12.600	101.1	96.2	80.5
5.6261	12.605	101.7	96.8	81.0
5.6261	12.610	101.8	96.8	81.1
5.6261	12.615	102.1	96.8	81.3
5.6262	12.620	101.7	96.6	81.0
5.6262	12.625	101.5	96.5	80.8
5.6263	12.630	101.6	96.6	80.9
5.6264	12.635	102.6	97.8	81.8
5.6264	12.640	102.5	97.6	82.0
5.6265	12.645	102.4	97.4	81.8
5.6265	12.650	102.4	97.3	81.8
5.6265	12.655	101.9	96.9	81.4
5.6266	12.660	101.2	96.1	80.8
5.6266	12.665	101.0	95.9	80.4
5.6267	12.670	101.2	96.4	80.7
5.6268	12.675	101.3	96.4	80.9
5.6268	12.680	101.6	96.7	81.1
5.6269	12.685	101.7	96.9	81.3
5.6269	12.690	102.2	97.3	81.6
5.6269	12.695	102.2	97.3	81.9
5.6270	12.700	101.9	97.1	82.2
5.6270	12.705	101.4	96.7	81.8
5.6271	12.710	100.8	96.1	81.1
5.6272	12.715	100.7	95.8	80.8
5.6272	12.720	100.0	95.2	80.3
5.6273	12.725	99.8	95.1	80.1
5.6273	12.730	99.6	94.9	80.0
5.6273	12.735	99.8	95.1	80.0
5.6274	12.740	100.3	95.4	80.0
5.6274	12.745	101.0	96.1	80.5
5.6275	12.750	101.4	96.3	80.8
5.6276	12.755	101.4	96.2	80.9
5.6276	12.760	101.7	96.4	81.0
5.6277	12.765	101.0	95.9	80.7
5.6277	12.770	100.5	95.3	79.9
5.6277	12.775	100.6	95.6	80.1
5.6278	12.780	101.1	95.9	80.2
5.6278	12.785	101.4	96.3	80.6
5.6279	12.790	101.7	96.6	80.9
5.6280	12.795	102.2	97.0	81.3
5.6280	12.800	101.9	96.9	81.2
5.6280	12.805	102.1	97.0	81.2
5.6281	12.810	102.1	97.0	81.3
5.6281	12.815	102.5	97.4	81.6
5.6282	12.820	102.4	97.3	81.5
5.6283	12.825	102.1	97.0	81.2
5.6283	12.830	102.2	97.1	81.3
5.6284	12.835	102.1	96.9	81.3
5.6284	12.840	101.7	96.6	81.1
5.6284	12.845	101.1	95.9	80.2
5.6285	12.850	101.6	96.7	80.6
5.6285	12.855	102.7	97.8	81.4
5.6286	12.860	103.2	98.3	82.3
5.6287	12.865	103.8	98.6	82.3
5.6287	12.870	103.7	98.8	82.6
5.6288	12.875	103.7	98.6	82.6
5.6288	12.880	103.6	98.6	82.6
5.6288	12.885	104.0	99.0	82.7
5.6289	12.890	104.2	99.3	83.1
5.6289	12.895	104.4	99.4	83.2
5.6290	12.900	105.0	100.0	83.6
5.6291	12.905	105.7	100.7	84.3
5.6291	12.910	105.7	100.5	84.1
5.6292	12.915	106.1	101.1	84.7
5.6292	12.920	106.5	101.6	84.9
5.6292	12.925	106.8	101.9	85.7
5.6293	12.930	106.4	101.4	85.5
5.6293	12.935	106.2	101.3	85.2
5.6294	12.940	106.5	101.7	85.7
5.6295	12.945	106.6	101.8	85.8
5.6295	12.950	106.4	101.5	85.5
5.6296	12.955	106.6	101.5	85.3
5.6296	12.960	106.1	101.0	84.9
5.6296	12.965	105.9	101.0	84.7
5.6297	12.970	106.0	101.0	85.0
5.6297	12.975	105.8	100.8	85.1
5.6298	12.980	105.3	100.3	85.0
5.6299	12.985	104.9	99.8	84.2
5.6299	12.990	104.7	99.5	83.9
5.6300	12.995	105.1	99.9	83.8
5.6300	13.000	105.7	100.6	84.1
5.6300	13.005	106.7	101.5	85.3
5.6301	13.010	107.0	101.9	85.9
5.6302	13.015	106.6	101.5	86.0
5.6302	13.020	105.9	100.8	85.5
5.6303	13.025	106.0	101.0	85.3
5.6303	13.030	106.2	101.3	85.8
5.6303	13.035	106.2	101.3	86.0
5.6304	13.040	106.1	101.2	85.7
5.6304	13.045	106.6	101.5	86.2
5.6305	13.050	107.3	102.3	86.3
5.6306	13.055	107.7	102.8	86.9
5.6306	13.060	107.6	102.5	86.8
5.6307	13.065	106.9	101.8	86.2
5.6307	13.070	106.6	101.5	85.6
5.6307	13.075	106.7	101.5	85.5
5.6308	13.080	107.7	102.4	85.9
5.6308	13.085	108.2	102.7	86.2
5.6309	13.090	108.1	102.6	85.9
5.6310	13.095	108.2	102.6	86.0
5.6310	13.100	108.1	102.5	85.9
5.6311	13.105	106.9	101.2	84.8
5.6311	13.110	106.2	100.8	84.4
5.6311	13.115	106.1	101.0	84.4
5.6312	13.120	106.2	100.8	84.4
5.6312	13.125	106.3	100.9	84.4
5.6313	13.130	106.5	101.1	84.5
5.6314	13.135	106.9	101.7	84.7
5.6314	13.140	107.9	102.6	85.6
5.6315	13.145	107.8	102.3	85.8
5.6315	13.150	108.0	102.6	85.6
5.6315	13.155	108.1	102.7	85.9
5.6316	13.160	108.0	102.5	85.7
5.6316	13.165	108.0	102.6	85.6
5.6317	13.170	108.2	102.8	85.9
5.6318	13.175	108.1	102.5	85.8
5.6318	13.180	107.1	101.6	85.0
5.6319	13.185	106.7	101.2	84.2
5.6319	13.190	106.9	101.3	84.3
5.6319	13.195	106.9	101.4	84.7
5.6320	13.200	106.8	101.4	84.8
5.6320	13.205	106.5	100.9	84.2
5.6321	13.210	106.3	100.7	83.8
5.6322	13.215	106.3	100.5	83.7
5.6322	13.220	106.1	100.5	83.5
5.6322	13.225	106.2	100.8	84.0
5.6323	13.230	105.8	100.3	83.7
5.6323	13.235	106.0	100.7	83.7
5.6324	13.240	106.2	101.0	84.2
5.6325	13.245	106.2	100.9	84.2
5.6325	13.250	106.3	101.0	84.4
5.6326	13.255	105.7	100.3	83.7
5.6326	13.260	106.7	101.4	83.9
5.6326	13.265	107.5	102.4	85.3
5.6327	13.270	107.6	102.5	85.5
5.6327	13.275	107.9	102.6	85.7
5.6328	13.280	107.7	102.4	85.7
5.6329	13.285	107.7	102.6	85.6
5.6329	13.290	107.8	102.7	85.8
5.6330	13.295	107.5	102.1	85.1
5.6330	13.300	107.2	101.7	84.7
5.6330	13.305	106.8	101.4	84.2
5.6331	13.310	107.2	101.9	84.5
5.6331	13.315	107.7	102.5	85.4
5.6332	13.320	107.8	102.8	85.6
5.6333	13.325	108.2	103.2	86.1
5.6333	13.330	108.7	103.6	86.3
5.6334	13.335	108.7	103.6	86.3
5.6334	13.340	109.2	104.1	86.6
5.6334	13.345	109.2	103.8	86.8
5.6335	13.350	108.9	103.7	86.5
5.6335	13.355	108.9	103.5	86.6
5.6336	13.360	108.7	103.2	86.3
5.6337	13.365	108.3	103.2	86.2
5.6337	13.370	108.5	103.0	85.8
5.6338	13.375	108.4	102.9	85.9
5.6338	13.380	108.0	102.6	85.7
5.6338	13.385	108.1	102.7	85.5
5.6339	13.390	108.0	102.6	85.6
5.6339	13.395	107.4	102.3	85.2
5.6340	13.400	106.6	101.4	84.6
5.6341	13.405	105.8	100.7	84.0
5.6341	13.410	105.4	100.2	83.3
5.6341	13.415	105.5	100.2	83.2
5.6342	13.420	105.6	100.5	83.7
5.6342	13.425	105.5	100.4	83.7
5.6343	13.430	104.8	99.5	83.1
5.6344	13.435	104.6	99.5	83.0
5.6344	13.440	104.2	99.0	83.1
5.6345	13.445	104.0	99.0	82.8
5.6345	13.450	104.0	98.9	83.0
5.6345	13.455	104.2	99.2	83.1
5.6346	13.460	104.1	99.0	83.1
5.6346	13.465	104.0	99.0	83.0
5.6347	13.470	104.6	99.6	83.2
5.6348	13.475	105.0	100.0	83.6
5.6348	13.480	105.9	100.8	84.3
5.6349	13.485	105.5	100.5	84.1
5.6349	13.490	105.4	100.4	83.9
5.6349	13.495	106.1	101.1	84.4
5.6350	13.500	106.5	101.4	84.6
5.6350	13.505	106.7	101.5	84.9
5.6351	13.510	106.9	101.7	85.1
5.6352	13.515	106.4	101.0	84.8
5.6352	13.520	106.3	101.0	84.6
5.6353	13.525	106.4	101.1	84.6
5.6353	13.530	106.4	101.1	84.6
5.6353	13.535	106.5	101.2	84.3
5.6354	13.540	106.5	101.1	84.3
5.6354	13.545	106.8	101.1	84.3
5.6355	13.550	107.1	101.6	84.4
5.6356	13.555	107.5	101.7	84.6
5.6356	13.560	107.6	102.0	84.6
5.6357	13.565	108.1	102.2	84.9
5.6357	13.570	108.4	102.4	85.1
5.6357	13.575	108.6	102.7	85.0
5.6358	13.580	109.5	103.8	85.6
5.6358	13.585	110.3	104.4	86.4
5.6359	13.590	111.1	105.0	87.2
5.6360	13.595	111.3	105.1	87.5
5.6360	13.600	111.4	105.2	87.2
5.6361	13.605	112.4	106.2	87.9
5.6361	13.610	112.6	106.3	88.4
5.6361	13.615	113.0	106.9	88.7
5.6362	13.620	113.8	107.7	89.4
5.6363	13.625	113.9	107.7	89.6
5.6363	13.630	113.7	107.4	89.0
5.6364	13.635	113.4	107.2	88.8
5.6364	13.640	114.2	107.8	89.4
5.6364	13.645	114.2	108.1	89.5
5.6365	13.650	114.1	108.0	89.9
5.6365	13.655	114.5	108.3	90.0
5.6366	13.660	114.3	108.0	90.1
5.6367	13.665	113.7	107.2	88.8
5.6367	13.670	113.8	107.3	88.9
5.6368	13.675	113.7	107.5	88.7
5.6368	13.680	113.9	107.8	88.9
5.6368	13.685	113.4	107.4	88.7
5.6369	13.690	113.2	107.1	88.7
5.6369	13.695	112.6	106.4	88.0
5.6370	13.700	111.9	105.7	87.3
5.6371	13.705	112.3	106.2	87.5
5.6371	13.710	112.9	107.0	88.3
5.6372	13.715	112.7	106.7	88.3
5.6372	13.720	113.0	106.9	88.3
5.6372	13.725	112.6	106.7	88.1
5.6373	13.730	111.9	106.1	88.1
5.6373	13.735	111.0	105.4	87.7
5.6374	13.740	111.0	105.4	87.8
5.6375	13.745	111.1	105.4	87.7
5.6375	13.750	110.8	105.0	87.5
5.6376	13.755	110.3	104.4	86.7
5.6376	13.760	110.5	104.5	86.3
5.6376	13.765	110.8	104.9	86.6
5.6377	13.770	110.3	104.3	86.5
5.6377	13.775	109.4	103.3	86.0
5.6378	13.780	108.6	102.8	85.1
5.6379	13.785	108.5	102.5	85.4
5.6379	13.790	107.9	101.8	84.6
5.6380	13.795	107.6	101.6	84.2
5.6380	13.800	108.7	102.7	84.6
5.6380	13.805	109.5	103.4	85.4
5.6381	13.810	109.1	103.1	85.5
5.6381	13.815	108.9	102.8	85.5
5.6382	13.820	108.6	102.7	85.5
5.6383	13.825	108.9	103.0	85.7
5.6383	13.830	109.1	103.4	86.2
5.6383	13.835	109.0	103.5	86.0
5.6384	13.840	109.0	103.4	85.9
5.6384	13.845	109.5	103.9	86.0
5.6385	13.850	110.7	105.1	86.8
5.6386	13.855	111.6	105.9	87.6
5.6386	13.860	112.0	106.3	88.0
5.6387	13.865	112.1	106.3	88.4
5.6387	13.870	112.8	106.9	88.5
5.6387	13.875	113.4	107.5	89.1
5.6388	13.880	113.2	107.1	88.9
5.6388	13.885	113.4	107.4	89.0
5.6389	13.890	113.3	107.0	89.0
5.6390	13.895	113.1	107.0	88.5
5.6390	13.900	113.5	107.4	88.8
5.6391	13.905	113.1	106.9	88.6
5.6391	13.910	112.9	106.6	88.2
5.6391	13.915	112.9	106.8	88.0
5.6392	13.920	113.2	107.1	88.2
5.6392	13.925	113.8	107.6	88.9
5.6393	13.930	114.3	107.9	88.8
5.6394	13.935	114.5	108.3	89.4
5.6394	13.940	114.1	108.0	89.3
5.6395	13.945	112.3	106.0	88.0
5.6395	13.950	111.2	104.8	85.9
5.6395	13.955	112.1	105.9	85.9
5.6396	13.960	113.4	107.3	87.7
5.6396	13.965	113.6	107.3	88.4
5.6397	13.970	113.8	107.6	88.4
5.6398	13.975	114.4	108.2	89.1
5.6398	13.980	114.3	107.9	89.3
5.6399	13.985	113.2	106.9	88.1
5.6399	13.990	112.7	106.3	87.2
5.6399	13.995	112.3	105.8	86.6
5.6400	14.000	112.8	106.3	86.6
5.6401	14.005	113.4	107.0	87.5
5.6401	14.010	114.4	108.4	88.8
5.6402	14.015	114.7	108.4	89.3
5.6402	14.020	115.6	109.4	90.1
5.6402	14.025	115.6	109.2	90.4
5.6403	14.030	115.0	108.8	89.9
5.6403	14.035	115.1	108.9	89.9
5.6404	14.040	115.7	109.6	90.3
5.6405	14.045	115.9	109.8	90.7
5.6405	14.050	115.6	109.4	90.2
5.6406	14.055	115.4	109.1	89.9
5.6406	14.060	115.1	108.7	89.7
5.6406	14.065	115.0	108.7	89.4
5.6407	14.070	115.1	108.8	89.5
5.6407	14.075	115.3	108.9	89.4
5.6408	14.080	115.2	108.7	89.6
5.6409	14.085	115.3	108.9	89.4
5.6409	14.090	115.5	109.2	89.8
5.6410	14.095	115.8	109.5	90.1
5.6410	14.100	116.1	109.6	90.1
5.6410	14.105	116.6	110.1	90.7
5.6411	14.110	116.5	110.0	90.8
5.6411	14.115	116.6	110.0	90.7
5.6412	14.120	116.8	110.3	90.8
5.6413	14.125	116.9	110.3	91.2
5.6413	14.130	116.3	109.6	90.5
5.6414	14.135	115.7	109.0	89.8
5.6414	14.140	115.6	108.9	89.6
5.6414	14.145	115.4	108.9	89.5
5.6415	14.150	115.2	108.8	89.2
5.6415	14.155	115.5	109.0	89.4
5.6416	14.160	115.4	108.9	89.3
5.6417	14.165	115.7	109.2	89.6
5.6417	14.170	115.3	109.1	89.8
5.6418	14.175	114.7	108.4	89.5
5.6418	14.180	114.9	108.6	89.7
5.6418	14.185	115.0	108.7	89.6
5.6419	14.190	115.6	109.2	89.6
5.6419	14.195	116.0	109.6	90.4
5.6420	14.200	115.4	109.0	90.0
5.6421	14.205	115.1	108.5	89.5
5.6421	14.210	115.0	108.5	89.2
5.6421	14.215	114.9	108.4	89.5
5.6422	14.220	115.2	108.9	89.6
5.6422	14.225	116.1	109.6	90.2
5.6423	14.230	116.4	109.7	90.7
5.6424	14.235	116.6	109.9	90.6
5.6424	14.240	117.0	110.5	91.4
5.6425	14.245	117.0	110.5	91.6
5.6425	14.250	116.3	109.9	91.0
5.6425	14.255	115.9	109.5	90.3
5.6426	14.260	115.5	109.1	89.9
5.6426	14.265	115.3	108.9	89.7
5.6427	14.270	114.9	108.5	89.4
5.6428	14.275	114.7	108.4	89.4
5.6428	14.280	114.4	108.1	89.1
5.6429	14.285	114.3	107.9	89.0
5.6429	14.290	114.2	107.8	88.8
5.6429	14.295	114.2	107.9	88.7
5.6430	14.300	114.5	108.2	89.1
5.6430	14.305	114.7	108.2	89.3
5.6431	14.310	114.1	107.7	89.1
5.6432	14.315	114.0	107.9	89.0
5.6432	14.320	114.3	108.0	89.3
5.6433	14.325	114.1	107.8	89.0
5.6433	14.330	114.2	108.0	89.3
5.6433	14.335	113.9	107.8	89.2
5.6434	14.340	113.4	107.4	89.0
5.6434	14.345	113.3	107.3	88.9
5.6435	14.350	113.2	107.1	88.8
5.6436	14.355	113.1	107.2	88.5
5.6436	14.360	113.6	107.4	88.5
5.6437	14.365	113.8	107.6	88.5
5.6437	14.370	114.1	107.9	88.6
5.6437	14.375	114.4	108.0	88.9
5.6438	14.380	114.4	108.0	88.5
5.6438	14.385	114.3	107.8	88.5
5.6439	14.390	114.2	107.6	88.3
5.6440	14.395	114.2	107.7	88.3
5.6440	14.400	114.0	107.3	88.2
5.6441	14.405	114.3	107.7	88.3
5.6441	14.410	114.5	107.9	88.6
5.6441	14.415	114.4	108.0	88.8
5.6442	14.420	114.6	108.3	89.1
5.6443	14.425	114.7	108.6	89.3
5.6443	14.430	114.5	108.2	89.7
5.6444	14.435	113.6	107.4	88.9
5.6444	14.440	113.5	107.4	88.4
5.6444	14.445	114.2	108.1	89.1
5.6445	14.450	114.4	108.3	89.4
5.6445	14.455	114.5	108.2	89.6
5.6446	14.460	114.1	107.9	89.3
5.6447	14.465	113.6	107.2	88.5
5.6447	14.470	113.0	106.5	87.5
5.6448	14.475	113.1	106.7	87.4
5.6448	14.480	113.2	106.9	87.6
5.6448	14.485	113.2	106.8	87.7
5.6449	14.490	113.3	106.9	87.7
5.6449	14.495	113.0	106.8	87.8
5.6450	14.500	112.6	106.0	87.3
5.6451	14.505	112.5	106.2	87.0
5.6451	14.510	113.3	106.9	87.6
5.6452	14.515	113.5	107.1	87.9
5.6452	14.520	113.4	107.0	87.8
5.6452	14.525	112.8	106.3	87.2
5.6453	14.530	113.2	106.6	87.2
5.6453	14.535	113.3	106.8	87.5
5.6454	14.540	113.2	106.5	87.4
5.6455	14.545	113.3	106.8	87.3
5.6455	14.550	113.0	106.4	87.4
5.6456	14.555	112.4	105.9	86.8
5.6456	14.560	112.5	105.8	86.7
5.6456	14.565	112.6	105.9	86.8
5.6457	14.570	113.1	106.5	87.0
5.6457	14.575	113.5	106.9	87.9
5.6458	14.580	113.7	107.0	88.0
5.6459	14.585	113.6	106.8	87.8
5.6459	14.590	112.8	106.1	87.3
5.6460	14.595	112.2	105.7	86.5
5.6460	14.600	112.4	105.9	86.5
5.6460	14.605	112.3	105.7	86.7
5.6461	14.610	111.7	105.1	86.3
5.6462	14.615	111.5	105.3	86.3
5.6462	14.620	111.3	104.8	86.3
5.6463	14.625	110.4	104.0	85.9
5.6463	14.630	109.7	103.4	84.9
5.6463	14.635	109.5	103.4	84.8
5.6464	14.640	109.2	103.3	85.2
5.6464	14.645	108.4	102.6	84.9
5.6465	14.650	108.2	102.6	84.8
5.6466	14.655	107.9	102.4	85.0
5.6466	14.660	107.8	102.3	84.7
5.6467	14.665	107.7	102.2	84.7
5.6467	14.670	107.6	102.2	84.7
5.6467	14.675	107.2	101.8	84.9
5.6468	14.680	106.7	101.3	84.3
5.6468	14.685	107.2	101.7	84.3
5.6469	14.690	108.4	103.0	84.8
5.6470	14.695	109.8	103.9	85.6
5.6470	14.700	110.7	104.8	86.1
5.6471	14.705	111.1	104.8	86.2
5.6471	14.710	111.0	104.5	85.7
5.6471	14.715	111.8	105.4	86.2
5.6472	14.720	112.3	105.7	86.9
5.6472	14.725	112.2	105.9	87.0
5.6473	14.730	112.1	105.7	87.2
5.6474	14.735	111.7	105.3	86.8
5.6474	14.740	111.3	104.8	86.4
5.6475	14.745	110.8	104.5	86.0
5.6475	14.750	110.5	104.4	85.8
5.6475	14.755	110.4	104.2	85.8
5.6476	14.760	110.4	104.3	85.8
5.6476	14.765	110.5	104.4	85.8
5.6477	14.770	110.4	104.7	86.3
5.6478	14.775	109.4	103.4	85.4
5.6478	14.780	109.1	103.1	84.7
5.6479	14.785	109.0	102.9	84.7
5.6479	14.790	109.4	103.4	84.8
5.6479	14.795	109.4	103.5	85.0
5.6480	14.800	109.4	103.3	85.1
5.6480	14.805	110.2	104.2	85.7
5.6481	14.810	110.9	104.9	86.4
5.6482	14.815	110.9	104.8	86.2
5.6482	14.820	111.0	105.0	86.3
5.6482	14.825	111.1	105.0	86.4
5.6483	14.830	111.1	105.0	86.4
5.6483	14.835	110.7	104.7	86.2
5.6484	14.840	110.3	104.3	86.0
5.6485	14.845	110.0	104.1	85.8
5.6485	14.850	109.2	103.3	85.8
5.6486	14.855	108.1	102.5	85.2
5.6486	14.860	107.6	102.4	85.2
5.6486	14.865	107.0	102.0	85.5
5.6487	14.870	106.1	101.2	85.3
5.6487	14.875	105.9	101.1	84.9
5.6488	14.880	107.6	102.6	85.6
5.6489	14.885	109.3	103.9	86.5
5.6489	14.890	110.2	104.6	86.8
5.6490	14.895	110.8	104.9	87.1
5.6490	14.900	111.6	105.6	87.4
5.6490	14.905	111.8	105.7	87.7
5.6491	14.910	111.7	105.7	87.3
5.6491	14.915	111.7	105.4	87.3
5.6492	14.920	111.2	105.1	86.8
5.6493	14.925	111.0	104.8	86.4
5.6493	14.930	111.3	105.1	86.5
5.6494	14.935	111.4	105.2	86.7
5.6494	14.940	111.6	105.3	86.5
5.6494	14.945	112.0	105.6	86.7
5.6495	14.950	112.5	106.3	87.5
5.6495	14.955	112.7	106.4	87.7
5.6496	14.960	112.3	106.2	87.5
5.6497	14.965	111.7	105.5	86.9
5.6497	14.970	111.4	105.2	86.5
5.6498	14.975	111.0	104.7	86.2
5.6498	14.980	111.0	104.9	85.9
5.6498	14.985	111.2	105.1	86.2
5.6499	14.990	111.3	105.0	86.5
5.6499	14.995	111.1	104.8	86.2
5.6500	15.000	110.8	104.6	85.8
5.6501	15.005	111.0	105.0	86.2
5.6501	15.010	111.5	105.3	86.9
5.6502	15.015	111.1	104.8	86.4
5.6502	15.020	110.9	104.7	86.1
5.6502	15.025	110.9	104.5	86.1
5.6503	15.030	110.9	104.7	86.1
5.6504	15.035	110.8	104.7	86.2
5.6504	15.040	110.5	104.2	85.6
5.6505	15.045	110.5	104.1	85.4
5.6505	15.050	110.5	104.0	85.4
5.6505	15.055	111.0	104.8	85.8
5.6506	15.060	111.3	105.2	86.2
5.6506	15.065	111.3	105.0	86.2
5.6507	15.070	111.0	104.9	86.1
5.6508	15.075	110.4	104.1	85.5
5.6508	15.080	110.4	104.4	85.4
5.6509	15.085	110.3	104.2	85.3
5.6509	15.090	110.3	104.3	85.4
5.6509	15.095	110.5	104.4	85.6
5.6510	15.100	111.1	105.1	85.9
5.6510	15.105	111.8	105.7	86.9
5.6511	15.110	112.4	106.3	87.5
5.6512	15.115	112.5	106.5	87.8
5.6512	15.120	112.2	106.2	87.5
5.6513	15.125	111.4	105.2	86.8
5.6513	15.130	110.8	104.8	86.2
5.6513	15.135	110.6	104.6	86.1
5.6514	15.140	110.8	104.9	86.1
5.6514	15.145	110.9	105.0	86.3
5.6515	15.150	110.7	104.8	86.4
5.6516	15.155	110.3	104.3	86.1
5.6516	15.160	110.1	104.2	86.3
5.6517	15.165	110.2	104.4	86.2
5.6517	15.170	110.1	104.3	86.2
5.6517	15.175	109.8	104.0	86.0
5.6518	15.180	109.8	104.1	86.2
5.6518	15.185	109.8	104.2	86.3
5.6519	15.190	110.4	104.8	86.6
5.6520	15.195	110.6	104.8	87.1
5.6520	15.200	110.2	104.4	86.6
5.6521	15.205	110.1	104.5	86.8
5.6521	15.210	109.7	104.2	86.8
5.6521	15.215	109.1	103.7	86.7
5.6522	15.220	109.1	103.7	86.4
5.6523	15.225	108.8	103.3	86.1
5.6523	15.230	108.9	103.5	85.7
5.6524	15.235	109.2	103.7	86.1
5.6524	15.240	109.4	103.8	85.9
5.6524	15.245	109.4	103.7	86.0
5.6525	15.250	108.8	103.2	85.6
5.6525	15.255	108.4	102.9	85.0
5.6526	15.260	108.2	102.5	84.9
5.6527	15.265	107.8	102.0	84.5
5.6527	15.270	107.4	101.8	84.6
5.6528	15.275	107.1	101.7	84.3
5.6528	15.280	106.9	101.3	84.2
5.6528	15.285	106.7	101.1	84.3
5.6529	15.290	106.4	101.0	83.8
5.6529	15.295	106.1	100.5	83.5
5.6530	15.300	106.0	100.6	83.1
5.6531	15.305	106.0	100.6	83.5
5.6531	15.310	106.1	100.5	83.3
5.6532	15.315	106.1	100.5	83.4
5.6532	15.320	106.0	100.4	83.1
5.6532	15.325	105.7	100.1	82.9
5.6533	15.330	105.8	100.2	83.3
5.6533	15.335	105.2	99.6	82.7
5.6534	15.340	105.1	99.5	82.5
5.6535	15.345	104.8	99.1	82.0
5.6535	15.350	104.4	98.7	81.7
5.6536	15.355	104.0	98.4	81.5
5.6536	15.360	103.4	97.6	80.8
5.6536	15.365	103.4	97.7	80.2
5.6537	15.370	104.0	98.3	80.8
5.6537	15.375	104.4	98.6	81.7
5.6538	15.380	104.4	98.8	81.8
5.6539	15.385	104.6	98.8	81.8
5.6539	15.390	104.8	99.0	82.0
5.6540	15.395	105.0	99.3	82.1
5.6540	15.400	106.1	100.4	83.1
5.6540	15.405	106.2	100.5	83.5
5.6541	15.410	106.4	100.7	83.2
5.6541	15.415	106.4	100.7	83.5
5.6542	15.420	106.5	100.8	83.4
5.6543	15.425	106.8	101.2	83.7
5.6543	15.430	106.6	100.9	83.7
5.6543	15.435	106.5	100.9	83.6
5.6544	15.440	106.8	101.2	83.6
5.6544	15.445	107.5	101.7	84.1
5.6545	15.450	107.3	101.5	84.1
5.6546	15.455	107.2	101.5	83.9
5.6546	15.460	106.6	100.8	83.7
5.6547	15.465	105.7	100.0	83.0
5.6547	15.470	105.7	100.0	82.7
5.6547	15.475	106.2	100.5	82.9
5.6548	15.480	106.1	100.3	83.0
5.6548	15.485	106.0	100.3	82.7
5.6549	15.490	106.5	100.8	83.3
5.6550	15.495	106.5	100.8	83.5
5.6550	15.500	106.4	100.8	83.4
5.6551	15.505	106.3	100.6	83.3
5.6551	15.510	106.4	100.7	83.2
5.6551	15.515	106.7	101.1	83.5
5.6552	15.520	106.7	101.2	83.7
5.6552	15.525	106.5	100.7	83.4
5.6553	15.530	106.1	100.3	83.0
5.6554	15.535	105.9	100.1	82.8
5.6554	15.540	105.7	100.0	82.8
5.6555	15.545	106.2	100.6	82.9
5.6555	15.550	105.7	100.1	83.2
5.6555	15.555	105.4	99.5	82.3
5.6556	15.560	105.9	100.1	82.4
5.6556	15.565	106.2	100.4	82.8
5.6557	15.570	106.9	101.3	83.3
5.6558	15.575	107.1	101.3	83.8
5.6558	15.580	106.9	101.1	83.7
5.6559	15.585	106.3	100.5	83.4
5.6559	15.590	105.9	100.3	83.1
5.6559	15.595	106.1	100.4	83.0
5.6560	15.600	105.9	100.1	82.9
5.6560	15.605	105.9	100.2	83.1
5.6561	15.610	105.8	100.1	83.3
5.6562	15.615	105.5	100.0	83.1
5.6562	15.620	105.6	99.9	82.9
5.6562	15.625	105.2	99.8	82.8
5.6563	15.630	105.7	100.4	83.4
5.6563	15.635	105.8	100.4	83.2
5.6564	15.640	106.1	100.8	83.4
5.6565	15.645	106.5	101.1	83.9
5.6565	15.650	106.8	101.2	84.1
5.6566	15.655	106.4	100.7	83.6
5.6566	15.660	106.4	100.8	83.4
5.6566	15.665	106.4	100.6	83.4
5.6567	15.670	106.4	100.8	83.3
5.6567	15.675	106.8	101.1	83.6
5.6568	15.680	106.9	101.1	83.9
5.6569	15.685	106.8	100.9	83.8
5.6569	15.690	106.3	100.5	83.3
5.6570	15.695	106.2	100.3	83.0
5.6570	15.700	106.4	100.5	83.2
5.6570	15.705	106.8	100.9	83.5
5.6571	15.710	107.3	101.6	83.8
5.6571	15.715	108.1	102.2	84.5
5.6572	15.720	108.2	102.4	85.0
5.6573	15.725	108.3	102.6	85.2
5.6573	15.730	107.9	102.0	84.8
5.6574	15.735	107.6	101.4	84.2
5.6574	15.740	107.7	101.5	84.3
5.6574	15.745	107.4	101.3	84.2
5.6575	15.750	107.3	101.4	84.5
5.6575	15.755	106.9	101.1	84.2
5.6576	15.760	106.4	100.7	83.7
5.6577	15.765	106.2	100.3	83.5
5.6577	15.770	106.1	100.3	83.4
5.6578	15.775	106.3	100.6	83.3
5.6578	15.780	106.4	100.5	83.4
5.6578	15.785	106.1	100.3	83.1
5.6579	15.790	106.2	100.5	83.3
5.6579	15.795	105.9	100.1	83.2
5.6580	15.800	106.4	100.8	83.6
5.6581	15.805	106.8	101.1	84.2
5.6581	15.810	106.8	100.9	84.3
5.6582	15.815	106.5	100.8	83.7
5.6582	15.820	106.6	100.8	83.6
5.6582	15.825	106.4	100.4	83.3
5.6583	15.830	106.3	100.3	83.2
5.6584	15.835	106.1	100.1	83.1
5.6584	15.840	106.1	100.3	83.0
5.6585	15.845	106.5	100.5	83.5
5.6585	15.850	106.7	100.7	83.7
5.6585	15.855	106.3	100.2	83.5
5.6586	15.860	105.8	99.8	83.1
5.6586	15.865	105.7	99.8	83.1
5.6587	15.870	105.7	99.8	82.9
5.6588	15.875	106.1	100.3	83.3
5.6588	15.880	106.0	100.2	83.7
5.6589	15.885	105.8	100.0	83.3
5.6589	15.890	106.1	100.5	83.9
5.6589	15.895	105.7	100.0	83.6
5.6590	15.900	105.5	99.8	82.9
5.6590	15.905	105.8	100.0	83.1
5.6591	15.910	105.5	99.8	83.3
5.6592	15.915	105.4	99.8	83.0
5.6592	15.920	106.0	100.4	83.7
5.6593	15.925	107.5	102.1	85.3
5.6593	15.930	107.8	102.7	86.6
5.6593	15.935	107.9	102.6	86.5
5.6594	15.940	108.3	102.9	86.5
5.6594	15.945	107.7	102.4	86.6
5.6595	15.950	107.5	101.8	85.8
5.6596	15.955	107.1	101.5	85.2
5.6596	15.960	106.3	100.8	84.6
5.6597	15.965	106.0	100.4	84.1
5.6597	15.970	106.2	100.6	84.3
5.6597	15.975	106.8	101.2	84.6
5.6598	15.980	106.6	101.1	84.4
5.6598	15.985	106.5	100.8	84.1
5.6599	15.990	106.5	100.8	84.1
5.6600	15.995	106.5	101.0	84.2
5.6600	16.000	106.9	101.2	84.6
5.6601	16.005	106.9	101.6	85.1
5.6601	16.010	107.2	101.8	85.3
5.6601	16.015	107.3	101.6	85.4
5.6602	16.020	107.0	101.4	85.0
5.6602	16.025	107.1	101.4	84.7
5.6603	16.030	106.6	100.9	84.6
5.6604	16.035	106.6	100.8	84.2
5.6604	16.040	106.6	100.8	84.3
5.6604	16.045	106.2	100.6	84.0
5.6605	16.050	106.5	100.8	84.2
5.6605	16.055	106.1	100.4	84.1
5.6606	16.060	105.7	100.2	83.6
5.6607	16.065	106.1	100.5	83.8
5.6607	16.070	106.2	100.7	84.2
5.6608	16.075	105.9	100.3	84.5
5.6608	16.080	105.7	100.1	84.0
5.6608	16.085	105.7	100.3	84.1
5.6609	16.090	106.2	100.7	84.4
5.6609	16.095	107.2	101.9	85.1
5.6610	16.100	107.5	102.0	85.8
5.6611	16.105	106.6	101.2	85.3
5.6611	16.110	106.3	100.7	84.8
5.6612	16.115	105.9	100.5	84.5
5.6612	16.120	105.9	100.5	84.3
5.6612	16.125	106.0	100.3	84.2
5.6613	16.130	105.3	99.6	83.5
5.6613	16.135	104.4	98.8	82.8
5.6614	16.140	103.2	97.7	81.5
5.6615	16.145	102.6	97.2	81.1
5.6615	16.150	102.6	97.0	80.8
5.6616	16.155	102.5	97.2	81.2
5.6616	16.160	102.4	96.9	81.1
5.6616	16.165	102.4	96.9	81.0
5.6617	16.170	102.4	97.0	81.1
5.6617	16.175	102.9	97.3	81.5
5.6618	16.180	102.8	97.3	81.4
5.6619	16.185	103.1	97.4	81.5
5.6619	16.190	103.1	97.3	81.3
5.6620	16.195	102.9	97.0	80.8
5.6620	16.200	103.4	97.6	81.1
5.6620	16.205	103.9	98.2	81.9
5.6621	16.210	103.8	98.0	81.9
5.6621	16.215	103.6	97.9	81.5
5.6622	16.220	104.0	98.4	81.6
5.6623	16.225	104.9	99.1	82.1
5.6623	16.230	105.5	99.6	82.9
5.6623	16.235	105.6	99.8	83.3
5.6624	16.240	106.0	100.1	83.4
5.6624	16.245	106.2	100.1	83.7
5.6625	16.250	106.4	100.4	83.8
5.6626	16.255	106.3	100.3	84.0
5.6626	16.260	105.8	99.8	83.5
5.6627	16.265	106.0	100.0	83.2
5.6627	16.270	106.1	100.2	83.8
5.6627	16.275	105.9	100.1	83.8
5.6628	16.280	105.7	99.9	83.4
5.6628	16.285	106.0	100.4	84.0
5.6629	16.290	105.4	99.5	83.3
5.6630	16.295	105.0	99.2	82.6
5.6630	16.300	105.4	99.5	83.0
5.6631	16.305	105.1	99.3	83.0
5.6631	16.310	105.1	99.2	82.7
5.6631	16.315	105.4	99.5	82.8
5.6632	16.320	105.5	99.7	83.1
5.6632	16.325	105.3	99.6	83.1
5.6633	16.330	105.0	99.2	82.8
5.6634	16.335	105.0	99.2	82.7
5.6634	16.340	105.0	99.3	82.5
5.6635	16.345	104.8	99.2	82.7
5.6635	16.350	104.8	99.1	82.4
5.6635	16.355	105.0	99.5	82.6
5.6636	16.360	105.1	99.4	83.0
5.6636	16.365	104.5	99.2	82.9
5.6637	16.370	103.9	98.3	82.5
5.6638	16.375	103.4	98.0	82.1
5.6638	16.380	103.2	98.0	81.9
5.6639	16.385	103.3	97.7	81.8
5.6639	16.390	103.7	98.0	82.0
5.6639	16.395	103.6	98.1	81.9
5.6640	16.400	103.9	98.3	82.1
5.6640	16.405	104.0	98.5	82.3
5.6641	16.410	103.9	98.3	82.2
5.6642	16.415	104.2	98.5	82.2
5.6642	16.420	104.2	98.6	82.4
5.6643	16.425	104.4	98.7	82.5
5.6643	16.430	104.3	98.5	82.2
5.6643	16.435	104.5	98.8	82.4
5.6644	16.440	104.6	98.8	82.3
5.6645	16.445	104.5	98.6	82.2
5.6645	16.450	104.8	99.1	82.2
5.6646	16.455	105.2	99.4	82.8
5.6646	16.460	104.8	98.9	82.7
5.6646	16.465	103.8	98.1	81.7
5.6647	16.470	103.7	98.1	81.6
5.6647	16.475	103.5	98.0	81.8
5.6648	16.480	103.3	97.7	81.5
5.6649	16.485	103.6	98.0	81.6
5.6649	16.490	103.8	98.3	81.7
5.6650	16.495	103.8	98.1	81.9
5.6650	16.500	103.5	98.0	81.9
5.6650	16.505	103.1	97.6	81.4
5.6651	16.510	103.0	97.6	81.5
5.6651	16.515	103.1	97.8	81.4
5.6652	16.520	103.4	97.8	81.5
5.6653	16.525	103.7	98.2	81.5
5.6653	16.530	104.3	98.4	82.0
5.6654	16.535	104.4	98.6	82.1
5.6654	16.540	104.2	98.3	82.0
5.6654	16.545	104.7	98.9	82.2
5.6655	16.550	104.9	99.1	82.9
5.6655	16.555	104.6	98.9	82.5
5.6656	16.560	105.0	99.2	82.8
5.6657	16.565	105.8	99.9	83.3
5.6657	16.570	106.6	101.0	84.3
5.6658	16.575	107.1	101.3	84.8
5.6658	16.580	107.3	101.7	84.8
5.6658	16.585	107.9	102.2	85.3
5.6659	16.590	107.9	102.1	85.5
5.6659	16.595	107.5	101.7	85.1
5.6660	16.600	107.0	101.3	84.4
5.6661	16.605	107.1	101.4	84.3
5.6661	16.610	107.5	101.8	84.8
5.6662	16.615	107.7	102.0	84.8
5.6662	16.620	107.5	101.7	84.8
5.6662	16.625	107.0	101.1	84.4
5.6663	16.630	106.8	100.9	84.0
5.6664	16.635	106.9	101.1	84.3
5.6664	16.640	107.0	101.1	84.5
5.6665	16.645	107.1	101.3	84.2
5.6665	16.650	107.3	101.5	84.3
5.6665	16.655	107.1	101.2	84.3
5.6666	16.660	107.3	101.4	84.3
5.6666	16.665	107.7	101.6	84.6
5.6667	16.670	107.9	101.8	84.8
5.6668	16.675	108.5	102.5	85.2
5.6668	16.680	109.1	103.1	85.6
5.6669	16.685	109.6	103.6	86.1
5.6669	16.690	110.1	103.8	86.6
5.6669	16.695	109.8	103.4	85.9
5.6670	16.700	109.5	103.2	85.5
5.6670	16.705	109.7	103.4	85.5
5.6671	16.710	110.1	103.7	85.8
5.6672	16.715	110.1	103.8	85.8
5.6672	16.720	110.7	104.5	86.3
5.6673	16.725	111.3	105.2	87.0
5.6673	16.730	111.4	105.2	87.2
5.6673	16.735	111.2	104.9	87.0
5.6674	16.740	111.1	104.7	86.5
5.6674	16.745	111.0	104.6	86.5
5.6675	16.750	110.8	104.2	86.2
5.6676	16.755	110.1	103.6	86.0
5.6676	16.760	110.1	103.6	85.6
5.6677	16.765	110.7	104.2	86.1
5.6677	16.770	111.2	104.5	86.3
5.6677	16.775	110.9	104.2	86.2
5.6678	16.780	110.9	104.1	85.7
5.6678	16.785	111.5	104.9	86.0
5.6679	16.790	112.0	105.3	86.7
5.6680	16.795	112.0	105.2	86.7
5.6680	16.800	112.5	105.8	87.0
5.6681	16.805	112.8	106.1	87.3
5.6681	16.810	113.1	106.3	87.8
5.6681	16.815	112.8	106.0	87.5
5.6682	16.820	112.7	105.9	87.2
5.6682	16.825	112.5	105.7	86.9
5.6683	16.830	112.6	105.8	86.8
5.6684	16.835	112.8	105.9	87.3
5.6684	16.840	112.2	105.3	87.1
5.6684	16.845	111.4	104.5	86.1
5.6685	16.850	111.5	104.8	85.9
5.6685	16.855	112.1	105.2	86.4
5.6686	16.860	112.1	105.1	86.5
5.6687	16.865	111.5	104.6	85.8
5.6687	16.870	110.9	103.8	85.2
5.6688	16.875	110.2	103.5	84.7
5.6688	16.880	110.3	103.5	84.8
5.6688	16.885	110.3	103.5	85.2
5.6689	16.890	110.3	103.6	85.0
5.6689	16.895	110.1	103.4	85.0
5.6690	16.900	110.0	103.3	85.0
5.6691	16.905	110.0	103.2	84.8
5.6691	16.910	109.3	102.7	84.5
5.6692	16.915	108.9	102.3	83.8
5.6692	16.920	108.4	101.8	83.8
5.6692	16.925	108.4	101.9	83.9
5.6693	16.930	108.4	101.9	84.1
5.6693	16.935	108.2	101.7	83.7
5.6694	16.940	108.2	101.7	83.7
5.6695	16.945	107.9	101.5	83.5
5.6695	16.950	108.0	101.6	83.4
5.6696	16.955	108.6	102.1	83.7
5.6696	16.960	108.9	102.6	84.1
5.6696	16.965	109.0	102.7	84.4
5.6697	16.970	108.4	102.0	84.7
5.6697	16.975	107.8	101.5	84.3
5.6698	16.980	108.6	102.3	84.3
5.6699	16.985	110.3	104.0	85.4
5.6699	16.990	111.9	105.5	87.0
5.6700	16.995	113.0	106.4	88.0
5.6700	17.000	113.3	106.8	88.3
5.6700	17.005	113.3	106.6	88.2
5.6701	17.010	113.3	106.6	88.2
5.6701	17.015	113.5	107.0	88.6
5.6702	17.020	113.5	106.7	88.5
5.6703	17.025	113.0	106.3	88.1
5.6703	17.030	112.5	105.9	87.9
5.6704	17.035	112.2	105.8	87.7
5.6704	17.040	112.2	105.8	87.6
5.6704	17.045	112.0	105.6	87.4
5.6705	17.050	111.4	105.0	87.3
5.6706	17.055	110.6	104.5	86.8
5.6706	17.060	110.2	104.4	86.8
5.6707	17.065	110.3	104.5	87.1
5.6707	17.070	110.4	104.4	87.0
5.6707	17.075	110.1	104.2	86.7
5.6708	17.080	110.3	104.4	86.9
5.6708	17.085	109.5	103.6	86.6
5.6709	17.090	109.4	103.5	86.2
5.6710	17.095	110.2	104.1	86.3
5.6710	17.100	110.9	104.8	86.8
5.6711	17.105	111.1	104.9	87.2
5.6711	17.110	111.0	105.0	87.5
5.6711	17.115	111.0	105.0	87.3
5.6712	17.120	111.3	105.2	87.2
5.6712	17.125	111.5	105.4	87.4
5.6713	17.130	112.0	106.0	87.6
5.6714	17.135	112.4	106.1	88.0
5.6714	17.140	112.5	106.1	88.0
5.6715	17.145	112.2	105.8	87.4
5.6715	17.150	112.1	105.8	87.3
5.6715	17.155	112.2	105.7	87.2
5.6716	17.160	112.1	105.6	87.0
5.6716	17.165	112.0	105.6	86.8
5.6717	17.170	112.2	105.6	86.7
5.6718	17.175	112.2	105.6	86.5
5.6718	17.180	112.7	106.0	86.7
5.6719	17.185	112.9	106.1	87.1
5.6719	17.190	112.6	105.7	86.7
5.6719	17.195	112.5	105.7	86.5
5.6720	17.200	113.0	106.0	86.7
5.6720	17.205	113.3	106.4	87.0
5.6721	17.210	113.0	106.0	86.9
5.6722	17.215	113.0	106.1	86.8
5.6722	17.220	113.0	106.3	87.1
5.6723	17.225	112.8	105.9	86.9
5.6723	17.230	113.0	106.1	86.9
5.6723	17.235	112.9	106.1	87.3
5.6724	17.240	113.6	106.6	87.4
5.6725	17.245	114.4	107.5	88.3
5.6725	17.250	114.5	107.6	88.5
5.6726	17.255	114.6	107.7	88.3
5.6726	17.260	114.8	107.8	88.7
5.6726	17.265	115.1	108.1	88.8
5.6727	17.270	115.3	108.4	89.1
5.6727	17.275	115.8	108.9	89.8
5.6728	17.280	115.9	109.0	89.8
5.6729	17.285	115.9	108.9	90.0
5.6729	17.290	115.4	108.4	89.5
5.6730	17.295	115.2	108.3	89.1
5.6730	17.300	115.1	107.9	88.9
5.6730	17.305	114.9	107.8	88.4
5.6731	17.310	114.9	107.7	88.4
5.6731	17.315	115.1	108.0	88.6
5.6732	17.320	115.6	108.4	89.0
5.6733	17.325	115.7	108.7	89.3
5.6733	17.330	115.9	108.7	89.3
5.6734	17.335	115.9	108.7	89.4
5.6734	17.340	115.7	108.5	89.1
5.6734	17.345	115.3	108.1	89.0
5.6735	17.350	115.3	108.1	88.8
5.6735	17.355	115.2	108.1	88.6
5.6736	17.360	115.0	108.0	88.7
5.6737	17.365	114.8	107.7	88.6
5.6737	17.370	114.2	107.0	88.2
5.6738	17.375	113.8	106.5	87.4
5.6738	17.380	113.9	106.7	87.2
5.6738	17.385	113.8	106.7	87.3
5.6739	17.390	113.4	106.2	87.1
5.6739	17.395	113.1	106.0	86.8
5.6740	17.400	113.1	106.1	87.0
5.6741	17.405	112.8	105.7	86.7
5.6741	17.410	112.8	105.8	86.6
5.6742	17.415	112.8	105.7	86.8
5.6742	17.420	112.3	105.3	86.4
5.6742	17.425	112.3	105.2	86.4
5.6743	17.430	111.9	104.8	86.0
5.6743	17.435	111.7	104.7	85.4
5.6744	17.440	111.5	104.5	85.1
5.6745	17.445	111.8	104.9	85.5
5.6745	17.450	111.9	105.2	86.1
5.6745	17.455	111.0	104.1	85.6
5.6746	17.460	110.7	104.0	85.5
5.6746	17.465	110.6	103.8	85.4
5.6747	17.470	111.2	104.4	85.8
5.6748	17.475	111.6	104.8	85.9
5.6748	17.480	111.7	104.7	85.7
5.6749	17.485	111.8	105.1	86.1
5.6749	17.490	112.0	105.2	86.2
5.6749	17.495	112.2	105.3	86.3
5.6750	17.500	112.9	106.2	86.9
5.6750	17.505	113.0	106.1	87.1
5.6751	17.510	113.0	106.2	86.9
5.6752	17.515	113.2	106.1	87.0
5.6752	17.520	112.9	105.8	86.5
5.6753	17.525	113.2	106.0	86.6
5.6753	17.530	113.1	106.0	86.7
5.6753	17.535	112.7	105.6	86.5
5.6754	17.540	112.8	105.8	86.2
5.6754	17.545	113.4	106.4	87.0
5.6755	17.550	113.2	106.0	87.1
5.6756	17.555	112.5	105.3	86.4
5.6756	17.560	112.2	105.2	85.7
5.6757	17.565	112.2	105.1	85.8
5.6757	17.570	111.7	104.7	85.5
5.6757	17.575	111.7	104.7	85.5
5.6758	17.580	111.4	104.3	85.3
5.6758	17.585	110.7	103.4	84.6
5.6759	17.590	110.5	103.4	84.2
5.6760	17.595	111.3	104.1	84.6
5.6760	17.600	112.2	105.2	85.5
5.6761	17.605	112.8	105.7	86.3
5.6761	17.610	112.9	105.8	86.7
5.6761	17.615	113.0	105.8	86.6
5.6762	17.620	113.1	106.0	86.6
5.6762	17.625	113.1	106.0	86.8
5.6763	17.630	112.7	105.7	86.8
5.6764	17.635	112.3	105.2	86.4
5.6764	17.640	111.5	104.5	85.8
5.6764	17.645	111.5	104.7	85.7
5.6765	17.650	111.9	105.2	86.0
5.6765	17.655	111.7	105.0	86.2
5.6766	17.660	111.7	104.9	86.3
5.6767	17.665	112.0	105.3	86.5
5.6767	17.670	112.4	105.5	86.6
5.6768	17.675	112.0	105.0	86.2
5.6768	17.680	111.8	104.9	85.8
5.6768	17.685	111.5	104.8	85.8
5.6769	17.690	111.3	104.5	86.1
5.6769	17.695	110.7	103.9	85.4
5.6770	17.700	111.1	104.4	85.4
5.6771	17.705	111.6	105.0	86.4
5.6771	17.710	111.7	104.8	86.3
5.6772	17.715	111.7	105.0	86.3
5.6772	17.720	111.8	105.1	86.5
5.6772	17.725	112.0	105.3	86.7
5.6773	17.730	111.8	105.3	86.9
5.6773	17.735	111.8	105.3	86.8
5.6774	17.740	111.9	105.4	86.7
5.6775	17.745	111.4	104.8	86.3
5.6775	17.750	111.7	104.8	86.2
5.6776	17.755	111.5	104.6	86.0
5.6776	17.760	111.7	104.9	86.2
5.6776	17.765	112.1	105.3	86.6
5.6777	17.770	112.2	105.3	86.6
5.6777	17.775	112.0	105.2	86.7
5.6778	17.780	111.5	104.7	85.9
5.6779	17.785	111.6	104.7	85.7
5.6779	17.790	112.1	105.2	86.1
5.6780	17.795	112.1	105.1	86.3
5.6780	17.800	111.3	104.4	85.7
5.6780	17.805	110.9	103.9	85.1
5.6781	17.810	110.3	103.5	84.7
5.6781	17.815	110.3	103.6	84.5
5.6782	17.820	110.3	103.5	84.7
5.6783	17.825	110.4	103.6	84.7
5.6783	17.830	110.6	103.7	84.8
5.6784	17.835	109.9	103.1	84.3
5.6784	17.840	109.6	102.7	83.9
5.6784	17.845	109.6	103.1	84.1
5.6785	17.850	109.6	102.8	84.4
5.6786	17.855	109.2	102.6	84.1
5.6786	17.860	109.5	102.8	84.0
5.6787	17.865	109.4	102.9	84.1
5.6787	17.870	109.4	103.0	84.7
5.6787	17.875	109.0	102.6	84.5
5.6788	17.880	108.5	102.2	84.0
5.6788	17.885	109.0	102.8	84.4
5.6789	17.890	109.2	102.7	84.2
5.6790	17.895	109.5	102.9	84.2
5.6790	17.900	109.9	103.3	84.3
5.6791	17.905	109.6	103.1	84.2
5.6791	17.910	108.9	102.3	84.0
5.6791	17.915	107.9	101.4	83.1
5.6792	17.920	107.5	101.1	82.5
5.6792	17.925	107.9	101.4	82.9
5.6793	17.930	108.0	101.4	83.1
5.6794	17.935	108.1	101.4	83.2
5.6794	17.940	108.0	101.3	83.0
5.6795	17.945	107.8	101.2	82.6
5.6795	17.950	108.0	101.2	82.4
5.6795	17.955	108.4	101.6	82.5
5.6796	17.960	108.3	101.4	82.3
5.6796	17.965	108.5	101.6	82.3
5.6797	17.970	108.6	101.7	82.4
5.6798	17.975	109.0	102.2	82.7
5.6798	17.980	109.3	102.5	83.4
5.6799	17.985	109.6	102.8	83.5
5.6799	17.990	109.5	102.7	83.6
5.6799	17.995	110.1	103.3	83.9
5.6800	18.000	110.7	103.9	84.6
5.6800	18.005	110.5	103.7	84.5
5.6801	18.010	110.5	103.7	84.6
5.6802	18.015	110.4	103.6	84.4
5.6802	18.020	110.5	103.8	84.6
5.6803	18.025	110.5	103.8	84.9
5.6803	18.030	110.1	103.5	84.6
5.6803	18.035	110.1	103.3	84.7
5.6804	18.040	110.6	103.9	85.0
5.6805	18.045	110.5	103.7	85.2
5.6805	18.050	110.0	103.2	84.9
5.6806	18.055	109.4	102.8	84.7
5.6806	18.060	109.5	102.7	84.3
5.6806	18.065	110.0	103.5	84.5
5.6807	18.070	110.5	103.8	85.1
5.6807	18.075	110.5	103.6	84.8
5.6808	18.080	110.7	103.8	84.7
5.6809	18.085	111.0	104.2	84.9
5.6809	18.090	110.7	103.7	85.0
5.6810	18.095	109.8	102.9	84.3
5.6810	18.100	109.8	103.0	83.9
5.6810	18.105	109.7	102.9	83.9
5.6811	18.110	109.2	102.3	83.6
5.6811	18.115	109.1	102.3	83.5
5.6812	18.120	108.7	101.9	83.3
5.6813	18.125	108.5	101.5	82.7
5.6813	18.130	108.6	101.8	83.0
5.6814	18.135	108.4	101.8	83.0
5.6814	18.140	108.5	101.9	83.2
5.6814	18.145	108.7	102.2	83.5
5.6815	18.150	108.4	101.7	83.5
5.6815	18.155	108.4	102.0	83.6
5.6816	18.160	107.9	101.6	83.6
5.6817	18.165	107.4	100.9	82.7
5.6817	18.170	107.8	101.3	82.8
5.6818	18.175	107.7	101.2	82.8
5.6818	18.180	107.7	101.2	82.7
5.6818	18.185	107.6	101.1	82.5
5.6819	18.190	107.6	101.2	82.4
5.6819	18.195	107.5	101.0	82.2
5.6820	18.200	107.7	101.3	82.7
5.6821	18.205	107.7	101.2	82.6
5.6821	18.210	107.6	100.9	82.5
5.6822	18.215	107.4	100.8	82.0
5.6822	18.220	107.5	101.0	82.4
5.6822	18.225	106.9	100.1	82.1
5.6823	18.230	106.9	100.4	81.9
5.6823	18.235	106.7	100.1	81.9
5.6824	18.240	106.3	99.8	81.5
5.6825	18.245	106.3	99.9	81.7
5.6825	18.250	107.2	100.8	82.5
5.6825	18.255	107.8	101.5	83.1
5.6826	18.260	107.6	101.2	82.9
5.6826	18.265	107.6	101.0	82.5
5.6827	18.270	107.2	100.7	82.5
5.6828	18.275	107.0	100.6	82.2
5.6828	18.280	106.9	100.7	82.5
5.6829	18.285	106.6	100.3	82.5
5.6829	18.290	105.9	99.5	82.0
5.6829	18.295	105.4	99.0	81.6
5.6830	18.300	104.9	98.8	81.0
5.6830	18.305	105.3	99.3	81.4
5.6831	18.310	106.3	100.2	82.1
5.6832	18.315	106.5	100.3	82.1
5.6832	18.320	106.7	100.5	82.3
5.6833	18.325	107.0	100.9	82.6
5.6833	18.330	107.7	101.6	83.2
5.6833	18.335	107.5	101.3	83.2
5.6834	18.340	107.5	101.4	83.2
5.6834	18.345	107.4	101.2	83.1
5.6835	18.350	108.2	102.0	83.6
5.6836	18.355	109.2	103.0	84.5
5.6836	18.360	109.8	103.6	85.0
5.6837	18.365	110.2	104.1	85.3
5.6837	18.370	110.6	104.2	85.8
5.6837	18.375	110.7	104.5	85.9
5.6838	18.380	110.7	104.4	86.0
5.6838	18.385	110.7	104.2	85.8
5.6839	18.390	110.7	104.4	85.8
5.6840	18.395	110.6	104.3	85.7
5.6840	18.400	110.7	104.4	85.6
5.6841	18.405	111.0	104.7	85.8
5.6841	18.410	111.6	105.2	86.3
5.6841	18.415	112.1	105.6	86.6
5.6842	18.420	112.3	106.0	87.0
5.6842	18.425	112.4	105.9	86.9
5.6843	18.430	112.2	105.7	86.7
5.6844	18.435	112.0	105.4	86.5
5.6844	18.440	112.0	105.5	86.6
5.6845	18.445	111.9	105.5	86.5
5.6845	18.450	112.0	105.5	86.3
5.6845	18.455	111.8	105.3	86.3
5.6846	18.460	111.8	105.2	86.3
5.6847	18.465	111.7	105.2	86.3
5.6847	18.470	111.3	104.6	85.9
5.6848	18.475	111.0	104.4	85.5
5.6848	18.480	111.2	104.5	85.5
5.6848	18.485	111.5	105.1	85.8
5.6849	18.490	112.0	105.4	86.3
5.6849	18.495	112.4	105.8	86.8
5.6850	18.500	112.2	105.7	86.6
5.6851	18.505	112.5	106.2	87.1
5.6851	18.510	112.9	106.5	87.5
5.6852	18.515	112.8	106.6	87.5
5.6852	18.520	112.8	106.3	87.6
5.6852	18.525	112.4	106.1	87.3
5.6853	18.530	112.0	105.6	86.8
5.6853	18.535	112.1	105.6	86.8
5.6854	18.540	111.8	105.3	86.4
5.6855	18.545	111.6	105.0	86.0
5.6855	18.550	111.8	105.3	86.1
5.6856	18.555	111.5	105.2	86.3
5.6856	18.560	111.0	104.4	85.5
5.6856	18.565	110.8	104.2	85.4
5.6857	18.570	110.7	104.2	85.1
5.6857	18.575	110.7	104.3	85.3
5.6858	18.580	110.6	104.2	85.2
5.6859	18.585	110.7	104.2	85.4
5.6859	18.590	110.8	104.4	85.5
5.6860	18.595	111.3	104.9	86.0
5.6860	18.600	111.7	105.5	86.4
5.6860	18.605	111.9	105.6	86.8
5.6861	18.610	111.9	105.6	86.6
5.6861	18.615	111.8	105.6	86.7
5.6862	18.620	112.0	105.5	86.5
5.6863	18.625	111.5	105.3	86.3
5.6863	18.630	111.4	105.0	86.2
5.6864	18.635	111.0	104.8	86.1
5.6864	18.640	110.7	104.7	85.9
5.6864	18.645	110.7	104.5	85.9
5.6865	18.650	110.4	104.2	85.8
5.6866	18.655	109.9	103.9	85.6
5.6866	18.660	109.4	103.4	85.1
5.6867	18.665	109.3	103.4	85.0
5.6867	18.670	109.3	103.2	84.9
5.6867	18.675	109.6	103.5	85.1
5.6868	18.680	109.8	104.0	85.8
5.6868	18.685	109.9	103.9	85.8
5.6869	18.690	109.6	103.7	85.7
5.6870	18.695	109.2	103.2	85.3
5.6870	18.700	108.9	102.8	84.7
5.6871	18.705	108.5	102.5	84.3
5.6871	18.710	108.5	102.4	84.0
5.6871	18.715	108.5	102.4	84.0
5.6872	18.720	108.4	102.4	84.2
5.6872	18.725	108.1	102.3	84.0
5.6873	18.730	107.1	101.1	83.3
5.6874	18.735	107.0	101.1	82.8
5.6874	18.740	107.3	101.4	83.2
5.6875	18.745	107.3	101.5	83.1
5.6875	18.750	107.7	101.9	83.6
5.6875	18.755	107.6	101.8	83.8
5.6876	18.760	108.0	102.1	84.1
5.6876	18.765	108.2	102.4	84.3
5.6877	18.770	108.6	102.6	84.5
5.6878	18.775	109.1	103.1	85.2
5.6878	18.780	108.8	103.1	85.2
5.6879	18.785	108.7	103.0	84.9
5.6879	18.790	108.7	102.8	85.0
5.6879	18.795	108.6	102.6	84.8
5.6880	18.800	108.6	102.7	84.8
5.6880	18.805	108.2	102.3	84.3
5.6881	18.810	108.1	102.2	84.3
5.6882	18.815	108.1	102.4	84.1
5.6882	18.820	108.7	103.1	84.6
5.6883	18.825	108.7	102.9	85.1
5.6883	18.830	108.5	102.8	85.0
5.6883	18.835	108.5	102.7	85.2
5.6884	18.840	108.1	102.6	85.2
5.6884	18.845	108.0	102.2	84.6
5.6885	18.850	108.6	102.8	84.9
5.6886	18.855	108.9	103.1	85.0
5.6886	18.860	109.3	103.3	85.5
5.6886	18.865	109.4	103.2	85.3
5.6887	18.870	109.3	103.2	85.0
5.6887	18.875	109.5	103.4	85.3
5.6888	18.880	109.6	103.5	85.3
5.6889	18.885	109.9	103.9	85.5
5.6889	18.890	110.7	104.5	86.1
5.6890	18.895	110.9	104.9	86.6
5.6890	18.900	110.7	104.8	86.5
5.6890	18.905	110.7	104.6	86.2
5.6891	18.910	110.2	104.1	86.0
5.6891	18.915	110.2	104.0	85.7
5.6892	18.920	110.5	104.3	85.9
5.6893	18.925	110.4	104.1	85.9
5.6893	18.930	110.5	104.2	85.9
5.6894	18.935	110.5	104.3	85.8
5.6894	18.940	110.7	104.5	86.0
5.6894	18.945	110.8	104.5	86.6
5.6895	18.950	110.6	104.4	86.3
5.6895	18.955	110.7	104.5	86.3
5.6896	18.960	110.3	104.2	86.4
5.6897	18.965	109.8	103.9	85.9
5.6897	18.970	109.7	103.7	85.9
5.6898	18.975	109.6	103.5	85.6
5.6898	18.980	108.8	102.8	85.2
5.6898	18.985	108.3	102.1	84.5
5.6899	18.990	108.1	102.2	84.4
5.6899	18.995	108.4	102.4	84.4
5.6900	19.000	109.0	103.0	85.1
5.6901	19.005	108.3	102.3	84.9
5.6901	19.010	107.6	101.4	83.8
5.6902	19.015	107.6	101.6	83.9
5.6902	19.020	107.3	101.4	84.0
5.6902	19.025	106.9	101.1	83.9
5.6903	19.030	107.1	101.4	84.2
5.6903	19.035	107.2	101.6	84.5
5.6904	19.040	107.2	101.4	84.2
5.6905	19.045	106.4	100.5	83.6
5.6905	19.050	105.8	100.1	83.0
5.6905	19.055	105.6	99.8	83.0
5.6906	19.060	104.9	99.3	82.5
5.6906	19.065	104.8	99.2	82.5
5.6907	19.070	105.2	99.5	82.6
5.6908	19.075	106.3	100.5	83.3
5.6908	19.080	107.4	101.6	84.4
5.6909	19.085	107.3	101.6	84.3
5.6909	19.090	107.7	101.7	84.2
5.6909	19.095	107.5	101.4	84.1
5.6910	19.100	107.1	101.2	84.0
5.6910	19.105	106.9	101.0	83.8
5.6911	19.110	106.9	101.1	83.5
5.6912	19.115	106.6	100.6	83.2
5.6912	19.120	106.5	100.4	83.0
5.6913	19.125	106.0	100.2	82.9
5.6913	19.130	105.8	100.0	82.6
5.6913	19.135	105.1	99.3	82.2
5.6914	19.140	104.0	98.1	81.1
5.6914	19.145	103.8	98.1	81.1
5.6915	19.150	103.3	97.6	80.8
5.6916	19.155	102.9	97.3	80.4
5.6916	19.160	102.0	96.1	79.8
5.6917	19.165	100.9	95.4	78.9
5.6917	19.170	100.7	95.0	78.5
5.6917	19.175	101.0	95.3	78.6
5.6918	19.180	101.3	95.6	78.9
5.6918	19.185	101.1	95.5	78.9
5.6919	19.190	101.0	95.5	78.9
5.6920	19.195	100.8	95.4	79.0
5.6920	19.200	100.3	94.8	78.5
5.6921	19.205	100.1	94.8	78.6
5.6921	19.210	99.9	94.5	78.4
5.6921	19.215	100.2	94.9	78.5
5.6922	19.220	100.5	95.0	78.7
5.6922	19.225	100.6	94.9	78.5
5.6923	19.230	100.5	95.0	78.6
5.6924	19.235	100.9	95.4	78.7
5.6924	19.240	101.7	96.1	79.3
5.6925	19.245	101.9	96.3	79.6
5.6925	19.250	102.4	96.9	80.0
5.6925	19.255	102.2	96.5	80.0
5.6926	19.260	101.4	95.7	79.2
5.6927	19.265	101.0	95.6	78.6
5.6927	19.270	101.1	95.6	78.8
5.6928	19.275	100.6	94.9	78.3
5.6928	19.280	100.4	94.8	78.2
5.6928	19.285	100.4	94.7	78.3
5.6929	19.290	100.2	94.6	78.1
5.6929	19.295	100.5	94.8	78.2
5.6930	19.300	100.3	94.8	78.4
5.6931	19.305	99.8	94.4	78.0
5.6931	19.310	99.0	93.6	77.1
5.6932	19.315	98.1	92.3	76.3
5.6932	19.320	97.3	91.7	75.7
5.6932	19.325	96.8	91.3	75.1
5.6933	19.330	96.8	91.3	75.0
5.6933	19.335	97.2	91.8	75.3
5.6934	19.340	97.4	92.0	75.6
5.6935	19.345	97.8	92.4	75.8
5.6935	19.350	98.3	92.9	76.5
5.6936	19.355	98.2	93.0	76.5
5.6936	19.360	97.9	92.6	76.2
5.6936	19.365	97.6	92.1	76.1
5.6937	19.370	97.4	92.1	75.9
5.6937	19.375	96.9	91.8	75.8
5.6938	19.380	96.2	91.0	75.1
5.6939	19.385	95.6	90.5	74.3
5.6939	19.390	95.8	90.5	74.4
5.6940	19.395	95.4	90.0	74.3
5.6940	19.400	95.4	90.1	74.2
5.6940	19.405	95.8	90.5	74.3
5.6941	19.410	96.4	91.1	74.8
5.6941	19.415	96.9	91.4	75.2
5.6942	19.420	96.7	91.4	74.9
5.6943	19.425	96.6	91.3	74.9
5.6943	19.430	96.6	91.0	75.1
5.6944	19.435	96.8	91.2	75.2
5.6944	19.440	97.3	91.8	75.4
5.6944	19.445	98.1	92.5	75.8
5.6945	19.450	99.0	93.5	76.7
5.6945	19.455	99.4	93.8	77.4
5.6946	19.460	99.2	93.7	77.4
5.6947	19.465	99.0	93.5	77.1
5.6947	19.470	99.3	94.0	77.2
5.6947	19.475	99.7	94.3	77.6
5.6948	19.480	99.7	94.4	77.8
5.6948	19.485	99.8	94.4	77.8
5.6949	19.490	100.2	94.8	77.9
5.6950	19.495	100.3	95.0	78.3
5.6950	19.500	100.2	94.8	77.8
5.6951	19.505	100.1	94.7	77.8
5.6951	19.510	99.8	94.3	77.9
5.6951	19.515	99.2	94.0	77.3
5.6952	19.520	99.0	93.5	76.8
5.6952	19.525	99.1	93.6	76.8
5.6953	19.530	99.2	93.6	76.9
5.6954	19.535	99.2	93.6	77.0
5.6954	19.540	99.5	93.9	77.0
5.6955	19.545	99.8	94.2	77.6
5.6955	19.550	99.9	94.5	77.7
5.6955	19.555	99.7	94.0	77.7
5.6956	19.560	99.5	94.0	77.3
5.6956	19.565	99.6	94.0	77.5
5.6957	19.570	99.9	94.3	77.6
5.6958	19.575	100.2	94.6	78.0
5.6958	19.580	100.2	94.7	77.9
5.6959	19.585	100.1	94.7	77.7
5.6959	19.590	100.3	94.8	77.8
5.6959	19.595	100.6	95.2	78.3
5.6960	19.600	100.5	95.2	78.2
5.6960	19.605	100.2	94.8	77.9
5.6961	19.610	99.9	94.6	77.8
5.6962	19.615	99.6	94.1	77.3
5.6962	19.620	99.7	94.1	77.3
5.6963	19.625	99.7	94.4	77.4
5.6963	19.630	99.7	94.2	77.4
5.6963	19.635	99.5	94.0	77.0
5.6964	19.640	99.7	94.2	77.1
5.6964	19.645	100.0	94.5	77.2
5.6965	19.650	100.6	95.1	77.8
5.6966	19.655	100.4	94.8	77.9
5.6966	19.660	100.0	94.5	77.5
5.6966	19.665	99.8	94.4	77.4
5.6967	19.670	99.7	94.1	77.3
5.6967	19.675	99.4	94.0	77.3
5.6968	19.680	99.6	94.1	77.1
5.6969	19.685	100.0	94.6	77.5
5.6969	19.690	100.1	94.6	77.7
5.6970	19.695	100.0	94.6	77.6
5.6970	19.700	100.1	94.7	77.6
5.6970	19.705	99.6	94.2	77.4
5.6971	19.710	99.4	93.8	77.0
5.6971	19.715	99.4	94.1	77.1
5.6972	19.720	99.5	94.1	77.3
5.6973	19.725	99.4	93.8	77.2
5.6973	19.730	99.2	93.8	77.0
5.6974	19.735	99.3	93.7	76.9
5.6974	19.740	99.3	93.9	76.9
5.6974	19.745	99.4	93.9	77.0
5.6975	19.750	99.2	93.9	77.4
5.6975	19.755	99.0	93.6	77.0
5.6976	19.760	98.7	93.2	76.4
5.6977	19.765	98.5	92.9	76.2
5.6977	19.770	98.5	93.0	76.0
5.6978	19.775	98.7	93.3	76.3
5.6978	19.780	98.6	93.2	76.2
5.6978	19.785	98.1	92.4	75.7
5.6979	19.790	98.2	92.6	75.3
5.6979	19.795	98.4	93.0	76.1
5.6980	19.800	98.2	92.8	76.0
5.6981	19.805	98.4	93.1	76.2
5.6981	19.810	99.4	94.0	77.0
5.6982	19.815	99.8	94.6	77.6
5.6982	19.820	100.1	94.9	78.1
5.6982	19.825	100.0	94.7	78.3
5.6983	19.830	99.9	94.5	78.0
5.6983	19.835	99.6	94.2	77.8
5.6984	19.840	99.8	94.4	77.8
5.6985	19.845	99.7	94.3	78.0
5.6985	19.850	99.1	93.7	77.4
5.6986	19.855	98.7	93.3	76.8
5.6986	19.860	98.6	93.0	76.6
5.6986	19.865	98.3	92.6	76.3
5.6987	19.870	98.3	92.7	76.2
5.6988	19.875	98.8	93.4	76.6
5.6988	19.880	99.0	93.3	77.1
5.6989	19.885	98.7	93.2	76.6
5.6989	19.890	98.5	92.9	76.3
5.6989	19.895	98.4	92.8	76.0
5.6990	19.900	98.7	93.3	76.4
5.6990	19.905	98.5	93.2	76.8
5.6991	19.910	97.9	92.6	76.4
5.6992	19.915	98.0	92.5	76.2
5.6992	19.920	98.4	92.9	76.3
5.6993	19.925	98.5	93.2	76.8
5.6993	19.930	98.5	93.1	77.0
5.6993	19.935	98.3	93.1	76.7
5.6994	19.940	98.5	93.3	76.8
5.6994	19.945	98.7	93.3	76.8
5.6995	19.950	98.3	93.0	76.8
5.6996	19.955	98.0	92.7	76.3
5.6996	19.960	97.9	92.4	76.1
5.6997	19.965	97.9	92.5	76.3
5.6997	19.970	98.2	92.9	76.6
5.6997	19.975	98.2	92.8	76.5
5.6998	19.980	98.4	93.2	76.6
5.6998	19.985	98.9	93.6	77.1
5.6999	19.990	98.9	93.6	77.1
5.7000	19.995	98.9	93.6	77.2
5.7000	20.000	98.6	93.3	77.0
5.7001	20.005	98.7	93.4	76.9
5.7001	20.010	98.7	93.2	76.9
5.7001	20.015	98.4	93.0	76.6
5.7002	20.020	98.7	93.3	76.3
5.7002	20.025	99.0	93.6	76.9
5.7003	20.030	98.9	93.6	77.2
5.7004	20.035	98.5	93.2	76.9
5.7004	20.040	98.6	93.3	76.9
5.7005	20.045	98.9	93.4	77.0
5.7005	20.050	99.2	93.8	76.9
5.7005	20.055	99.4	93.9	77.2
5.7006	20.060	99.5	94.0	77.3
5.7007	20.065	99.0	93.5	77.2
5.7007	20.070	98.5	93.2	77.0
5.7008	20.075	97.8	92.6	76.8
5.7008	20.080	97.1	91.7	76.4
5.7008	20.085	95.8	90.9	75.8
5.7009	20.090	94.9	90.1	75.1
5.7009	20.095	94.0	89.4	74.3
5.7010	20.100	93.3	88.5	73.8
5.7011	20.105	92.7	87.8	73.1
5.7011	20.110	92.5	87.8	72.7
5.7012	20.115	92.4	87.6	72.6
5.7012	20.120	92.3	87.5	72.3
5.7012	20.125	91.8	87.0	72.2
5.7013	20.130	90.8	86.1	71.3
5.7013	20.135	90.8	86.2	71.1
5.7014	20.140	90.7	86.1	71.4
5.7015	20.145	90.9	86.4	71.5
5.7015	20.150	91.0	86.6	71.6
5.7016	20.155	91.1	86.6	71.9
5.7016	20.160	91.1	86.6	71.9
5.7016	20.165	91.5	87.3	72.5
5.7017	20.170	92.9	88.6	73.4
5.7017	20.175	94.0	89.5	74.1
5.7018	20.180	95.0	90.3	74.7
5.7019	20.185	95.6	90.9	75.0
5.7019	20.190	96.1	91.2	75.4
5.7020	20.195	96.6	91.5	75.5
5.7020	20.200	97.1	92.1	76.0
5.7020	20.205	97.3	92.2	76.1
5.7021	20.210	98.0	92.7	76.5
5.7021	20.215	98.9	93.6	77.4
5.7022	20.220	99.2	93.9	77.8
5.7023	20.225	99.3	94.0	77.8
5.7023	20.230	99.4	94.1	78.0
5.7024	20.235	99.8	94.5	78.3
5.7024	20.240	99.8	94.5	78.5
5.7024	20.245	100.0	94.8	78.8
5.7025	20.250	99.7	94.5	78.7
5.7025	20.255	99.3	94.0	78.3
5.7026	20.260	99.5	94.1	78.1
5.7027	20.265	99.8	94.5	78.5
5.7027	20.270	99.8	94.4	78.7
5.7027	20.275	99.8	94.5	78.5
5.7028	20.280	100.2	94.9	78.9
5.7028	20.285	100.2	94.9	78.7
5.7029	20.290	100.2	94.9	78.8
5.7030	20.295	99.6	94.4	78.4
5.7030	20.300	99.7	94.6	78.3
5.7031	20.305	99.6	94.3	78.4
5.7031	20.310	99.4	94.1	77.9
5.7031	20.315	99.2	93.9	77.5
5.7032	20.320	99.7	94.2	77.7
5.7032	20.325	99.9	94.5	78.1
5.7033	20.330	99.5	94.0	77.7
5.7034	20.335	99.2	93.8	77.3
5.7034	20.340	99.7	94.3	77.5
5.7035	20.345	100.2	94.8	78.2
5.7035	20.350	100.3	94.9	78.5
5.7035	20.355	100.0	94.5	78.1
5.7036	20.360	99.6	94.2	77.8
5.7036	20.365	99.8	94.6	78.0
5.7037	20.370	100.1	95.0	78.8
5.7038	20.375	100.1	94.9	78.6
5.7038	20.380	100.5	95.2	78.8
5.7039	20.385	100.9	95.6	79.2
5.7039	20.390	101.2	95.9	79.4
5.7039	20.395	101.4	96.0	79.6
5.7040	20.400	101.2	95.8	79.6
5.7040	20.405	101.2	95.9	79.6
5.7041	20.410	101.3	96.2	79.7
5.7042	20.415	101.4	96.2	79.8
5.7042	20.420	101.5	96.0	79.7
5.7043	20.425	101.3	96.0	79.7
5.7043	20.430	101.5	96.1	79.5
5.7043	20.435	101.7	96.2	79.9
5.7044	20.440	101.5	96.0	79.7
5.7044	20.445	101.2	96.0	79.6
5.7045	20.450	101.0	95.7	79.5
5.7046	20.455	100.7	95.4	79.2
5.7046	20.460	101.1	95.5	79.3
5.7046	20.465	101.4	96.0	79.6
5.7047	20.470	101.5	96.0	79.9
5.7047	20.475	101.7	96.3	79.7
5.7048	20.480	102.2	97.0	80.4
5.7049	20.485	102.1	96.6	80.4
5.7049	20.490	101.3	95.7	79.5
5.7050	20.495	101.4	96.0	79.6
5.7050	20.500	101.7	96.2	79.7
5.7050	20.505	101.6	96.2	79.9
5.7051	20.510	101.2	95.8	79.6
5.7051	20.515	100.5	95.0	78.9
5.7052	20.520	100.9	95.4	78.8
5.7053	20.525	101.5	96.0	79.6
5.7053	20.530	101.9	96.4	80.0
5.7054	20.535	102.0	96.5	79.9
5.7054	20.540	101.8	96.2	79.7
5.7054	20.545	100.9	95.4	79.2
5.7055	20.550	100.6	95.3	78.6
5.7055	20.555	100.5	95.2	78.6
5.7056	20.560	99.8	94.3	78.1
5.7057	20.565	99.5	94.2	77.7
5.7057	20.570	99.8	94.6	78.1
5.7058	20.575	99.9	94.4	78.2
5.7058	20.580	99.7	94.3	78.0
5.7058	20.585	99.7	94.2	78.0
5.7059	20.590	99.5	94.1	77.9
5.7059	20.595	99.7	94.1	77.8
5.7060	20.600	100.5	95.2	78.5
5.7061	20.605	101.0	95.7	79.4
5.7061	20.610	100.9	95.6	79.0
5.7062	20.615	100.5	95.3	78.9
5.7062	20.620	100.3	95.0	78.4
5.7062	20.625	100.3	94.9	78.8
5.7063	20.630	99.6	94.2	78.0
5.7063	20.635	99.5	94.0	77.7
5.7064	20.640	99.5	94.1	77.7
5.7065	20.645	100.0	94.6	78.2
5.7065	20.650	99.9	94.5	78.1
5.7066	20.655	100.2	94.7	78.1
5.7066	20.660	100.0	94.6	78.3
5.7066	20.665	99.8	94.5	77.9
5.7067	20.670	100.0	94.4	78.0
5.7068	20.675	99.8	94.3	77.6
5.7068	20.680	99.7	94.3	77.6
5.7069	20.685	99.6	94.1	77.7
5.7069	20.690	99.6	94.1	77.6
5.7069	20.695	99.4	94.0	77.4
5.7070	20.700	98.7	93.2	76.8
5.7070	20.705	98.9	93.5	76.8
5.7071	20.710	99.7	94.3	77.8
5.7072	20.715	99.7	94.3	78.0
5.7072	20.720	99.4	93.8	77.6
5.7073	20.725	99.0	93.4	76.8
5.7073	20.730	99.2	93.7	77.0
5.7073	20.735	99.4	93.8	77.2
5.7074	20.740	99.2	93.7	77.1
5.7074	20.745	99.4	93.8	77.0
5.7075	20.750	99.5	93.9	77.2
5.7076	20.755	100.1	94.6	78.0
5.7076	20.760	100.2	94.8	78.7
5.7077	20.765	99.7	94.2	77.9
5.7077	20.770	99.6	94.1	77.5
5.7077	20.775	99.3	93.7	77.4
5.7078	20.780	98.9	93.2	76.5
5.7078	20.785	99.1	93.6	76.9
5.7079	20.790	99.0	93.5	77.2
5.7080	20.795	98.6	93.0	76.7
5.7080	20.800	99.0	93.6	76.8
5.7081	20.805	99.3	93.9	77.4
5.7081	20.810	99.5	94.0	77.5
5.7081	20.815	99.6	94.0	77.7
5.7082	20.820	99.3	93.8	77.4
5.7082	20.825	98.9	93.4	77.2
5.7083	20.830	98.3	92.7	76.3
5.7084	20.835	98.1	92.4	75.8
5.7084	20.840	97.2	91.8	75.5
5.7085	20.845	96.4	90.7	74.8
5.7085	20.850	95.3	89.9	73.7
5.7085	20.855	94.7	89.1	72.9
5.7086	20.860	94.3	88.8	72.6
5.7086	20.865	93.5	88.0	72.0
5.7087	20.870	92.4	87.0	71.3
5.7088	20.875	91.9	86.7	70.8
5.7088	20.880	92.1	86.7	71.2
5.7088	20.885	91.7	86.3	70.9
5.7089	20.890	91.3	86.2	70.7
5.7089	20.895	91.0	86.0	70.4
5.7090	20.900	90.9	85.6	70.3
5.7091	20.905	90.7	85.5	70.0
5.7091	20.910	90.2	85.1	70.0
5.7092	20.915	89.8	84.6	69.6
5.7092	20.920	90.8	85.6	70.0
5.7092	20.925	91.8	86.6	71.2
5.7093	20.930	91.7	86.6	71.4
5.7093	20.935	91.5	86.3	71.0
5.7094	20.940	91.7	86.6	71.3
5.7095	20.945	91.9	86.8	71.4
5.7095	20.950	92.0	86.9	71.7
5.7096	20.955	91.8	86.6	71.6
5.7096	20.960	91.6	86.5	71.3
5.7096	20.965	91.7	86.5	71.6
5.7097	20.970	90.8	85.7	71.1
5.7097	20.975	89.9	84.6	70.2
5.7098	20.980	89.9	84.8	69.5
5.7099	20.985	90.8	85.7	70.2
5.7099	20.990	92.2	87.1	71.4
5.7100	20.995	92.9	87.7	72.1
5.7100	21.000	93.6	88.3	72.5
5.7100	21.005	93.5	88.0	72.5
5.7101	21.010	92.3	86.7	71.3
5.7101	21.015	91.5	86.0	70.4
5.7102	21.020	91.2	85.8	70.0
5.7103	21.025	90.9	85.5	69.8
5.7103	21.030	90.8	85.4	69.7
5.7104	21.035	90.7	85.3	69.6
5.7104	21.040	90.8	85.6	69.8
5.7104	21.045	90.5	85.1	69.8
5.7105	21.050	90.2	84.7	69.2
5.7105	21.055	90.5	85.0	69.3
5.7106	21.060	90.3	84.9	69.3
5.7107	21.065	90.8	85.5	69.2
5.7107	21.070	90.9	85.6	69.9
5.7107	21.075	91.2	86.0	69.8
5.7108	21.080	92.5	87.1	70.8
5.7108	21.085	93.6	88.3	72.1
5.7109	21.090	93.5	88.2	72.5
5.7110	21.095	93.3	88.1	72.4
5.7110	21.100	93.3	88.0	72.1
5.7111	21.105	93.2	87.9	71.9
5.7111	21.110	93.1	87.9	72.1
5.7111	21.115	92.9	87.5	71.9
5.7112	21.120	92.3	87.0	71.4
5.7112	21.125	92.1	86.8	71.0
5.7113	21.130	92.0	86.8	71.0
5.7114	21.135	91.6	86.4	71.0
5.7114	21.140	90.3	85.2	70.0
5.7115	21.145	89.5	84.2	68.9
5.7115	21.150	89.0	83.9	68.3
5.7115	21.155	89.1	83.8	68.2
5.7116	21.160	89.1	84.0	68.5
5.7116	21.165	88.3	83.0	67.8
5.7117	21.170	88.0	82.8	67.2
5.7118	21.175	88.2	83.1	67.4
5.7118	21.180	88.4	83.3	67.6
5.7119	21.185	88.2	83.0	67.4
5.7119	21.190	88.4	83.3	67.6
5.7119	21.195	88.7	83.5	68.0
5.7120	21.200	88.9	83.6	67.9
5.7120	21.205	89.3	84.0	68.3
5.7121	21.210	89.9	84.6	68.7
5.7122	21.215	90.6	85.4	69.2
5.7122	21.220	91.0	85.7	69.9
5.7123	21.225	90.9	85.6	69.9
5.7123	21.230	90.7	85.4	69.8
5.7123	21.235	90.3	84.9	69.4
5.7124	21.240	89.7	84.5	68.8
5.7124	21.245	89.2	83.9	68.6
5.7125	21.250	88.4	83.3	68.0
5.7126	21.255	87.8	82.6	67.5
5.7126	21.260	87.9	82.7	67.3
5.7127	21.265	87.7	82.6	67.1
5.7127	21.270	87.2	81.9	66.9
5.7127	21.275	86.9	81.7	66.4
5.7128	21.280	87.2	82.0	66.2
5.7129	21.285	87.9	82.7	67.0
5.7129	21.290	88.3	83.0	67.6
5.7130	21.295	88.3	83.2	67.7
5.7130	21.300	88.9	83.8	68.0
5.7130	21.305	89.2	84.1	68.6
5.7131	21.310	88.9	83.9	68.3
5.7131	21.315	88.4	83.3	68.1
5.7132	21.320	88.3	83.1	68.0
5.7133	21.325	87.8	82.7	67.6
5.7133	21.330	87.6	82.6	67.3
5.7134	21.335	87.8	82.8	67.5
5.7134	21.340	87.8	82.8	67.7
5.7134	21.345	87.6	82.7	67.4
5.7135	21.350	87.4	82.5	67.4
5.7135	21.355	86.9	82.0	67.0
5.7136	21.360	87.1	82.3	67.2
5.7137	21.365	87.2	82.2	67.2
5.7137	21.370	87.3	82.3	67.4
5.7138	21.375	87.2	82.5	67.5
5.7138	21.380	87.0	82.1	67.2
5.7138	21.385	87.0	82.1	67.0
5.7139	21.390	87.1	82.3	67.1
5.7139	21.395	87.0	82.0	67.2
5.7140	21.400	86.6	81.5	66.6
5.7141	21.405	86.4	81.5	66.5
5.7141	21.410	86.6	81.8	66.8
5.7142	21.415	86.6	81.7	66.7
5.7142	21.420	86.4	81.5	66.4
5.7142	21.425	86.3	81.4	66.4
5.7143	21.430	85.9	80.9	66.0
5.7143	21.435	85.7	80.7	65.5
5.7144	21.440	85.6	80.8	65.5
5.7145	21.445	85.7	80.9	65.8
5.7145	21.450	85.5	80.6	65.6
5.7146	21.455	86.0	81.1	65.7
5.7146	21.460	86.6	81.8	66.6
5.7146	21.465	86.9	82.0	66.9
5.7147	21.470	87.2	82.3	67.2
5.7148	21.475	87.6	82.9	67.4
5.7148	21.480	88.1	83.1	68.1
5.7149	21.485	88.1	83.3	68.0
5.7149	21.490	89.2	84.3	69.1
5.7149	21.495	89.8	84.9	69.9
5.7150	21.500	90.0	85.1	70.1
5.7150	21.505	90.0	85.0	70.1
5.7151	21.510	89.4	84.7	69.6
5.7152	21.515	89.3	84.2	69.3
5.7152	21.520	88.9	84.0	69.0
5.7153	21.525	88.5	83.4	68.3
5.7153	21.530	88.3	83.4	68.2
5.7153	21.535	88.6	83.5	68.2
5.7154	21.540	88.5	83.5	68.3
5.7154	21.545	88.5	83.6	68.2
5.7155	21.550	88.8	83.7	68.2
5.7156	21.555	88.7	83.7	68.1
5.7156	21.560	88.8	83.7	68.3
5.7157	21.565	88.8	83.8	68.4
5.7157	21.570	89.7	84.6	69.0
5.7157	21.575	90.0	84.9	69.5
5.7158	21.580	89.8	84.7	69.3
5.7158	21.585	89.6	84.2	69.0
5.7159	21.590	89.4	84.3	68.8
5.7160	21.595	89.3	84.1	68.8
5.7160	21.600	88.8	83.7	68.4
5.7161	21.605	87.8	82.7	67.5
5.7161	21.610	87.2	82.0	66.8
5.7161	21.615	87.5	82.4	66.9
5.7162	21.620	87.9	83.0	67.5
5.7162	21.625	88.4	83.5	67.9
5.7163	21.630	88.7	83.7	68.5
5.7164	21.635	88.9	83.8	68.4
5.7164	21.640	88.8	83.7	68.3
5.7165	21.645	88.8	83.8	68.3
5.7165	21.650	88.9	84.0	68.4
5.7165	21.655	89.4	84.5	69.0
5.7166	21.660	88.9	84.0	69.0
5.7166	21.665	88.1	83.2	68.2
5.7167	21.670	87.5	82.4	67.6
5.7168	21.675	87.3	82.3	67.1
5.7168	21.680	87.4	82.4	67.2
5.7168	21.685	87.7	82.8	67.4
5.7169	21.690	87.7	82.6	67.5
5.7169	21.695	88.0	83.1	67.6
5.7170	21.700	88.3	83.2	67.7
5.7171	21.705	88.2	83.1	67.9
5.7171	21.710	88.3	83.1	67.8
5.7172	21.715	88.1	83.1	67.8
5.7172	21.720	88.0	82.9	67.7
5.7172	21.725	87.6	82.3	67.3
5.7173	21.730	87.1	82.0	67.0
5.7173	21.735	87.0	81.9	66.7
5.7174	21.740	86.9	81.7	66.7
5.7175	21.745	86.5	81.2	66.0
5.7175	21.750	86.5	81.4	66.0
5.7176	21.755	86.6	81.5	66.5
5.7176	21.760	86.6	81.5	66.6
5.7176	21.765	86.2	81.1	66.3
5.7177	21.770	85.4	80.3	65.4
5.7177	21.775	85.3	80.2	65.1
5.7178	21.780	85.5	80.4	65.4
5.7179	21.785	85.3	80.2	65.3
5.7179	21.790	84.7	79.7	64.6
5.7180	21.795	84.8	79.7	64.6
5.7180	21.800	85.2	80.3	64.9
5.7180	21.805	85.6	80.6	65.6
5.7181	21.810	85.5	80.5	65.4
5.7181	21.815	85.4	80.3	65.3
5.7182	21.820	85.1	80.0	65.0
5.7183	21.825	84.8	79.4	64.6
5.7183	21.830	84.8	79.5	64.5
5.7184	21.835	84.4	79.3	64.5
5.7184	21.840	84.0	78.7	64.0
5.7184	21.845	83.8	78.7	63.8
5.7185	21.850	83.5	78.5	63.9
5.7185	21.855	83.2	77.9	63.8
5.7186	21.860	81.8	76.8	62.9
5.7187	21.865	80.4	75.5	61.6
5.7187	21.870	79.2	74.3	60.6
5.7187	21.875	78.5	73.7	60.1
5.7188	21.880	78.3	73.6	59.9
5.7188	21.885	78.1	73.3	59.6
5.7189	21.890	77.1	72.4	58.9
5.7190	21.895	76.8	72.0	58.5
5.7190	21.900	77.0	72.3	58.6
5.7191	21.905	78.2	73.3	59.2
5.7191	21.910	78.8	73.9	60.2
5.7191	21.915	79.2	74.4	60.7
5.7192	21.920	79.3	74.5	61.1
5.7192	21.925	79.7	74.9	61.3
5.7193	21.930	80.3	75.5	61.6
5.7194	21.935	81.3	76.4	62.1
5.7194	21.940	82.1	77.2	62.6
5.7195	21.945	82.6	77.5	63.1
5.7195	21.950	83.1	77.9	63.3
5.7195	21.955	84.0	78.9	63.9
5.7196	21.960	84.9	79.8	64.9
5.7196	21.965	85.4	80.1	65.2
5.7197	21.970	85.7	80.5	65.5
5.7198	21.975	85.9	80.6	65.9
5.7198	21.980	85.3	80.0	65.8
5.7199	21.985	84.1	78.8	65.1
5.7199	21.990	82.6	77.6	64.0
5.7199	21.995	81.6	76.8	63.1
5.7200	22.000	80.7	75.8	62.5
5.7200	22.005	79.2	74.5	61.6
5.7201	22.010	77.5	73.0	60.3
5.7202	22.015	76.0	71.7	59.5
5.7202	22.020	74.9	70.7	58.8
5.7203	22.025	73.9	69.8	58.2
5.7203	22.030	73.0	69.2	57.6
5.7203	22.035	72.9	69.0	57.6
5.7204	22.040	73.1	69.2	57.9
5.7204	22.045	72.3	68.5	57.4
5.7205	22.050	72.0	68.3	57.1
5.7206	22.055	72.1	68.3	57.0
5.7206	22.060	72.4	68.7	57.2
5.7207	22.065	72.1	68.4	57.4
5.7207	22.070	71.3	67.7	56.7
5.7207	22.075	71.2	67.4	56.4
5.7208	22.080	71.3	67.6	56.5
5.7209	22.085	71.7	67.9	56.8
5.7209	22.090	71.5	67.4	56.8
5.7210	22.095	70.1	66.4	55.9
5.7210	22.100	69.2	65.6	55.0
5.7210	22.105	68.3	64.9	54.4
5.7211	22.110	68.4	64.9	54.3
5.7211	22.115	69.2	65.6	54.8
5.7212	22.120	70.4	66.7	55.6
5.7213	22.125	71.2	67.5	56.1
5.7213	22.130	72.6	68.6	56.4
5.7214	22.135	74.3	70.0	57.4
5.7214	22.140	75.4	71.1	58.2
5.7214	22.145	76.9	72.3	58.8
5.7215	22.150	78.8	74.1	60.2
5.7215	22.155	81.1	76.3	61.9
5.7216	22.160	82.3	77.6	63.5
5.7217	22.165	83.0	78.2	64.1
5.7217	22.170	83.0	78.1	63.8
5.7218	22.175	83.5	78.7	64.0
5.7218	22.180	83.6	78.8	64.5
5.7218	22.185	82.9	77.8	64.1
5.7219	22.190	81.8	76.9	63.4
5.7219	22.195	81.0	76.1	62.2
5.7220	22.200	81.0	76.1	62.1
5.7221	22.205	81.3	76.5	62.5
5.7221	22.210	82.2	77.3	62.7
5.7222	22.215	83.2	78.1	63.5
5.7222	22.220	83.9	78.9	64.1
5.7222	22.225	84.4	79.3	64.8
5.7223	22.230	84.5	79.5	64.9
5.7223	22.235	84.3	79.2	65.1
5.7224	22.240	84.1	79.2	64.8
5.7225	22.245	84.4	79.3	64.8
5.7225	22.250	84.0	78.8	64.5
5.7226	22.255	83.8	78.9	64.1
5.7226	22.260	83.5	78.5	64.2
5.7226	22.265	83.1	77.9	63.4
5.7227	22.270	83.2	78.1	63.4
5.7227	22.275	82.9	77.9	63.2
5.7228	22.280	83.2	78.3	63.4
5.7229	22.285	83.6	78.7	63.7
5.7229	22.290	84.5	79.7	64.6
5.7229	22.295	85.2	80.4	65.3
5.7230	22.300	85.2	80.2	65.3
5.7230	22.305	85.1	80.2	65.3
5.7231	22.310	85.6	80.5	65.6
5.7232	22.315	86.0	80.8	65.6
5.7232	22.320	86.6	81.4	66.2
5.7233	22.325	87.4	82.3	67.0
5.7233	22.330	87.8	82.7	67.6
5.7233	22.335	88.0	83.0	67.7
5.7234	22.340	88.1	83.0	67.5
5.7234	22.345	88.0	83.0	67.8
5.7235	22.350	88.1	83.0	67.8
5.7236	22.355	88.0	83.0	68.0
5.7236	22.360	87.7	82.8	67.8
5.7237	22.365	87.7	82.9	68.0
5.7237	22.370	87.2	82.4	68.0
5.7237	22.375	86.4	81.5	67.3
5.7238	22.380	86.1	81.3	66.9
5.7238	22.385	86.0	81.1	66.8
5.7239	22.390	85.6	80.7	66.3
5.7240	22.395	85.3	80.6	65.8
5.7240	22.400	84.9	80.1	65.9
5.7241	22.405	84.4	79.7	65.5
5.7241	22.410	84.3	79.7	65.5
5.7241	22.415	84.0	79.5	65.3
5.7242	22.420	84.1	79.8	65.2
5.7242	22.425	84.2	79.7	65.3
5.7243	22.430	84.1	79.3	65.4
5.7244	22.435	83.8	79.1	64.9
5.7244	22.440	83.8	79.0	64.6
5.7245	22.445	84.2	79.5	65.0
5.7245	22.450	84.7	80.1	65.1
5.7245	22.455	85.4	80.5	65.6
5.7246	22.460	85.4	80.7	65.6
5.7246	22.465	85.9	81.3	66.0
5.7247	22.470	86.3	81.5	66.3
5.7248	22.475	86.0	81.2	66.4
5.7248	22.480	85.7	80.9	66.1
5.7248	22.485	85.1	80.4	65.9
5.7249	22.490	84.5	79.8	65.4
5.7249	22.495	83.8	79.3	65.1
5.7250	22.500	83.7	79.3	65.1
5.7251	22.505	83.3	78.8	64.6
5.7251	22.510	82.8	78.3	64.0
5.7252	22.515	82.4	77.8	63.5
5.7252	22.520	82.0	77.3	63.3
5.7252	22.525	82.2	77.5	63.0
5.7253	22.530	82.9	78.3	63.3
5.7253	22.535	83.7	79.2	64.4
5.7254	22.540	84.6	79.9	65.0
5.7255	22.545	84.8	80.0	65.2
5.7255	22.550	84.8	80.0	65.2
5.7256	22.555	85.0	80.2	65.2
5.7256	22.560	85.3	80.5	65.3
5.7256	22.565	85.5	80.6	65.1
5.7257	22.570	85.7	80.7	65.2
5.7257	22.575	86.7	81.7	65.8
5.7258	22.580	87.4	82.4	66.8
5.7259	22.585	87.3	82.0	66.7
5.7259	22.590	86.7	81.6	66.5
5.7260	22.595	86.4	81.4	66.3
5.7260	22.600	85.8	80.8	65.7
5.7260	22.605	85.5	80.5	65.3
5.7261	22.610	85.7	80.6	65.1
5.7261	22.615	86.2	81.1	65.3
5.7262	22.620	86.6	81.3	65.7
5.7263	22.625	86.9	81.8	65.6
5.7263	22.630	87.4	82.2	66.0
5.7264	22.635	88.2	82.8	66.4
5.7264	22.640	89.0	83.6	66.9
5.7264	22.645	89.9	84.5	67.8
5.7265	22.650	90.1	84.7	68.3
5.7265	22.655	90.0	84.8	68.4
5.7266	22.660	90.1	84.8	68.5
5.7267	22.665	90.1	84.8	68.3
5.7267	22.670	90.6	85.2	68.7
5.7268	22.675	91.3	85.9	69.2
5.7268	22.680	91.9	86.5	69.7
5.7268	22.685	92.7	87.2	70.5
5.7269	22.690	93.0	87.6	70.8
5.7270	22.695	93.1	87.6	71.1
5.7270	22.700	93.1	87.6	70.5
5.7271	22.705	93.4	88.1	71.1
5.7271	22.710	93.6	88.3	71.4
5.7271	22.715	93.1	87.8	71.3
5.7272	22.720	92.7	87.3	70.9
5.7272	22.725	93.1	87.6	71.0
5.7273	22.730	93.4	87.9	71.4
5.7274	22.735	93.7	88.3	71.6
5.7274	22.740	94.1	89.0	72.3
5.7275	22.745	94.1	88.8	72.5
5.7275	22.750	94.3	88.8	72.4
5.7275	22.755	94.2	88.7	72.3
5.7276	22.760	94.5	89.0	72.4
5.7276	22.765	94.9	89.3	72.7
5.7277	22.770	94.9	89.1	72.8
5.7278	22.775	94.9	89.3	73.0
5.7278	22.780	95.5	89.7	73.1
5.7279	22.785	95.5	90.0	73.5
5.7279	22.790	95.7	90.0	73.5
5.7279	22.795	96.1	90.5	73.7
5.7280	22.800	96.2	90.7	74.3
5.7280	22.805	95.3	89.9	73.9
5.7281	22.810	94.3	89.2	73.3
5.7282	22.815	94.4	89.0	72.9
5.7282	22.820	94.1	88.7	72.8
5.7283	22.825	93.5	88.2	72.4
5.7283	22.830	93.4	88.2	72.2
5.7283	22.835	94.0	88.7	72.5
5.7284	22.840	94.5	89.2	73.1
5.7284	22.845	95.1	89.9	73.7
5.7285	22.850	95.7	90.5	74.3
5.7286	22.855	95.9	90.7	74.4
5.7286	22.860	95.6	90.4	74.6
5.7287	22.865	95.3	90.1	74.3
5.7287	22.870	95.2	89.9	73.8
5.7287	22.875	95.5	90.4	74.0
5.7288	22.880	95.8	90.7	74.6
5.7289	22.885	96.3	91.1	75.0
5.7289	22.890	96.1	90.7	74.9
5.7290	22.895	96.3	91.1	75.3
5.7290	22.900	96.9	92.0	75.8
5.7290	22.905	97.9	93.1	77.0
5.7291	22.910	98.4	93.5	77.8
5.7291	22.915	98.8	93.8	78.2
5.7292	22.920	99.2	94.3	78.5
5.7293	22.925	100.0	95.2	79.3
5.7293	22.930	99.2	94.2	79.1
5.7294	22.935	98.4	93.2	77.8
5.7294	22.940	98.2	93.1	77.5
5.7294	22.945	97.8	92.6	77.0
5.7295	22.950	97.3	92.2	76.7
5.7295	22.955	96.8	91.5	76.1
5.7296	22.960	97.0	91.7	75.8
5.7297	22.965	97.1	91.9	76.2
5.7297	22.970	97.4	92.2	76.1
5.7298	22.975	97.9	92.7	76.5
5.7298	22.980	97.6	92.4	76.2
5.7298	22.985	97.7	92.4	76.0
5.7299	22.990	98.2	92.9	76.5
5.7299	22.995	98.3	93.1	76.9
5.7300	23.000	97.0	91.6	76.0
5.7301	23.005	95.8	90.6	74.7
5.7301	23.010	94.9	89.8	74.1
5.7302	23.015	94.3	89.0	73.3
5.7302	23.020	94.4	89.2	72.8
5.7302	23.025	95.6	90.3	73.6
5.7303	23.030	96.7	91.6	74.9
5.7303	23.035	98.0	93.1	76.3
5.7304	23.040	99.3	94.1	77.9
5.7305	23.045	99.4	94.3	78.3
5.7305	23.050	99.0	93.9	78.1
5.7306	23.055	99.2	94.1	78.3
5.7306	23.060	99.0	93.9	78.5
5.7306	23.065	98.8	93.8	78.1
5.7307	23.070	99.1	93.9	78.2
5.7307	23.075	99.3	94.1	78.3
5.7308	23.080	99.3	94.1	78.5
5.7309	23.085	99.4	94.2	78.4
5.7309	23.090	99.0	93.7	78.1
5.7309	23.095	98.4	93.2	77.5
5.7310	23.100	98.4	93.3	77.3
5.7310	23.105	98.9	93.5	77.5
5.7311	23.110	99.3	94.0	77.7
5.7312	23.115	99.9	94.6	78.0
5.7312	23.120	100.6	95.1	79.0
5.7313	23.125	100.5	94.8	78.8
5.7313	23.130	101.0	95.5	79.0
5.7313	23.135	101.7	96.3	79.9
5.7314	23.140	102.2	96.6	80.4
5.7314	23.145	102.5	97.1	80.8
5.7315	23.150	102.7	97.3	81.0
5.7316	23.155	102.0	96.4	80.5
5.7316	23.160	101.8	96.5	80.3
5.7317	23.165	102.5	97.1	81.2
5.7317	23.170	102.3	96.9	81.1
5.7317	23.175	102.2	96.8	80.9
5.7318	23.180	102.0	96.6	80.8
5.7318	23.185	102.6	97.0	81.0
5.7319	23.190	102.7	97.3	81.3
5.7320	23.195	102.7	97.3	81.5
5.7320	23.200	102.7	97.1	81.1
5.7321	23.205	102.6	97.1	81.0
5.7321	23.210	102.4	96.9	80.6
5.7321	23.215	102.4	96.8	80.4
5.7322	23.220	102.6	97.2	80.6
5.7322	23.225	102.6	97.0	80.8
5.7323	23.230	101.7	96.1	80.2
5.7324	23.235	100.6	95.0	79.0
5.7324	23.240	100.3	94.8	78.6
5.7325	23.245	100.7	95.0	78.7
5.7325	23.250	100.3	94.6	78.5
5.7325	23.255	100.1	94.3	78.2
5.7326	23.260	99.7	93.8	77.9
5.7326	23.265	99.3	93.5	77.4
5.7327	23.270	99.7	94.0	77.5
5.7328	23.275	99.7	93.9	77.7
5.7328	23.280	100.1	94.2	77.7
5.7329	23.285	100.6	94.8	78.4
5.7329	23.290	100.7	95.0	78.7
5.7329	23.295	100.7	95.0	78.6
5.7330	23.300	100.6	94.9	78.4
5.7331	23.305	100.9	95.0	78.3
5.7331	23.310	101.0	95.2	78.7
5.7332	23.315	101.3	95.5	78.7
5.7332	23.320	101.9	95.9	79.4
5.7332	23.325	102.0	96.0	79.2
5.7333	23.330	102.1	96.1	79.2
5.7333	23.335	102.4	96.4	79.6
5.7334	23.340	102.3	96.4	79.6
5.7335	23.345	102.2	96.3	79.4
5.7335	23.350	102.1	96.2	79.5
5.7336	23.355	102.2	96.2	79.5
5.7336	23.360	101.7	95.6	79.1
5.7336	23.365	101.2	95.1	78.6
5.7337	23.370	100.9	95.0	78.3
5.7337	23.375	101.3	95.3	78.6
5.7338	23.380	101.1	95.2	78.6
5.7339	23.385	101.3	95.5	78.5
5.7339	23.390	101.6	95.7	79.1
5.7340	23.395	101.6	95.7	79.1
5.7340	23.400	101.6	95.8	79.1
5.7340	23.405	101.5	95.7	79.3
5.7341	23.410	101.3	95.6	79.2
5.7341	23.415	101.3	95.7	79.2
5.7342	23.420	101.2	95.3	79.0
5.7343	23.425	101.0	95.2	78.5
5.7343	23.430	101.4	95.5	78.6
5.7344	23.435	101.4	95.3	78.8
5.7344	23.440	101.2	95.5	78.5
5.7344	23.445	101.8	96.1	79.3
5.7345	23.450	101.8	96.0	79.6
5.7345	23.455	101.5	95.6	79.2
5.7346	23.460	101.2	95.4	79.0
5.7347	23.465	101.1	95.3	79.0
5.7347	23.470	101.2	95.4	79.0
5.7348	23.475	101.1	95.3	79.0
5.7348	23.480	101.1	95.4	78.9
5.7348	23.485	101.0	95.2	78.7
5.7349	23.490	100.7	94.8	78.4
5.7350	23.495	100.6	94.5	78.0
5.7350	23.500	100.2	94.1	77.6
5.7351	23.505	100.0	94.2	77.5
5.7351	23.510	100.0	94.2	77.3
5.7351	23.515	100.3	94.8	77.6
5.7352	23.520	100.5	94.9	78.1
5.7352	23.525	100.7	95.2	78.2
5.7353	23.530	100.8	95.0	78.2
5.7354	23.535	100.5	95.0	78.2
5.7354	23.540	100.1	94.3	77.5
5.7355	23.545	100.0	94.3	77.3
5.7355	23.550	100.1	94.3	77.4
5.7355	23.555	100.0	94.1	77.1
5.7356	23.560	100.3	94.5	77.1
5.7356	23.565	101.2	95.2	77.9
5.7357	23.570	101.4	95.3	78.2
5.7358	23.575	101.1	95.2	78.2
5.7358	23.580	100.9	95.0	78.0
5.7359	23.585	101.2	95.3	78.1
5.7359	23.590	101.1	95.2	78.1
5.7359	23.595	100.1	94.2	77.5
5.7360	23.600	99.6	93.7	77.0
5.7360	23.605	99.4	93.5	76.7
5.7361	23.610	99.9	93.9	76.7
5.7362	23.615	100.2	94.2	76.8
5.7362	23.620	100.2	94.2	77.0
5.7363	23.625	100.4	94.7	77.0
5.7363	23.630	100.5	94.7	77.5
5.7363	23.635	100.6	95.0	77.9
5.7364	23.640	100.3	94.6	77.9
5.7364	23.645	99.7	94.1	77.5
5.7365	23.650	99.6	93.9	77.1
5.7366	23.655	99.3	93.7	77.2
5.7366	23.660	98.7	93.0	76.7
5.7367	23.665	98.2	92.7	76.1
5.7367	23.670	98.4	92.9	76.4
5.7367	23.675	98.5	93.0	76.3
5.7368	23.680	99.1	93.7	76.9
5.7368	23.685	100.0	94.6	77.8
5.7369	23.690	100.0	94.5	78.3
5.7370	23.695	99.5	94.0	77.7
5.7370	23.700	98.6	93.0	76.9
5.7370	23.705	98.3	92.7	76.4
5.7371	23.710	98.7	93.2	76.5
5.7371	23.715	98.7	93.0	76.8
5.7372	23.720	98.9	93.4	76.7
5.7373	23.725	99.3	94.1	77.1
5.7373	23.730	100.1	94.7	78.1
5.7374	23.735	100.3	94.9	78.4
5.7374	23.740	100.6	95.0	78.2
5.7374	23.745	101.3	95.8	78.9
5.7375	23.750	101.8	96.2	79.6
5.7375	23.755	102.1	96.7	80.0
5.7376	23.760	102.5	97.0	80.4
5.7377	23.765	102.6	97.2	80.8
5.7377	23.770	102.8	97.3	80.8
5.7378	23.775	102.8	97.2	80.6
5.7378	23.780	103.1	97.7	81.0
5.7378	23.785	103.3	97.7	81.0
5.7379	23.790	102.8	97.3	80.5
5.7379	23.795	102.3	96.9	80.0
5.7380	23.800	101.9	96.4	79.3
5.7381	23.805	101.8	96.3	79.3
5.7381	23.810	101.7	96.2	79.4
5.7382	23.815	101.5	95.9	79.2
5.7382	23.820	101.2	95.8	79.4
5.7382	23.825	101.4	96.1	79.3
5.7383	23.830	102.2	96.6	79.8
5.7383	23.835	102.4	97.0	80.2
5.7384	23.840	102.8	97.3	80.2
5.7385	23.845	103.3	97.8	80.9
5.7385	23.850	104.0	98.4	81.2
5.7386	23.855	104.7	99.3	81.8
5.7386	23.860	105.6	100.2	83.2
5.7386	23.865	106.1	100.6	83.9
5.7387	23.870	106.1	100.6	83.9
5.7387	23.875	106.3	101.1	84.1
5.7388	23.880	107.1	101.7	84.7
5.7389	23.885	107.0	101.7	85.1
5.7389	23.890	106.8	101.4	84.6
5.7389	23.895	106.5	101.0	84.6
5.7390	23.900	106.2	100.5	84.3
5.7390	23.905	105.6	100.4	83.8
5.7391	23.910	104.8	99.4	83.0
5.7392	23.915	104.1	98.6	82.1
5.7392	23.920	103.8	98.2	81.4
5.7393	23.925	104.2	98.7	81.6
5.7393	23.930	104.8	99.4	82.2
5.7393	23.935	105.0	99.7	82.9
5.7394	23.940	104.9	99.7	83.1
5.7394	23.945	105.2	99.9	83.1
5.7395	23.950	104.8	99.3	82.9
5.7396	23.955	104.3	98.6	81.9
5.7396	23.960	104.0	98.4	81.7
5.7397	23.965	103.5	98.1	81.0
5.7397	23.970	103.8	98.3	81.0
5.7397	23.975	103.7	98.1	81.1
5.7398	23.980	103.8	98.1	81.4
5.7398	23.985	103.5	97.9	81.2
5.7399	23.990	103.6	98.1	81.1
5.7400	23.995	103.7	97.9	81.1
5.7400	24.000	103.6	97.9	81.1
5.7401	24.005	104.0	98.4	81.4
5.7401	24.010	104.1	98.4	81.5
5.7401	24.015	104.2	98.6	81.4
5.7402	24.020	104.8	99.3	81.9
5.7402	24.025	105.2	99.8	82.7
5.7403	24.030	104.9	99.4	82.4
5.7404	24.035	104.6	99.2	82.0
5.7404	24.040	104.3	98.8	81.9
5.7405	24.045	104.2	98.6	81.7
5.7405	24.050	104.3	98.7	81.8
5.7405	24.055	104.7	99.2	82.1
5.7406	24.060	104.7	99.2	82.3
5.7406	24.065	104.9	99.1	82.1
5.7407	24.070	104.5	98.6	81.7
5.7408	24.075	104.4	98.6	81.6
5.7408	24.080	104.7	99.2	82.1
5.7409	24.085	105.0	99.5	82.3
5.7409	24.090	104.9	99.3	82.6
5.7409	24.095	104.5	98.9	82.0
5.7410	24.100	104.1	98.6	81.7
5.7411	24.105	103.9	98.3	81.5
5.7411	24.110	102.8	97.3	80.9
5.7412	24.115	102.4	96.9	80.5
5.7412	24.120	102.6	97.1	80.4
5.7412	24.125	103.0	97.5	80.6
5.7413	24.130	103.5	97.9	80.8
5.7413	24.135	103.6	97.9	80.7
5.7414	24.140	103.7	98.0	80.6
5.7415	24.145	104.0	98.3	80.9
5.7415	24.150	104.2	98.4	81.3
5.7416	24.155	103.7	98.1	81.2
5.7416	24.160	103.4	97.7	80.9
5.7416	24.165	103.1	97.4	80.5
5.7417	24.170	102.7	97.1	80.5
5.7417	24.175	102.2	96.6	80.1
5.7418	24.180	102.3	96.8	80.3
5.7419	24.185	102.2	96.8	80.2
5.7419	24.190	102.1	96.5	80.0
5.7420	24.195	102.4	96.9	80.1
5.7420	24.200	102.6	97.0	80.3
5.7420	24.205	102.8	97.3	80.2
5.7421	24.210	102.9	97.4	80.3
5.7421	24.215	102.9	97.1	80.3
5.7422	24.220	102.5	96.7	79.9
5.7423	24.225	102.6	96.9	79.8
5.7423	24.230	102.8	97.0	79.9
5.7424	24.235	102.7	96.9	80.0
5.7424	24.240	103.4	97.6	80.4
5.7424	24.245	103.6	97.8	80.7
5.7425	24.250	103.8	98.0	80.8
5.7425	24.255	104.0	98.0	81.0
5.7426	24.260	104.2	98.3	81.0
5.7427	24.265	104.3	98.4	81.1
5.7427	24.270	104.3	98.5	81.3
5.7428	24.275	104.3	98.3	81.5
5.7428	24.280	104.2	98.5	81.3
5.7428	24.285	104.0	98.0	81.0
5.7429	24.290	104.4	98.5	81.1
5.7430	24.295	104.7	98.9	81.8
5.7430	24.300	104.8	99.1	81.8
5.7431	24.305	105.2	99.4	82.2
5.7431	24.310	105.0	99.2	82.4
5.7431	24.315	104.6	98.7	81.9
5.7432	24.320	104.7	99.0	81.7
5.7432	24.325	104.8	98.9	81.8
5.7433	24.330	104.7	98.8	81.7
5.7434	24.335	104.5	98.7	81.7
5.7434	24.340	104.1	98.2	81.2
5.7435	24.345	103.9	98.0	80.8
5.7435	24.350	103.8	97.8	80.7
5.7435	24.355	103.8	97.8	80.6
5.7436	24.360	103.9	97.9	80.7
5.7436	24.365	104.1	98.3	80.9
5.7437	24.370	104.1	98.1	81.1
5.7438	24.375	103.8	97.7	80.7
5.7438	24.380	103.4	97.5	80.4
5.7439	24.385	103.0	97.1	80.2
5.7439	24.390	103.0	97.1	79.9
5.7439	24.395	103.4	97.4	80.4
5.7440	24.400	103.4	97.4	80.4
5.7440	24.405	103.0	96.8	79.8
5.7441	24.410	102.3	96.4	79.1
5.7442	24.415	101.7	95.6	78.5
5.7442	24.420	101.5	95.4	78.4
5.7443	24.425	101.5	95.6	78.2
5.7443	24.430	102.3	96.4	78.7
5.7443	24.435	102.8	96.9	79.3
5.7444	24.440	103.5	97.9	80.0
5.7444	24.445	104.2	98.3	80.8
5.7445	24.450	104.1	98.1	80.7
5.7446	24.455	103.8	97.7	80.6
5.7446	24.460	103.6	97.6	80.3
5.7447	24.465	103.5	97.5	80.4
5.7447	24.470	103.5	97.4	80.1
5.7447	24.475	103.7	97.5	80.2
5.7448	24.480	104.0	97.9	80.3
5.7448	24.485	103.2	97.0	79.9
5.7449	24.490	102.6	96.5	79.1
5.7450	24.495	102.4	96.3	79.1
5.7450	24.500	102.0	96.0	78.8
5.7450	24.505	102.4	96.3	79.2
5.7451	24.510	102.9	96.9	80.0
5.7451	24.515	103.0	97.0	80.0
5.7452	24.520	103.2	97.2	79.9
5.7453	24.525	102.5	96.5	79.7
5.7453	24.530	102.3	96.2	79.2
5.7454	24.535	102.5	96.5	79.2
5.7454	24.540	103.2	96.9	79.5
5.7454	24.545	103.6	97.3	79.7
5.7455	24.550	103.6	97.5	80.1
5.7455	24.555	103.5	97.6	80.3
5.7456	24.560	104.0	98.1	80.5
5.7457	24.565	104.3	98.4	81.0
5.7457	24.570	104.5	98.6	81.0
5.7458	24.575	104.8	99.0	81.3
5.7458	24.580	104.8	98.8	81.7
5.7458	24.585	104.0	97.9	81.1
5.7459	24.590	103.7	97.6	80.5
5.7459	24.595	103.5	97.4	80.1
5.7460	24.600	104.0	97.9	80.2
5.7461	24.605	104.5	98.4	81.0
5.7461	24.610	104.4	98.2	80.9
5.7462	24.615	104.7	98.6	81.2
5.7462	24.620	104.5	98.5	81.3
5.7462	24.625	104.4	98.4	81.2
5.7463	24.630	104.2	98.4	81.1
5.7463	24.635	104.0	98.3	81.1
5.7464	24.640	104.0	98.3	80.9
5.7465	24.645	104.2	98.5	81.2
5.7465	24.650	104.3	98.6	81.2
5.7466	24.655	104.4	98.6	81.4
5.7466	24.660	104.5	98.5	81.5
5.7466	24.665	104.0	98.3	81.3
5.7467	24.670	103.6	97.7	81.0
5.7467	24.675	102.9	97.1	80.5
5.7468	24.680	101.7	96.1	80.1
5.7469	24.685	100.2	94.7	79.4
5.7469	24.690	99.3	94.0	78.4
5.7470	24.695	99.7	94.6	78.4
5.7470	24.700	100.9	95.6	79.2
5.7470	24.705	102.0	96.7	79.9
5.7471	24.710	103.4	98.0	80.7
5.7472	24.715	104.0	98.3	81.4
5.7472	24.720	104.5	98.9	81.6
5.7473	24.725	105.0	99.2	82.0
5.7473	24.730	105.0	99.3	82.0
5.7473	24.735	104.7	98.9	81.9
5.7474	24.740	104.4	98.7	81.4
5.7474	24.745	104.0	98.3	81.1
5.7475	24.750	104.6	98.6	81.0
5.7476	24.755	105.2	99.3	81.8
5.7476	24.760	105.4	99.6	82.0
5.7477	24.765	106.0	100.1	82.3
5.7477	24.770	106.4	100.5	82.7
5.7477	24.775	106.2	100.4	82.7
5.7478	24.780	105.8	99.7	82.3
5.7478	24.785	105.6	99.8	82.1
5.7479	24.790	105.7	99.7	81.9
5.7480	24.795	105.9	99.8	81.9
5.7480	24.800	106.2	100.3	82.6
5.7481	24.805	106.0	99.9	82.8
5.7481	24.810	105.5	99.6	82.2
5.7481	24.815	106.0	100.1	82.4
5.7482	24.820	106.3	100.5	83.2
5.7482	24.825	106.2	100.4	83.2
5.7483	24.830	106.4	100.5	83.1
5.7484	24.835	107.0	101.2	83.7
5.7484	24.840	107.6	101.8	84.2
5.7485	24.845	107.4	101.6	84.3
5.7485	24.850	107.2	101.4	84.1
5.7485	24.855	107.0	101.0	83.9
5.7486	24.860	106.7	100.7	83.5
5.7486	24.865	106.3	100.6	83.3
5.7487	24.870	106.2	100.3	82.9
5.7488	24.875	106.7	100.9	83.4
5.7488	24.880	107.2	101.5	84.1
5.7489	24.885	107.3	101.3	84.2
5.7489	24.890	107.0	101.2	83.7
5.7489	24.895	107.3	101.5	83.8
5.7490	24.900	107.8	101.7	84.0
5.7491	24.905	107.6	101.6	84.4
5.7491	24.910	107.2	101.2	83.9
5.7492	24.915	107.3	101.6	84.0
5.7492	24.920	107.6	101.8	84.4
5.7492	24.925	107.5	101.6	84.3
5.7493	24.930	107.6	102.0	84.2
5.7493	24.935	107.9	102.2	84.5
5.7494	24.940	107.8	102.0	84.6
5.7495	24.945	108.0	102.2	84.7
5.7495	24.950	108.2	102.2	84.7
5.7496	24.955	108.0	102.1	84.6
5.7496	24.960	107.8	101.8	84.3
5.7496	24.965	107.7	101.7	84.1
5.7497	24.970	107.8	101.9	84.0
5.7497	24.975	108.0	101.9	84.3
5.7498	24.980	108.0	102.0	84.4
5.7499	24.985	107.8	101.9	84.4
5.7499	24.990	107.6	101.7	84.2
5.7500	24.995	107.9	101.8	84.3
5.7500	25.000	108.4	102.4	84.5
5.7500	25.005	108.2	102.2	84.8
5.7501	25.010	107.9	102.0	84.3
5.7501	25.015	108.0	101.9	84.3
5.7502	25.020	107.4	101.4	83.8
5.7503	25.025	107.2	101.1	83.5
5.7503	25.030	106.8	100.9	83.4
5.7504	25.035	107.0	101.1	83.5
5.7504	25.040	107.8	102.0	84.2
5.7504	25.045	108.1	102.0	84.7
5.7505	25.050	108.0	101.9	84.0
5.7505	25.055	107.7	101.7	84.2
5.7506	25.060	107.0	101.1	84.0
5.7507	25.065	107.4	101.5	84.2
5.7507	25.070	108.1	102.3	85.1
5.7508	25.075	107.8	101.8	84.7
5.7508	25.080	108.5	102.4	84.4
5.7508	25.085	109.6	103.3	85.1
5.7509	25.090	109.9	103.4	85.1
5.7509	25.095	110.3	103.8	85.2
5.7510	25.100	110.6	104.0	85.4
5.7511	25.105	111.3	104.8	86.1
5.7511	25.110	111.8	105.4	86.9
5.7511	25.115	112.1	105.5	87.1
5.7512	25.120	112.0	105.6	87.0
5.7512	25.125	112.7	106.2	87.5
5.7513	25.130	112.7	106.1	87.6
5.7514	25.135	112.6	105.9	87.4
5.7514	25.140	112.1	105.5	86.8
5.7515	25.145	112.0	105.3	86.5
5.7515	25.150	111.9	105.2	86.3
5.7515	25.155	112.2	105.5	86.8
5.7516	25.160	112.3	105.6	86.9
5.7516	25.165	112.1	105.4	86.9
5.7517	25.170	111.9	105.2	86.5
5.7518	25.175	111.7	105.2	86.7
5.7518	25.180	111.8	105.1	86.4
5.7519	25.185	111.6	105.0	86.4
5.7519	25.190	111.2	104.5	85.8
5.7519	25.195	111.2	104.6	85.8
5.7520	25.200	111.0	104.2	85.4
5.7520	25.205	111.1	104.3	85.5
5.7521	25.210	111.1	104.6	85.5
5.7522	25.215	111.0	104.4	85.9
5.7522	25.220	110.7	104.2	85.8
5.7523	25.225	110.7	104.3	85.8
5.7523	25.230	110.6	104.0	85.7
5.7523	25.235	109.8	103.1	84.8
5.7524	25.240	109.1	102.3	83.9
5.7524	25.245	108.9	102.1	83.5
5.7525	25.250	108.7	102.0	83.4
5.7526	25.255	108.4	101.9	83.4
5.7526	25.260	108.3	101.6	83.2
5.7527	25.265	108.4	101.7	83.1
5.7527	25.270	108.7	102.0	83.2
5.7527	25.275	108.4	101.7	83.1
5.7528	25.280	108.2	101.7	82.9
5.7529	25.285	108.4	101.8	83.0
5.7529	25.290	108.7	102.2	83.3
5.7530	25.295	108.6	102.0	83.6
5.7530	25.300	108.4	101.7	83.3
5.7530	25.305	108.1	101.5	82.9
5.7531	25.310	108.4	101.9	83.3
5.7531	25.315	108.5	102.0	83.5
5.7532	25.320	108.5	102.1	83.4
5.7532	25.325	108.6	102.2	83.4
5.7533	25.330	108.9	102.3	83.7
5.7534	25.335	108.8	102.3	83.9
5.7534	25.340	108.6	102.1	83.7
5.7534	25.345	108.6	102.2	83.6
5.7535	25.350	109.0	102.5	84.1
5.7535	25.355	108.8	102.1	84.0
5.7536	25.360	107.8	101.3	83.5
5.7537	25.365	107.5	101.1	82.9
5.7537	25.370	107.4	101.0	82.9
5.7538	25.375	106.9	100.1	82.2
5.7538	25.380	106.4	99.9	81.7
5.7538	25.385	106.1	99.6	81.5
5.7539	25.390	105.8	99.2	81.3
5.7539	25.395	105.3	98.6	81.0
5.7540	25.400	104.7	98.4	80.4
5.7541	25.405	105.0	98.6	80.6
5.7541	25.410	104.6	98.2	80.7
5.7542	25.415	104.6	98.1	80.2
5.7542	25.420	105.1	98.7	80.5
5.7542	25.425	105.3	99.0	81.1
5.7543	25.430	105.4	99.1	81.4
5.7543	25.435	105.7	99.2	81.5
5.7544	25.440	105.6	99.3	81.5
5.7545	25.445	105.9	99.6	82.0
5.7545	25.450	106.2	100.0	82.0
5.7546	25.455	106.7	100.5	82.8
5.7546	25.460	106.9	100.4	82.7
5.7546	25.465	107.0	100.6	82.6
5.7547	25.470	107.6	101.2	83.2
5.7547	25.475	107.6	101.2	83.3
5.7548	25.480	108.0	101.8	83.9
5.7549	25.485	108.1	101.7	83.8
5.7549	25.490	107.8	101.2	83.3
5.7550	25.495	107.7	101.3	83.0
5.7550	25.500	107.8	101.4	83.3
5.7550	25.505	107.8	101.5	83.1
5.7551	25.510	107.8	101.5	83.2
5.7552	25.515	108.0	101.8	83.6
5.7552	25.520	108.3	102.0	83.8
5.7553	25.525	108.4	102.2	84.1
5.7553	25.530	108.8	102.6	84.5
5.7553	25.535	109.0	102.7	84.7
5.7554	25.540	109.0	102.8	84.9
5.7554	25.545	108.7	102.4	84.6
5.7555	25.550	108.6	102.5	84.5
5.7556	25.555	108.8	102.5	84.3
5.7556	25.560	109.6	103.2	84.9
5.7557	25.565	109.7	103.4	85.6
5.7557	25.570	109.7	103.3	85.5
5.7557	25.575	109.9	103.8	85.6
5.7558	25.580	109.9	103.8	85.7
5.7558	25.585	110.1	104.0	85.6
5.7559	25.590	110.4	104.3	86.0
5.7560	25.595	110.0	103.7	85.5
5.7560	25.600	110.1	103.7	85.4
5.7561	25.605	110.2	103.8	85.4
5.7561	25.610	110.1	103.8	85.6
5.7561	25.615	110.0	103.6	85.4
5.7562	25.620	109.9	103.5	84.9
5.7562	25.625	109.3	103.0	84.5
5.7563	25.630	109.4	103.0	84.4
5.7564	25.635	109.8	103.4	84.8
5.7564	25.640	109.9	103.6	85.2
5.7565	25.645	110.2	103.8	85.4
5.7565	25.650	110.4	104.0	85.7
5.7565	25.655	111.2	104.7	86.1
5.7566	25.660	111.5	105.2	86.6
5.7566	25.665	111.8	105.4	86.9
5.7567	25.670	111.1	104.6	86.4
5.7568	25.675	110.5	104.0	85.5
5.7568	25.680	110.5	103.8	85.1
5.7569	25.685	110.6	104.0	85.5
5.7569	25.690	110.7	104.0	85.6
5.7569	25.695	111.2	104.6	86.0
5.7570	25.700	111.2	104.5	86.3
5.7570	25.705	111.1	104.5	86.0
5.7571	25.710	111.4	104.8	86.3
5.7572	25.715	111.4	104.7	86.2
5.7572	25.720	111.0	104.4	85.9
5.7572	25.725	110.9	104.4	85.9
5.7573	25.730	110.9	104.3	85.8
5.7573	25.735	110.7	104.1	85.6
5.7574	25.740	111.0	104.4	85.9
5.7575	25.745	110.6	103.9	85.4
5.7575	25.750	110.3	103.6	85.2
5.7576	25.755	110.2	103.5	85.1
5.7576	25.760	110.3	103.8	85.2
5.7576	25.765	110.5	103.9	85.5
5.7577	25.770	110.6	104.3	85.6
5.7577	25.775	111.3	104.9	86.5
5.7578	25.780	111.5	104.9	86.4
5.7579	25.785	112.0	105.3	87.1
5.7579	25.790	111.4	104.7	86.3
5.7580	25.795	111.5	104.9	86.4
5.7580	25.800	111.1	104.6	86.0
5.7580	25.805	111.4	104.9	86.0
5.7581	25.810	111.8	104.9	86.1
5.7581	25.815	111.8	105.1	86.4
5.7582	25.820	112.2	105.5	86.8
5.7583	25.825	112.5	105.9	87.1
5.7583	25.830	112.9	106.4	87.8
5.7584	25.835	112.5	105.9	87.7
5.7584	25.840	112.3	105.7	87.5
5.7584	25.845	112.1	105.7	87.4
5.7585	25.850	111.7	105.3	87.0
5.7585	25.855	111.7	105.3	86.8
5.7586	25.860	111.7	105.2	87.2
5.7587	25.865	111.2	104.7	86.8
5.7587	25.870	111.4	104.8	86.5
5.7588	25.875	111.7	105.1	86.8
5.7588	25.880	111.6	105.0	86.7
5.7588	25.885	111.7	105.4	87.0
5.7589	25.890	112.2	105.8	87.1
5.7590	25.895	112.4	106.0	87.8
5.7590	25.900	112.0	105.4	87.4
5.7591	25.905	111.4	105.1	86.8
5.7591	25.910	111.8	105.4	87.1
5.7591	25.915	111.5	105.1	87.1
5.7592	25.920	110.9	104.5	86.8
5.7592	25.925	110.1	103.8	86.2
5.7593	25.930	110.3	104.0	86.0
5.7593	25.935	111.2	105.1	86.8
5.7594	25.940	111.9	105.6	87.5
5.7595	25.945	112.0	105.8	87.7
5.7595	25.950	112.1	105.6	87.6
5.7595	25.955	112.2	105.8	87.3
5.7596	25.960	112.4	106.2	87.8
5.7596	25.965	112.5	106.2	87.6
5.7597	25.970	112.4	106.1	87.6
5.7598	25.975	112.3	105.8	87.5
5.7598	25.980	112.2	105.9	87.6
5.7599	25.985	112.3	105.9	87.6
5.7599	25.990	112.7	106.3	87.9
5.7599	25.995	112.7	106.2	88.2
5.7600	26.000	112.3	105.8	87.8
5.7600	26.005	112.0	105.6	87.5
5.7601	26.010	111.6	105.2	87.2
5.7602	26.015	111.6	105.3	87.3
5.7602	26.020	111.9	105.6	87.4
5.7603	26.025	112.0	105.6	87.5
5.7603	26.030	112.4	106.1	87.7
5.7603	26.035	113.0	106.5	88.3
5.7604	26.040	113.2	106.9	88.3
5.7604	26.045	113.5	107.1	88.6
5.7605	26.050	113.7	107.2	88.7
5.7606	26.055	113.6	107.1	88.8
5.7606	26.060	113.3	107.0	88.7
5.7607	26.065	113.5	107.2	88.8
5.7607	26.070	113.6	107.2	88.8
5.7607	26.075	113.6	107.1	88.9
5.7608	26.080	113.6	106.9	88.7
5.7608	26.085	113.8	107.2	88.7
5.7609	26.090	114.1	107.6	89.0
5.7610	26.095	114.7	108.1	89.6
5.7610	26.100	115.0	108.3	89.7
5.7611	26.105	115.0	108.2	89.8
5.7611	26.110	114.7	108.0	89.6
5.7611	26.115	114.5	107.8	89.5
5.7612	26.120	114.1	107.3	89.1
5.7613	26.125	113.7	107.0	88.9
5.7613	26.130	113.3	106.7	88.5
5.7614	26.135	113.0	106.3	88.2
5.7614	26.140	113.2	106.8	88.5
5.7614	26.145	113.4	106.9	88.5
5.7615	26.150	113.2	106.6	88.4
5.7615	26.155	113.4	107.0	88.4
5.7616	26.160	113.3	106.7	88.3
5.7617	26.165	113.7	107.4	88.5
5.7617	26.170	114.0	107.6	89.1
5.7618	26.175	114.0	107.8	89.4
5.7618	26.180	113.8	107.7	89.5
5.7618	26.185	114.0	107.8	89.8
5.7619	26.190	113.6	107.4	89.6
5.7619	26.195	113.4	107.3	89.1
5.7620	26.200	113.3	107.1	89.1
5.7621	26.205	113.2	107.0	89.0
5.7621	26.210	113.1	106.8	88.6
5.7622	26.215	112.5	106.2	88.1
5.7622	26.220	112.5	106.2	87.8
5.7622	26.225	112.3	105.9	87.6
5.7623	26.230	112.3	105.9	87.6
5.7623	26.235	112.4	106.0	87.8
5.7624	26.240	112.1	105.5	87.1
5.7625	26.245	112.0	105.6	86.7
5.7625	26.250	112.0	105.5	87.0
5.7626	26.255	112.0	105.5	87.0
5.7626	26.260	112.2	105.8	87.4
5.7626	26.265	112.9	106.4	88.1
5.7627	26.270	112.8	106.0	88.1
5.7627	26.275	111.2	104.7	87.0
5.7628	26.280	109.4	102.7	85.1
5.7629	26.285	110.1	103.7	84.8
5.7629	26.290	112.0	105.5	86.2
5.7630	26.295	113.2	106.6	87.7
5.7630	26.300	113.4	107.0	88.5
5.7630	26.305	113.3	106.9	88.6
5.7631	26.310	113.1	106.7	88.3
5.7631	26.315	113.0	106.5	88.0
5.7632	26.320	112.8	106.3	87.9
5.7633	26.325	112.9	106.4	87.8
5.7633	26.330	113.0	106.3	88.1
5.7633	26.335	112.8	106.2	87.6
5.7634	26.340	113.1	106.6	87.9
5.7634	26.345	113.8	107.2	88.7
5.7635	26.350	114.0	107.4	89.0
5.7636	26.355	114.0	107.6	89.1
5.7636	26.360	113.7	107.3	89.0
5.7637	26.365	113.7	107.4	88.8
5.7637	26.370	113.4	107.1	88.7
5.7637	26.375	113.3	107.1	88.6
5.7638	26.380	113.6	107.3	89.1
5.7638	26.385	113.3	106.8	88.8
5.7639	26.390	113.3	106.8	88.5
5.7640	26.395	113.5	107.2	88.8
5.7640	26.400	113.5	107.1	88.8
5.7641	26.405	113.7	107.5	89.0
5.7641	26.410	113.1	106.9	89.2
5.7641	26.415	111.9	105.9	88.4
5.7642	26.420	110.3	104.4	87.2
5.7642	26.425	109.6	104.0	86.4
5.7643	26.430	109.8	104.0	86.5
5.7644	26.435	109.7	104.0	86.7
5.7644	26.440	109.7	104.1	86.9
5.7645	26.445	109.9	104.1	86.9
5.7645	26.450	110.3	104.4	87.1
5.7645	26.455	110.3	104.4	87.0
5.7646	26.460	111.0	105.0	87.3
5.7646	26.465	111.2	105.2	87.6
5.7647	26.470	112.0	106.0	88.3
5.7648	26.475	113.1	107.0	89.2
5.7648	26.480	113.4	107.4	89.3
5.7649	26.485	113.9	107.8	89.8
5.7649	26.490	114.2	108.0	89.9
5.7649	26.495	114.4	108.4	90.0
5.7650	26.500	114.6	108.5	90.3
5.7651	26.505	114.5	108.3	90.1
5.7651	26.510	115.0	109.1	90.6
5.7652	26.515	114.4	108.2	90.5
5.7652	26.520	114.4	108.1	90.1
5.7652	26.525	114.6	108.3	90.2
5.7653	26.530	114.7	108.4	90.0
5.7653	26.535	114.5	108.4	90.4
5.7654	26.540	114.4	108.1	89.8
5.7655	26.545	114.7	108.4	90.2
5.7655	26.550	114.0	107.8	90.0
5.7656	26.555	114.0	107.8	89.5
5.7656	26.560	114.5	108.4	90.2
5.7656	26.565	114.7	108.5	90.5
5.7657	26.570	114.8	108.5	90.3
5.7657	26.575	114.9	108.9	90.7
5.7658	26.580	114.9	108.7	90.4
5.7659	26.585	114.6	108.2	90.2
5.7659	26.590	113.5	107.1	88.8
5.7660	26.595	114.7	108.5	89.9
5.7660	26.600	115.0	108.7	90.5
5.7660	26.605	115.1	108.8	90.7
5.7661	26.610	114.8	108.4	90.4
5.7661	26.615	114.6	108.4	90.2
5.7662	26.620	114.1	107.8	89.9
5.7663	26.625	113.8	107.5	89.4
5.7663	26.630	114.1	108.0	89.7
5.7664	26.635	114.7	108.5	90.4
5.7664	26.640	114.6	108.3	90.4
5.7664	26.645	114.5	108.3	90.1
5.7665	26.650	114.7	108.4	90.2
5.7665	26.655	114.7	108.6	90.5
5.7666	26.660	115.1	109.0	90.8
5.7667	26.665	114.8	108.6	90.7
5.7667	26.670	115.0	109.0	90.5
5.7668	26.675	115.6	109.6	91.6
5.7668	26.680	115.4	109.2	91.5
5.7668	26.685	115.2	109.0	91.0
5.7669	26.690	115.5	109.3	91.1
5.7669	26.695	115.8	109.4	91.2
5.7670	26.700	115.9	109.5	91.3
5.7671	26.705	115.9	109.6	91.4
5.7671	26.710	116.0	109.6	91.4
5.7671	26.715	115.7	109.5	91.3
5.7672	26.720	115.6	109.5	91.3
5.7672	26.725	115.4	109.3	91.3
5.7673	26.730	115.2	109.0	91.0
5.7674	26.735	114.9	108.8	90.8
5.7674	26.740	115.0	108.9	90.9
5.7675	26.745	115.3	109.1	91.2
5.7675	26.750	115.0	108.9	90.8
5.7675	26.755	115.1	108.9	90.8
5.7676	26.760	115.2	109.0	90.6
5.7676	26.765	115.5	109.4	91.1
5.7677	26.770	115.5	109.4	91.1
5.7678	26.775	115.7	109.6	91.2
5.7678	26.780	115.7	109.6	91.4
5.7679	26.785	115.7	109.5	91.4
5.7679	26.790	115.6	109.5	91.3
5.7679	26.795	115.2	109.0	91.0
5.7680	26.800	115.3	109.3	91.0
5.7680	26.805	115.7	109.8	91.5
5.7681	26.810	115.6	109.5	91.5
5.7682	26.815	115.2	109.0	91.0
5.7682	26.820	115.0	108.9	90.8
5.7683	26.825	114.6	108.5	90.2
5.7683	26.830	114.8	108.8	90.4
5.7683	26.835	114.3	108.2	90.2
5.7684	26.840	114.2	108.0	89.8
5.7684	26.845	114.0	108.0	89.8
5.7685	26.850	114.0	107.9	89.7
5.7686	26.855	114.1	108.0	89.8
5.7686	26.860	114.1	108.1	90.0
5.7687	26.865	114.4	108.5	90.3
5.7687	26.870	114.3	108.5	90.3
5.7687	26.875	114.5	108.6	90.3
5.7688	26.880	114.7	108.7	90.6
5.7689	26.885	115.0	109.0	90.6
5.7689	26.890	114.9	108.7	90.7
5.7690	26.895	114.6	108.6	90.2
5.7690	26.900	114.6	108.8	90.4
5.7691	26.905	114.9	109.1	90.5
5.7691	26.910	115.0	109.0	90.7
5.7691	26.915	115.2	109.4	91.3
5.7692	26.920	115.6	109.6	91.3
5.7692	26.925	115.7	109.8	91.6
5.7693	26.930	115.5	109.7	91.8
5.7694	26.935	115.5	109.6	91.8
5.7694	26.940	115.0	109.0	90.9
5.7694	26.945	115.0	109.2	90.8
5.7695	26.950	115.0	108.9	90.5
5.7695	26.955	114.9	108.6	90.4
5.7696	26.960	114.6	108.5	90.3
5.7697	26.965	115.0	108.7	90.4
5.7697	26.970	115.0	108.8	90.6
5.7698	26.975	115.1	108.9	90.7
5.7698	26.980	115.1	109.0	90.8
5.7698	26.985	115.1	109.1	90.9
5.7699	26.990	115.1	109.0	91.0
5.7699	26.995	115.1	109.1	90.9
5.7700	27.000	115.2	109.3	91.2
5.7701	27.005	114.8	108.9	91.2
5.7701	27.010	114.7	108.8	90.8
5.7702	27.015	114.5	108.6	90.7
5.7702	27.020	114.5	108.5	90.7
5.7702	27.025	114.1	108.1	90.4
5.7703	27.030	113.7	107.8	89.8
5.7703	27.035	114.5	108.6	90.2
5.7704	27.040	114.9	108.7	90.8
5.7705	27.045	114.7	108.5	90.7
5.7705	27.050	114.4	108.4	90.3
5.7706	27.055	114.6	108.5	90.3
5.7706	27.060	115.0	109.2	90.9
5.7706	27.065	114.9	109.1	91.3
5.7707	27.070	114.3	108.4	90.5
5.7707	27.075	114.1	108.0	90.1
5.7708	27.080	114.3	108.4	90.0
5.7709	27.085	114.8	109.1	90.8
5.7709	27.090	115.2	109.3	91.3
5.7710	27.095	114.9	108.9	91.2
5.7710	27.100	114.8	108.9	90.9
5.7710	27.105	114.9	108.9	90.8
5.7711	27.110	114.5	108.4	90.5
5.7712	27.115	113.9	107.9	89.9
5.7712	27.120	114.3	108.4	90.3
5.7713	27.125	113.7	107.8	90.2
5.7713	27.130	113.3	107.4	89.5
5.7713	27.135	113.0	107.2	89.4
5.7714	27.140	112.6	106.7	89.0
5.7714	27.145	112.5	106.7	88.7
5.7715	27.150	112.9	107.0	88.9
5.7716	27.155	113.1	107.0	88.9
5.7716	27.160	113.3	107.2	89.1
5.7717	27.165	113.0	106.9	89.2
5.7717	27.170	112.1	106.0	88.3
5.7717	27.175	111.7	105.9	88.0
5.7718	27.180	112.1	106.2	88.2
5.7718	27.185	112.5	106.7	88.8
5.7719	27.190	112.9	107.1	89.2
5.7720	27.195	112.9	107.1	89.3
5.7720	27.200	112.6	106.7	89.2
5.7721	27.205	112.4	106.5	88.9
5.7721	27.210	112.8	107.1	89.3
5.7721	27.215	112.7	107.1	89.6
5.7722	27.220	112.7	107.2	89.6
5.7722	27.225	113.4	107.9	90.3
5.7723	27.230	114.3	108.9	91.6
5.7724	27.235	114.6	109.0	91.6
5.7724	27.240	114.5	109.0	91.6
5.7725	27.245	113.7	108.1	91.2
5.7725	27.250	112.6	107.1	90.1
5.7725	27.255	113.4	107.5	89.8
5.7726	27.260	114.1	108.4	90.7
5.7726	27.265	113.9	108.2	91.1
5.7727	27.270	113.5	107.9	90.7
5.7728	27.275	113.9	108.2	90.8
5.7728	27.280	113.8	108.2	91.0
5.7729	27.285	113.9	108.3	90.8
5.7729	27.290	114.4	108.8	91.1
5.7729	27.295	114.5	108.9	91.5
5.7730	27.300	114.9	109.4	91.9
5.7730	27.305	115.5	110.0	92.7
5.7731	27.310	115.3	109.7	92.7
5.7732	27.315	115.2	109.4	92.3
5.7732	27.320	115.0	109.2	91.8
5.7732	27.325	114.8	109.0	91.7
5.7733	27.330	114.4	108.8	91.2
5.7733	27.335	114.3	108.8	91.4
5.7734	27.340	114.2	108.6	91.4
5.7735	27.345	114.1	108.4	91.3
5.7735	27.350	113.8	108.2	91.0
5.7736	27.355	113.4	107.7	90.6
5.7736	27.360	113.2	107.5	90.4
5.7736	27.365	112.5	106.8	89.5
5.7737	27.370	112.4	107.0	89.7
5.7737	27.375	112.7	107.3	90.0
5.7738	27.380	113.8	108.4	90.9
5.7739	27.385	114.0	108.5	91.0
5.7739	27.390	114.3	108.7	91.2
5.7740	27.395	114.9	109.3	91.7
5.7740	27.400	115.2	109.6	92.2
5.7740	27.405	115.0	109.6	92.3
5.7741	27.410	114.8	109.2	91.9
5.7741	27.415	115.2	109.7	92.1
5.7742	27.420	115.4	109.9	92.8
5.7743	27.425	113.9	108.2	91.8
5.7743	27.430	112.4	106.9	89.9
5.7744	27.435	112.5	107.2	90.0
5.7744	27.440	112.3	107.0	90.1
5.7744	27.445	112.1	106.7	89.7
5.7745	27.450	112.0	106.5	89.5
5.7745	27.455	111.8	106.5	89.0
5.7746	27.460	112.2	106.7	89.5
5.7747	27.465	112.3	107.0	89.5
5.7747	27.470	113.3	107.9	90.2
5.7748	27.475	113.7	108.3	90.7
5.7748	27.480	113.1	107.7	90.6
5.7748	27.485	113.1	107.7	90.2
5.7749	27.490	113.6	108.0	90.5
5.7750	27.495	113.2	107.6	90.2
5.7750	27.500	113.6	108.0	90.3
5.7751	27.505	114.1	108.3	90.9
5.7751	27.510	113.8	108.1	90.9
5.7752	27.515	113.0	107.4	90.1
5.7752	27.520	113.3	107.7	90.2
5.7752	27.525	113.2	107.7	90.8
5.7753	27.530	112.9	107.5	90.1
5.7753	27.535	113.6	108.2	90.6
5.7754	27.540	114.0	108.4	91.1
5.7755	27.545	113.3	107.6	90.5
5.7755	27.550	112.8	107.1	89.6
5.7755	27.555	112.8	107.1	89.6
5.7756	27.560	112.9	107.2	89.6
5.7756	27.565	113.4	107.6	89.9
5.7757	27.570	113.7	107.9	90.2
5.7758	27.575	113.7	108.0	90.1
5.7758	27.580	113.7	108.0	90.3
5.7759	27.585	113.2	107.3	90.0
5.7759	27.590	112.4	106.6	89.1
5.7759	27.595	112.7	106.8	89.1
5.7760	27.600	112.3	106.5	88.9
5.7760	27.605	113.2	107.4	89.4
5.7761	27.610	113.7	107.8	90.1
5.7762	27.615	113.5	107.8	90.2
5.7762	27.620	113.1	107.1	89.9
5.7763	27.625	112.3	106.3	88.9
5.7763	27.630	111.9	106.0	88.8
5.7763	27.635	112.3	106.8	89.0
5.7764	27.640	112.4	106.7	89.5
5.7764	27.645	110.8	104.9	88.0
5.7765	27.650	108.7	102.8	86.2
5.7766	27.655	107.7	102.2	85.2
5.7766	27.660	108.3	102.8	85.5
5.7767	27.665	110.5	105.1	86.7
5.7767	27.670	112.6	107.1	89.3
5.7767	27.675	113.1	107.2	90.0
5.7768	27.680	113.5	107.7	90.0
5.7768	27.685	113.8	108.0	90.5
5.7769	27.690	113.9	108.1	90.7
5.7770	27.695	112.8	107.2	90.4
5.7770	27.700	112.2	106.5	89.3
5.7771	27.705	111.5	105.7	88.6
5.7771	27.710	112.0	106.5	89.0
5.7771	27.715	112.2	106.7	90.0
5.7772	27.720	111.4	105.9	89.0
5.7773	27.725	111.4	105.8	88.2
5.7773	27.730	112.5	106.9	89.0
5.7774	27.735	113.0	107.3	90.2
5.7774	27.740	112.3	106.7	89.7
5.7774	27.745	112.4	106.5	89.3
5.7775	27.750	113.8	108.2	90.4
5.7775	27.755	114.2	108.3	90.9
5.7776	27.760	114.0	108.2	90.5
5.7777	27.765	114.3	108.5	91.0
5.7777	27.770	114.1	108.3	90.9
5.7778	27.775	113.5	107.5	90.5
5.7778	27.780	113.4	107.5	90.2
5.7778	27.785	113.2	107.5	90.4
5.7779	27.790	112.7	107.0	89.7
5.7779	27.795	112.2	106.6	89.4
5.7780	27.800	112.0	106.4	89.2
5.7781	27.805	112.6	106.9	89.6
5.7781	27.810	112.4	106.7	89.9
5.7782	27.815	112.4	106.8	89.7
5.7782	27.820	112.1	106.4	89.2
5.7782	27.825	112.2	106.5	89.3
5.7783	27.830	112.4	106.8	89.7
5.7783	27.835	112.1	106.5	89.5
5.7784	27.840	112.0	106.4	89.3
5.7785	27.845	111.5	105.9	88.9
5.7785	27.850	111.0	105.4	88.5
5.7786	27.855	110.5	105.2	88.1
5.7786	27.860	110.5	105.2	88.0
5.7786	27.865	111.3	105.9	88.9
5.7787	27.870	111.8	106.2	89.3
5.7787	27.875	111.0	105.5	89.0
5.7788	27.880	110.6	105.1	88.5
5.7789	27.885	111.0	105.5	88.8
5.7789	27.890	110.6	105.3	88.7
5.7790	27.895	111.2	105.8	89.3
5.7790	27.900	110.9	105.6	88.9
5.7790	27.905	111.6	106.3	89.6
5.7791	27.910	111.5	106.1	89.5
5.7791	27.915	111.9	106.5	89.8
5.7792	27.920	111.5	106.0	89.4
5.7793	27.925	110.8	105.2	88.5
5.7793	27.930	110.5	105.0	88.2
5.7793	27.935	110.5	105.0	88.0
5.7794	27.940	111.0	105.5	88.5
5.7794	27.945	111.9	106.4	89.3
5.7795	27.950	111.9	106.3	89.4
5.7796	27.955	112.2	106.6	89.5
5.7796	27.960	112.5	107.0	90.0
5.7797	27.965	112.8	107.0	90.1
5.7797	27.970	112.5	106.8	90.2
5.7797	27.975	112.0	106.1	89.3
5.7798	27.980	112.2	106.5	89.4
5.7798	27.985	111.2	105.4	88.9
5.7799	27.990	110.7	104.8	87.9
5.7800	27.995	110.8	105.1	88.0
5.7800	28.000	111.4	105.7	88.7
5.7801	28.005	112.1	106.4	89.2
5.7801	28.010	111.9	106.3	89.4
5.7801	28.015	111.4	105.8	89.0
5.7802	28.020	111.0	105.4	88.7
5.7802	28.025	111.0	105.2	88.5
5.7803	28.030	111.0	105.3	88.4
5.7804	28.035	111.0	105.4	88.6
5.7804	28.040	110.8	104.9	88.4
5.7805	28.045	110.7	105.0	88.1
5.7805	28.050	111.1	105.4	88.6
5.7805	28.055	111.1	105.3	89.1
5.7806	28.060	110.8	104.9	88.4
5.7806	28.065	110.3	104.5	88.4
5.7807	28.070	109.7	104.0	87.7
5.7808	28.075	110.0	104.2	87.7
5.7808	28.080	109.9	104.2	87.7
5.7809	28.085	109.9	104.2	87.9
5.7809	28.090	109.6	103.9	87.6
5.7809	28.095	110.3	104.5	87.9
5.7810	28.100	109.9	104.0	88.0
5.7811	28.105	108.9	103.0	86.6
5.7811	28.110	108.4	102.5	86.0
5.7812	28.115	108.3	102.5	85.7
5.7812	28.120	108.3	102.5	85.6
5.7812	28.125	109.1	103.2	86.0
5.7813	28.130	109.5	103.5	86.5
5.7813	28.135	110.0	104.0	86.9
5.7814	28.140	109.8	103.8	86.9
5.7814	28.145	109.5	103.3	86.5
5.7815	28.150	109.2	103.3	86.2
5.7816	28.155	108.8	102.7	85.8
5.7816	28.160	108.4	102.2	85.0
5.7816	28.165	108.6	102.7	85.3
5.7817	28.170	108.6	102.6	85.8
5.7817	28.175	108.5	102.5	85.7
5.7818	28.180	108.7	102.7	85.6
5.7819	28.185	108.5	102.5	85.7
5.7819	28.190	108.2	102.2	85.4
5.7820	28.195	108.1	101.9	84.8
5.7820	28.200	107.5	101.3	84.6
5.7820	28.205	107.1	101.0	84.0
5.7821	28.210	107.1	101.0	84.1
5.7821	28.215	107.5	101.3	84.0
5.7822	28.220	108.0	102.0	84.8
5.7823	28.225	107.6	101.5	84.9
5.7823	28.230	106.8	100.7	84.2
5.7824	28.235	106.2	100.1	83.9
5.7824	28.240	105.6	99.6	83.2
5.7824	28.245	105.7	99.7	83.1
5.7825	28.250	106.1	100.1	83.2
5.7825	28.255	107.2	101.0	83.9
5.7826	28.260	108.1	102.0	84.7
5.7827	28.265	108.1	101.8	85.1
5.7827	28.270	107.9	101.7	84.9
5.7828	28.275	107.6	101.5	84.9
5.7828	28.280	107.5	101.3	84.4
5.7828	28.285	106.9	100.8	84.3
5.7829	28.290	106.5	100.3	83.6
5.7829	28.295	106.0	99.9	83.6
5.7830	28.300	105.3	99.0	82.6
5.7831	28.305	104.9	98.6	82.3
5.7831	28.310	105.1	98.8	81.9
5.7832	28.315	105.6	99.3	82.3
5.7832	28.320	105.5	99.4	82.4
5.7832	28.325	106.1	99.8	82.8
5.7833	28.330	106.8	100.5	83.4
5.7834	28.335	107.4	101.1	84.1
5.7834	28.340	107.5	101.3	84.3
5.7835	28.345	107.3	101.0	83.9
5.7835	28.350	107.4	100.9	83.9
5.7835	28.355	107.0	100.7	83.6
5.7836	28.360	106.8	100.4	83.3
5.7836	28.365	106.8	100.2	83.0
5.7837	28.370	106.3	100.0	82.7
5.7838	28.375	106.1	99.6	82.7
5.7838	28.380	105.8	99.4	82.6
5.7839	28.385	106.0	99.6	82.6
5.7839	28.390	106.7	100.2	82.9
5.7839	28.395	106.8	100.4	83.1
5.7840	28.400	106.7	100.2	83.2
5.7840	28.405	106.5	100.3	83.1
5.7841	28.410	106.5	100.0	83.2
5.7842	28.415	106.2	99.8	82.9
5.7842	28.420	106.2	99.8	82.7
5.7843	28.425	106.0	99.6	82.8
5.7843	28.430	105.7	99.2	82.1
5.7843	28.435	105.8	99.5	82.3
5.7844	28.440	105.9	99.5	82.6
5.7844	28.445	105.4	98.9	82.0
5.7845	28.450	105.2	98.8	81.9
5.7846	28.455	105.4	98.8	81.7
5.7846	28.460	105.2	98.5	81.7
5.7847	28.465	104.7	98.3	81.3
5.7847	28.470	104.1	97.5	80.8
5.7847	28.475	104.2	97.8	80.5
5.7848	28.480	104.7	98.3	81.0
5.7848	28.485	105.2	98.8	81.7
5.7849	28.490	105.2	98.9	82.0
5.7850	28.495	105.7	99.2	82.0
5.7850	28.500	105.7	99.2	82.2
5.7851	28.505	105.8	99.3	82.1
5.7851	28.510	105.8	99.3	82.3
5.7851	28.515	105.4	99.1	82.1
5.7852	28.520	105.3	98.9	82.0
5.7852	28.525	104.8	98.6	81.9
5.7853	28.530	104.7	98.4	81.8
5.7854	28.535	104.4	98.0	81.2
5.7854	28.540	104.6	98.2	81.2
5.7854	28.545	104.5	97.9	81.2
5.7855	28.550	104.4	97.9	80.7
5.7855	28.555	104.7	98.1	81.0
5.7856	28.560	104.8	98.1	81.3
5.7857	28.565	104.5	97.8	81.0
5.7857	28.570	104.5	98.0	80.8
5.7858	28.575	105.0	98.6	81.3
5.7858	28.580	105.4	99.1	81.8
5.7858	28.585	105.5	99.2	82.2
5.7859	28.590	105.4	99.2	82.3
5.7859	28.595	105.3	99.0	82.3
5.7860	28.600	104.7	98.5	82.0
5.7861	28.605	104.0	97.8	81.4
5.7861	28.610	104.3	98.1	81.3
5.7862	28.615	105.2	99.0	82.1
5.7862	28.620	105.8	99.5	82.7
5.7862	28.625	106.1	99.8	82.8
5.7863	28.630	106.2	99.7	82.7
5.7863	28.635	105.8	99.3	81.8
5.7864	28.640	106.3	100.0	82.3
5.7865	28.645	105.9	99.4	82.6
5.7865	28.650	105.8	99.4	82.1
5.7866	28.655	105.9	99.6	82.4
5.7866	28.660	106.3	99.9	82.8
5.7866	28.665	106.2	99.9	82.8
5.7867	28.670	106.2	99.8	82.6
5.7867	28.675	106.0	99.6	82.6
5.7868	28.680	105.4	99.0	82.3
5.7869	28.685	104.8	98.3	81.6
5.7869	28.690	104.2	98.0	81.2
5.7870	28.695	104.1	97.8	80.8
5.7870	28.700	104.1	97.9	80.8
5.7870	28.705	104.9	98.6	81.2
5.7871	28.710	104.7	98.3	81.2
5.7872	28.715	105.0	98.6	81.3
5.7872	28.720	105.1	98.6	81.4
5.7873	28.725	105.1	98.5	81.1
5.7873	28.730	105.1	98.8	81.0
5.7873	28.735	105.4	98.9	81.4
5.7874	28.740	105.5	99.0	81.7
5.7874	28.745	105.7	99.2	82.0
5.7875	28.750	105.1	98.6	81.6
5.7875	28.755	104.6	98.1	80.6
5.7876	28.760	104.5	98.1	80.6
5.7877	28.765	104.4	97.8	80.4
5.7877	28.770	104.5	98.0	80.6
5.7877	28.775	104.5	98.1	80.8
5.7878	28.780	105.0	98.8	81.4
5.7878	28.785	105.0	98.6	81.7
5.7879	28.790	104.5	98.1	81.3
5.7880	28.795	104.1	97.9	80.6
5.7880	28.800	104.2	98.0	80.6
5.7881	28.805	104.4	98.1	80.8
5.7881	28.810	105.0	98.8	81.2
5.7881	28.815	105.9	99.8	82.1
5.7882	28.820	105.9	99.6	82.5
5.7882	28.825	105.4	98.9	81.9
5.7883	28.830	105.8	99.2	81.8
5.7884	28.835	106.0	99.6	82.1
5.7884	28.840	106.3	100.0	82.7
5.7885	28.845	106.0	99.7	82.7
5.7885	28.850	106.0	99.8	82.6
5.7885	28.855	106.6	100.3	83.0
5.7886	28.860	106.4	100.1	82.8
5.7886	28.865	106.5	100.1	82.7
5.7887	28.870	106.5	100.1	83.0
5.7888	28.875	106.0	99.6	82.9
5.7888	28.880	105.6	99.3	82.3
5.7889	28.885	105.9	99.5	82.6
5.7889	28.890	105.7	99.3	82.2
5.7889	28.895	105.3	99.1	82.1
5.7890	28.900	104.7	98.6	81.8
5.7890	28.905	104.2	97.9	81.0
5.7891	28.910	103.8	97.6	80.3
5.7892	28.915	104.1	97.8	80.7
5.7892	28.920	104.5	98.3	81.1
5.7893	28.925	104.9	98.8	81.8
5.7893	28.930	104.9	98.7	81.9
5.7893	28.935	105.0	98.9	82.0
5.7894	28.940	104.7	98.6	81.9
5.7895	28.945	104.8	98.5	81.9
5.7895	28.950	104.4	98.0	81.2
5.7896	28.955	105.1	98.8	81.3
5.7896	28.960	106.2	99.6	82.3
5.7896	28.965	106.9	100.3	82.7
5.7897	28.970	106.8	100.2	82.9
5.7897	28.975	106.7	100.3	82.9
5.7898	28.980	106.1	99.6	82.3
5.7899	28.985	106.6	100.1	82.3
5.7899	28.990	107.2	100.6	83.0
5.7900	28.995	107.0	100.6	83.1
5.7900	29.000	106.9	100.1	82.7
5.7900	29.005	106.8	100.2	82.6
5.7901	29.010	107.1	100.4	82.9
5.7901	29.015	107.3	100.6	82.9
5.7902	29.020	107.3	100.9	83.2
5.7903	29.025	107.8	101.1	83.3
5.7903	29.030	107.4	100.8	83.2
5.7904	29.035	107.2	100.7	82.8
5.7904	29.040	107.8	101.2	83.4
5.7904	29.045	107.7	101.2	83.7
5.7905	29.050	107.8	101.3	83.7
5.7905	29.055	107.7	101.1	83.7
5.7906	29.060	106.9	100.2	83.0
5.7907	29.065	106.2	99.5	82.1
5.7907	29.070	105.8	99.0	81.6
5.7908	29.075	105.7	99.2	81.3
5.7908	29.080	106.3	99.7	81.9
5.7908	29.085	106.4	100.0	82.3
5.7909	29.090	106.3	99.9	82.3
5.7909	29.095	106.5	100.0	82.3
5.7910	29.100	106.9	100.2	82.6
5.7911	29.105	106.6	100.0	82.4
5.7911	29.110	106.1	99.3	82.0
5.7912	29.115	105.2	98.6	81.4
5.7912	29.120	105.7	99.0	81.2
5.7912	29.125	105.9	99.5	81.9
5.7913	29.130	106.3	99.7	81.9
5.7913	29.135	106.5	99.8	82.0
5.7914	29.140	106.6	99.8	81.9
5.7915	29.145	106.2	99.5	81.9
5.7915	29.150	106.2	99.5	81.8
5.7915	29.155	106.3	99.6	81.9
5.7916	29.160	106.3	99.5	81.9
5.7916	29.165	106.2	99.6	81.8
5.7917	29.170	105.8	98.9	81.5
5.7918	29.175	105.4	98.7	80.8
5.7918	29.180	106.0	99.4	81.4
5.7919	29.185	106.4	99.9	82.2
5.7919	29.190	106.1	99.3	82.0
5.7919	29.195	105.4	98.6	81.2
5.7920	29.200	105.0	98.2	80.6
5.7920	29.205	104.9	97.9	80.1
5.7921	29.210	104.8	97.8	80.0
5.7922	29.215	104.8	98.0	80.1
5.7922	29.220	104.8	98.0	80.0
5.7923	29.225	104.8	98.1	80.2
5.7923	29.230	104.6	97.7	80.2
5.7923	29.235	104.1	97.3	79.8
5.7924	29.240	104.1	97.5	79.5
5.7924	29.245	104.5	97.9	79.9
5.7925	29.250	105.0	98.3	80.3
5.7926	29.255	105.0	98.1	80.5
5.7926	29.260	105.3	98.7	80.6
5.7927	29.265	105.5	98.8	81.0
5.7927	29.270	105.4	98.8	81.1
5.7927	29.275	104.8	98.3	80.7
5.7928	29.280	104.5	98.0	80.3
5.7928	29.285	103.9	97.4	79.9
5.7929	29.290	103.9	97.2	79.4
5.7930	29.295	103.9	97.3	79.5
5.7930	29.300	104.1	97.6	80.0
5.7931	29.305	104.2	97.5	80.1
5.7931	29.310	103.9	97.2	79.7
5.7931	29.315	103.8	97.1	79.3
5.7932	29.320	103.8	97.1	79.1
5.7933	29.325	104.0	97.6	79.6
5.7933	29.330	104.6	98.4	80.5
5.7934	29.335	104.6	98.5	81.4
5.7934	29.340	103.7	97.6	80.7
5.7934	29.345	103.1	96.8	80.1
5.7935	29.350	102.5	96.2	79.4
5.7935	29.355	102.2	96.1	79.3
5.7936	29.360	102.1	95.9	78.9
5.7936	29.365	102.1	95.8	78.7
5.7937	29.370	102.3	96.0	78.8
5.7938	29.375	101.7	95.2	78.1
5.7938	29.380	101.3	94.8	77.5
5.7938	29.385	101.6	95.0	77.6
5.7939	29.390	102.0	95.6	77.9
5.7939	29.395	102.8	96.4	78.9
5.7940	29.400	103.9	97.6	79.8
5.7941	29.405	104.3	97.8	80.5
5.7941	29.410	104.3	97.9	80.4
5.7942	29.415	104.5	98.1	80.7
5.7942	29.420	104.3	98.0	80.5
5.7942	29.425	104.4	98.2	80.6
5.7943	29.430	104.8	98.5	81.0
5.7943	29.435	104.7	98.5	81.1
5.7944	29.440	104.6	98.4	81.0
5.7945	29.445	105.1	98.8	81.3
5.7945	29.450	104.9	98.6	81.4
5.7946	29.455	104.5	98.3	81.1
5.7946	29.460	104.1	97.8	80.8
5.7946	29.465	104.0	97.8	80.6
5.7947	29.470	104.2	98.0	80.4
5.7947	29.475	104.5	98.4	80.9
5.7948	29.480	104.5	98.4	81.0
5.7949	29.485	104.5	98.3	81.2
5.7949	29.490	103.9	97.7	80.6
5.7950	29.495	103.9	97.7	80.3
5.7950	29.500	103.5	97.3	79.9
5.7950	29.505	103.6	97.5	79.9
5.7951	29.510	103.7	97.7	79.9
5.7951	29.515	103.6	97.5	80.1
5.7952	29.520	103.7	97.8	80.0
5.7953	29.525	104.1	98.1	80.7
5.7953	29.530	103.6	97.6	80.4
5.7954	29.535	104.0	98.1	80.5
5.7954	29.540	104.7	98.7	81.4
5.7954	29.545	104.8	99.0	81.6
5.7955	29.550	104.9	99.1	81.9
5.7956	29.555	104.4	98.3	81.2
5.7956	29.560	104.8	99.0	81.3
5.7957	29.565	105.0	99.1	81.9
5.7957	29.570	104.7	98.8	81.4
5.7957	29.575	104.2	98.2	81.2
5.7958	29.580	103.8	97.7	80.5
5.7958	29.585	103.7	97.7	80.3
5.7959	29.590	104.3	98.1	80.6
5.7960	29.595	104.4	98.4	80.6
5.7960	29.600	104.5	98.4	80.8
5.7961	29.605	105.0	98.9	81.0
5.7961	29.610	104.9	98.7	81.0
5.7961	29.615	104.3	98.1	80.4
5.7962	29.620	103.8	97.6	79.9
5.7962	29.625	104.2	98.1	80.2
5.7963	29.630	104.7	98.8	81.1
5.7964	29.635	104.8	99.0	81.4
5.7964	29.640	104.3	98.2	81.1
5.7965	29.645	104.1	98.0	80.2
5.7965	29.650	104.6	98.6	80.7
5.7965	29.655	104.9	98.8	81.1
5.7966	29.660	104.8	98.7	81.0
5.7966	29.665	105.1	99.0	81.4
5.7967	29.670	105.1	99.0	81.5
5.7968	29.675	105.5	99.4	81.5
5.7968	29.680	105.6	99.4	82.0
5.7969	29.685	105.8	99.7	81.8
5.7969	29.690	106.0	100.0	82.4
5.7969	29.695	106.4	100.5	82.6
5.7970	29.700	105.8	99.8	82.2
5.7970	29.705	105.3	99.4	81.8
5.7971	29.710	105.1	99.2	81.5
5.7972	29.715	105.3	99.3	81.6
5.7972	29.720	105.1	99.1	81.5
5.7973	29.725	105.2	99.0	81.3
5.7973	29.730	105.4	99.3	81.6
5.7973	29.735	105.7	99.8	81.8
5.7974	29.740	105.8	99.9	82.2
5.7974	29.745	105.6	99.6	82.0
5.7975	29.750	105.4	99.4	81.6
5.7976	29.755	105.5	99.5	81.5
5.7976	29.760	105.6	99.5	81.5
5.7976	29.765	105.9	99.8	81.9
5.7977	29.770	106.2	100.4	82.6
5.7977	29.775	106.4	100.5	83.0
5.7978	29.780	106.3	100.5	82.7
5.7979	29.785	106.1	100.2	82.7
5.7979	29.790	105.9	100.1	82.3
5.7980	29.795	105.8	99.8	82.4
5.7980	29.800	105.6	99.6	82.0
5.7980	29.805	105.6	100.0	82.2
5.7981	29.810	105.4	99.7	82.3
5.7981	29.815	105.2	99.6	82.2
5.7982	29.820	104.8	99.2	81.9
5.7983	29.825	104.7	98.9	81.4
5.7983	29.830	105.1	99.5	81.8
5.7984	29.835	105.9	100.2	82.4
5.7984	29.840	106.4	100.5	82.9
5.7984	29.845	106.7	101.1	83.5
5.7985	29.850	106.6	100.8	83.6
5.7985	29.855	106.3	100.6	83.3
5.7986	29.860	106.0	100.3	82.9
5.7987	29.865	106.1	100.3	83.0
5.7987	29.870	106.3	100.6	83.1
5.7988	29.875	106.4	100.6	83.2
5.7988	29.880	106.5	100.7	83.1
5.7988	29.885	107.0	101.0	83.6
5.7989	29.890	107.6	101.6	83.9
5.7989	29.895	107.7	101.7	84.3
5.7990	29.900	108.4	102.6	85.1
5.7991	29.905	108.0	102.2	85.3
5.7991	29.910	107.0	101.1	84.2
5.7992	29.915	106.9	100.9	83.7
5.7992	29.920	107.3	101.4	83.9
5.7992	29.925	107.6	101.8	84.2
5.7993	29.930	107.5	101.7	84.6
5.7994	29.935	107.1	101.3	84.2
5.7994	29.940	106.7	100.9	83.8
5.7995	29.945	106.2	100.4	83.5
5.7995	29.950	105.6	99.9	82.8
5.7995	29.955	105.9	100.2	82.8
5.7996	29.960	106.4	100.7	83.5
5.7996	29.965	106.3	100.4	83.4
5.7997	29.970	105.8	100.0	82.8
5.7998	29.975	105.9	100.3	82.9
5.7998	29.980	105.8	100.1	83.2
5.7999	29.985	105.8	100.2	83.4
5.7999	29.990	105.2	99.7	83.2
5.7999	29.995	104.9	99.4	82.7
5.8000	30.000	105.0	99.4	82.6
5.8000	30.005	104.9	99.2	82.5
5.8001	30.010	104.4	98.8	82.0
5.8002	30.015	104.6	98.9	81.9
5.8002	30.020	104.7	99.1	82.1
5.8003	30.025	105.2	99.6	82.4
5.8003	30.030	105.3	99.7	82.8
5.8003	30.035	105.6	100.2	83.0
5.8004	30.040	105.9	100.3	83.2
5.8004	30.045	106.0	100.5	83.7
5.8005	30.050	105.9	100.3	83.2
5.8006	30.055	106.2	100.8	83.5
5.8006	30.060	106.9	101.4	84.1
5.8007	30.065	106.9	101.2	84.2
5.8007	30.070	106.3	100.7	83.6
5.8007	30.075	106.2	100.8	83.6
5.8008	30.080	106.7	101.2	84.1
5.8008	30.085	106.6	101.0	84.3
5.8009	30.090	106.3	100.6	84.1
5.8010	30.095	105.7	99.9	83.2
5.8010	30.100	105.7	100.3	83.1
5.8011	30.105	106.0	100.5	83.6
5.8011	30.110	105.8	100.1	83.4
5.8011	30.115	105.7	100.3	83.2
5.8012	30.120	105.9	100.5	83.2
5.8012	30.125	106.6	101.0	84.1
5.8013	30.130	106.3	100.8	84.2
5.8014	30.135	105.9	100.3	83.4
5.8014	30.140	105.3	99.5	82.8
5.8014	30.145	104.2	98.4	81.9
5.8015	30.150	103.4	97.7	81.0
5.8015	30.155	102.2	96.7	80.3
5.8016	30.160	101.1	95.6	79.6
5.8017	30.165	99.8	94.2	78.4
5.8017	30.170	98.9	93.4	77.4
5.8018	30.175	99.1	93.9	77.4
5.8018	30.180	99.8	94.5	78.0
5.8018	30.185	100.5	95.1	78.5
5.8019	30.190	101.4	95.9	79.4
5.8019	30.195	101.6	96.3	79.9
5.8020	30.200	101.9	96.5	80.4
5.8021	30.205	101.2	95.8	80.1
5.8021	30.210	100.9	95.4	79.6
5.8022	30.215	100.4	95.1	79.1
5.8022	30.220	100.7	95.2	78.8
5.8022	30.225	101.1	95.5	79.0
5.8023	30.230	101.8	96.4	79.6
5.8023	30.235	102.4	96.9	80.4
5.8024	30.240	102.5	97.0	80.5
5.8025	30.245	103.0	97.7	81.0
5.8025	30.250	103.3	97.9	81.1
5.8026	30.255	103.8	98.4	81.5
5.8026	30.260	103.9	98.5	81.9
5.8026	30.265	103.2	97.7	81.7
5.8027	30.270	102.1	96.7	80.7
5.8027	30.275	101.8	96.4	79.7
5.8028	30.280	101.8	96.3	79.6
5.8029	30.285	101.5	95.9	79.3
5.8029	30.290	101.6	96.3	79.3
5.8030	30.295	102.0	96.4	80.0
5.8030	30.300	101.5	95.9	79.8
5.8030	30.305	101.5	95.8	79.5
5.8031	30.310	101.1	95.6	79.3
5.8032	30.315	101.3	95.8	79.2
5.8032	30.320	101.9	96.3	79.7
5.8033	30.325	101.7	96.0	79.7
5.8033	30.330	101.3	95.7	79.2
5.8034	30.335	101.0	95.6	79.1
5.8034	30.340	100.6	95.3	78.9
5.8034	30.345	100.4	94.9	78.5
5.8035	30.350	100.4	95.0	78.7
5.8035	30.355	100.6	95.3	78.8
5.8036	30.360	100.2	94.7	78.6
5.8037	30.365	99.6	94.1	78.1
5.8037	30.370	99.4	93.8	77.4
5.8037	30.375	99.4	94.1	77.6
5.8038	30.380	99.6	94.5	78.0
5.8038	30.385	99.9	94.8	78.3
5.8039	30.390	100.0	94.8	78.4
5.8040	30.395	99.9	94.9	78.6
5.8040	30.400	99.9	94.7	78.6
5.8041	30.405	99.9	94.6	78.0
5.8041	30.410	100.1	94.9	78.1
5.8041	30.415	100.6	95.3	78.8
5.8042	30.420	100.2	94.8	78.5
5.8042	30.425	99.7	94.4	77.8
5.8043	30.430	99.3	94.0	77.4
5.8044	30.435	100.0	94.7	77.8
5.8044	30.440	100.4	95.2	78.4
5.8045	30.445	101.1	96.0	79.1
5.8045	30.450	101.4	96.1	79.6
5.8045	30.455	101.3	95.9	79.5
5.8046	30.460	101.3	95.8	79.2
5.8046	30.465	101.4	95.9	79.3
5.8047	30.470	101.2	95.8	79.1
5.8048	30.475	101.3	96.1	79.3
5.8048	30.480	101.2	95.7	79.4
5.8049	30.485	100.7	95.2	78.8
5.8049	30.490	100.2	94.8	78.3
5.8049	30.495	100.3	94.9	77.9
5.8050	30.500	100.2	94.8	78.0
5.8050	30.505	100.3	95.0	78.3
5.8051	30.510	100.7	95.2	78.6
5.8052	30.515	100.3	94.8	78.5
5.8052	30.520	99.6	93.9	77.6
5.8053	30.525	99.1	93.5	76.8
5.8053	30.530	99.3	93.8	77.1
5.8053	30.535	99.8	94.3	77.5
5.8054	30.540	100.2	94.8	78.0
5.8055	30.545	100.3	95.1	78.3
5.8055	30.550	100.2	95.0	78.2
5.8056	30.555	100.1	94.8	78.0
5.8056	30.560	100.0	94.4	77.8
5.8056	30.565	99.7	94.3	77.5
5.8057	30.570	100.0	94.4	77.8
5.8057	30.575	99.9	94.4	77.9
5.8058	30.580	99.9	94.5	77.9
5.8059	30.585	99.8	94.4	78.2
5.8059	30.590	99.5	94.0	77.8
5.8060	30.595	99.9	94.4	78.0
5.8060	30.600	99.7	94.2	78.1
5.8060	30.605	99.3	93.8	77.7
5.8061	30.610	99.5	94.0	77.6
5.8061	30.615	100.2	94.5	78.1
5.8062	30.620	100.5	94.9	78.3
5.8063	30.625	101.3	95.8	79.0
5.8063	30.630	102.3	96.7	80.2
5.8064	30.635	102.3	96.7	80.3
5.8064	30.640	101.7	96.0	79.9
5.8064	30.645	101.3	95.5	79.2
5.8065	30.650	101.4	95.7	79.2
5.8065	30.655	101.3	95.7	79.1
5.8066	30.660	101.2	95.6	79.1
5.8067	30.665	101.2	95.7	79.2
5.8067	30.670	101.5	95.9	79.4
5.8068	30.675	101.9	96.4	79.9
5.8068	30.680	102.3	96.9	80.2
5.8068	30.685	102.7	97.1	80.8
5.8069	30.690	102.1	96.8	80.7
5.8069	30.695	102.0	96.6	80.6
5.8070	30.700	102.0	96.8	80.6
5.8071	30.705	102.4	97.1	81.2
5.8071	30.710	101.8	96.5	80.6
5.8072	30.715	101.3	96.1	79.9
5.8072	30.720	101.2	95.7	79.7
5.8072	30.725	101.1	95.8	79.4
5.8073	30.730	101.0	95.6	79.4
5.8073	30.735	100.8	95.2	78.9
5.8074	30.740	101.0	95.4	78.9
5.8075	30.745	101.0	95.7	79.3
5.8075	30.750	101.3	96.0	79.9
5.8075	30.755	100.9	95.6	79.7
5.8076	30.760	100.1	94.7	79.0
5.8076	30.765	99.5	94.1	78.0
5.8077	30.770	99.4	94.0	77.9
5.8078	30.775	99.1	94.0	77.9
5.8078	30.780	98.8	93.5	77.6
5.8079	30.785	98.3	93.1	77.6
5.8079	30.790	97.6	92.3	76.4
5.8079	30.795	97.7	92.6	76.2
5.8080	30.800	98.1	92.9	76.8
5.8080	30.805	98.1	92.9	76.9
5.8081	30.810	98.1	92.8	77.0
5.8082	30.815	98.1	92.9	76.9
5.8082	30.820	98.3	93.1	77.1
5.8083	30.825	98.8	93.6	77.6
5.8083	30.830	98.8	93.3	77.7
5.8083	30.835	99.1	94.0	77.5
5.8084	30.840	100.0	94.7	78.6
5.8084	30.845	99.8	94.5	78.5
5.8085	30.850	100.0	94.5	78.9
5.8086	30.855	99.8	94.5	78.9
5.8086	30.860	99.1	93.6	78.3
5.8087	30.865	99.4	94.0	78.0
5.8087	30.870	100.0	94.3	78.2
5.8087	30.875	100.0	94.3	78.1
5.8088	30.880	100.6	94.8	78.2
5.8088	30.885	99.8	93.8	77.7
5.8089	30.890	99.4	93.4	76.9
5.8090	30.895	100.3	94.5	77.8
5.8090	30.900	100.9	95.1	78.7
5.8091	30.905	101.0	95.3	79.1
5.8091	30.910	101.3	95.7	79.3
5.8091	30.915	102.3	96.8	80.3
5.8092	30.920	102.6	97.1	81.0
5.8093	30.925	102.5	96.9	80.7
5.8093	30.930	102.5	97.0	80.9
5.8094	30.935	102.2	96.6	80.7
5.8094	30.940	102.0	96.4	80.3
5.8095	30.945	102.5	96.9	80.3
5.8095	30.950	103.3	97.7	81.1
5.8095	30.955	104.1	98.5	82.0
5.8096	30.960	104.5	99.1	82.7
5.8096	30.965	104.7	99.2	82.8
5.8097	30.970	105.0	99.5	82.9
5.8098	30.975	105.2	99.8	83.7
5.8098	30.980	104.8	99.5	83.6
5.8098	30.985	104.6	99.0	82.9
5.8099	30.990	104.4	98.8	82.6
5.8099	30.995	104.2	98.7	82.7
5.8100	31.000	104.3	98.8	82.6
5.8101	31.005	104.2	98.7	82.7
5.8101	31.010	103.5	97.8	81.8
5.8102	31.015	102.8	97.3	80.9
5.8102	31.020	102.9	97.3	80.9
5.8102	31.025	103.1	97.6	81.1
5.8103	31.030	102.6	96.9	80.8
5.8103	31.035	102.5	97.2	80.5
5.8104	31.040	102.7	97.1	80.6
5.8105	31.045	102.8	97.2	80.4
5.8105	31.050	102.8	97.2	80.8
5.8106	31.055	102.9	97.5	80.9
5.8106	31.060	103.3	98.1	81.1
5.8106	31.065	103.7	98.2	81.6
5.8107	31.070	103.4	98.0	81.7
5.8107	31.075	103.1	97.6	81.2
5.8108	31.080	103.1	97.5	81.1
5.8109	31.085	102.7	97.2	81.0
5.8109	31.090	102.5	96.9	80.4
5.8110	31.095	102.6	97.2	80.7
5.8110	31.100	102.9	97.4	81.0
5.8110	31.105	102.7	97.2	80.9
5.8111	31.110	102.5	97.1	80.8
5.8111	31.115	102.4	96.9	80.4
5.8112	31.120	102.8	97.3	80.6
5.8113	31.125	103.0	97.5	81.0
5.8113	31.130	102.6	97.0	80.7
5.8114	31.135	102.3	96.7	80.6
5.8114	31.140	102.0	96.4	80.1
5.8114	31.145	101.6	96.0	79.9
5.8115	31.150	101.5	95.8	79.5
5.8116	31.155	101.8	96.5	80.0
5.8116	31.160	101.9	96.3	80.2
5.8117	31.165	101.8	96.4	80.2
5.8117	31.170	101.1	95.9	80.1
5.8117	31.175	101.4	96.1	79.9
5.8118	31.180	102.0	96.6	80.4
5.8118	31.185	102.3	96.9	80.7
5.8119	31.190	102.1	96.8	80.8
5.8120	31.195	102.1	96.8	80.5
5.8120	31.200	101.8	96.2	80.3
5.8121	31.205	101.4	95.9	79.9
5.8121	31.210	101.3	95.7	79.7
5.8121	31.215	101.2	95.7	79.7
5.8122	31.220	100.6	95.1	79.3
5.8122	31.225	100.7	95.2	79.1
5.8123	31.230	100.8	95.3	79.1
5.8124	31.235	100.2	94.8	78.9
5.8124	31.240	99.8	94.7	78.6
5.8125	31.245	99.5	93.9	78.5
5.8125	31.250	99.5	94.1	78.0
5.8125	31.255	98.9	93.5	77.6
5.8126	31.260	99.4	94.2	77.6
5.8126	31.265	100.0	94.6	78.2
5.8127	31.270	100.4	95.0	78.5
5.8128	31.275	101.1	95.9	79.2
5.8128	31.280	101.2	95.8	79.7
5.8129	31.285	100.9	95.3	79.2
5.8129	31.290	100.5	95.0	78.9
5.8129	31.295	100.3	94.7	78.5
5.8130	31.300	100.3	94.7	78.7
5.8130	31.305	100.5	95.0	78.8
5.8131	31.310	100.4	95.0	78.8
5.8132	31.315	100.7	95.2	78.9
5.8132	31.320	101.1	95.5	78.9
5.8133	31.325	101.2	95.4	78.9
5.8133	31.330	100.6	94.8	78.5
5.8133	31.335	100.1	94.4	77.8
5.8134	31.340	100.1	94.3	78.0
5.8134	31.345	99.8	94.1	77.7
5.8135	31.350	99.8	94.1	77.3
5.8136	31.355	99.8	94.1	77.5
5.8136	31.360	100.2	94.3	77.6
5.8136	31.365	99.8	93.9	77.5
5.8137	31.370	99.4	93.6	77.1
5.8137	31.375	99.5	93.6	77.1
5.8138	31.380	99.6	93.9	77.1
5.8139	31.385	99.8	94.1	77.3
5.8139	31.390	99.6	93.6	77.1
5.8140	31.395	99.4	93.7	76.9
5.8140	31.400	99.8	94.0	77.3
5.8140	31.405	100.0	94.1	77.5
5.8141	31.410	99.9	94.2	77.4
5.8141	31.415	99.5	93.6	77.2
5.8142	31.420	99.2	93.5	76.9
5.8143	31.425	99.9	94.2	77.4
5.8143	31.430	100.5	95.0	78.3
5.8144	31.435	100.6	94.9	78.6
5.8144	31.440	100.1	94.5	78.0
5.8144	31.445	99.7	94.0	77.7
5.8145	31.450	99.3	93.5	77.0
5.8145	31.455	99.5	93.9	77.0
5.8146	31.460	99.7	93.9	77.3
5.8147	31.465	99.6	94.0	77.5
5.8147	31.470	99.4	93.8	77.5
5.8148	31.475	99.6	93.9	77.5
5.8148	31.480	99.6	93.7	77.1
5.8148	31.485	99.8	93.8	77.1
5.8149	31.490	100.0	94.3	77.4
5.8149	31.495	100.2	94.3	77.6
5.8150	31.500	99.8	94.2	77.5
5.8151	31.505	99.3	93.7	77.1
5.8151	31.510	98.9	93.2	76.9
5.8152	31.515	98.9	93.2	76.5
5.8152	31.520	99.1	93.4	76.5
5.8152	31.525	99.3	93.5	76.7
5.8153	31.530	99.6	94.0	77.1
5.8154	31.535	99.9	94.2	77.6
5.8154	31.540	99.7	94.1	77.4
5.8155	31.545	99.6	93.8	77.0
5.8155	31.550	99.9	94.1	77.2
5.8155	31.555	100.1	94.3	77.4
5.8156	31.560	100.1	94.2	77.1
5.8156	31.565	100.5	94.6	77.5
5.8157	31.570	100.6	94.9	78.0
5.8157	31.575	100.7	94.7	78.0
5.8158	31.580	100.5	94.6	77.7
5.8159	31.585	100.2	94.2	77.4
5.8159	31.590	100.7	94.8	77.8
5.8159	31.595	100.7	94.8	77.9
5.8160	31.600	100.7	94.9	78.1
5.8160	31.605	100.6	94.9	78.3
5.8161	31.610	100.2	94.5	77.8
5.8162	31.615	100.2	94.3	77.6
5.8162	31.620	99.7	93.8	77.3
5.8163	31.625	98.5	92.3	76.0
5.8163	31.630	97.6	91.8	75.0
5.8163	31.635	98.0	92.3	75.3
5.8164	31.640	98.1	92.4	76.0
5.8164	31.645	97.3	91.5	75.4
5.8165	31.650	96.6	90.7	74.5
5.8166	31.655	97.3	91.6	74.6
5.8166	31.660	98.8	93.1	75.9
5.8167	31.665	99.0	92.9	76.4
5.8167	31.670	98.8	93.1	76.3
5.8167	31.675	98.8	93.0	76.3
5.8168	31.680	98.5	92.7	76.1
5.8168	31.685	97.8	91.9	75.9
5.8169	31.690	98.2	92.3	75.7
5.8170	31.695	98.4	92.8	76.4
5.8170	31.700	98.6	93.0	76.5
5.8171	31.705	98.8	92.9	76.3
5.8171	31.710	98.9	93.1	76.3
5.8171	31.715	99.0	93.2	76.3
5.8172	31.720	98.9	93.1	76.2
5.8172	31.725	99.2	93.4	76.2
5.8173	31.730	99.2	93.4	76.3
5.8174	31.735	99.2	93.4	76.2
5.8174	31.740	99.0	93.0	76.0
5.8175	31.745	98.8	92.9	76.1
5.8175	31.750	98.9	92.9	76.0
5.8175	31.755	98.6	92.8	76.0
5.8176	31.760	98.4	92.5	75.6
5.8177	31.765	98.5	92.4	75.3
5.8177	31.770	98.4	92.4	75.2
5.8178	31.775	98.9	93.1	75.8
5.8178	31.780	99.1	93.5	76.3
5.8178	31.785	99.1	93.4	76.6
5.8179	31.790	98.6	92.8	76.0
5.8179	31.795	98.7	93.0	75.7
5.8180	31.800	99.0	93.3	76.1
5.8181	31.805	99.1	93.2	76.2
5.8181	31.810	98.8	93.0	75.8
5.8182	31.815	98.8	93.1	76.0
5.8182	31.820	99.3	93.3	76.1
5.8182	31.825	99.5	93.6	76.3
5.8183	31.830	99.1	93.2	76.2
5.8183	31.835	99.1	93.3	76.1
5.8184	31.840	99.0	93.0	76.0
5.8185	31.845	98.8	93.0	75.9
5.8185	31.850	99.0	93.3	76.1
5.8186	31.855	99.2	93.4	76.3
5.8186	31.860	99.1	93.3	76.5
5.8186	31.865	99.1	93.1	76.2
5.8187	31.870	99.1	93.3	76.6
5.8187	31.875	98.8	92.9	76.3
5.8188	31.880	99.2	93.3	76.5
5.8189	31.885	99.6	94.0	76.8
5.8189	31.890	99.8	93.9	77.0
5.8190	31.895	100.0	94.3	77.0
5.8190	31.900	100.4	94.7	77.4
5.8190	31.905	100.7	95.1	77.9
5.8191	31.910	100.8	95.2	78.5
5.8191	31.915	100.1	94.4	77.8
5.8192	31.920	99.3	93.6	77.2
5.8193	31.925	99.0	93.3	76.5
5.8193	31.930	99.3	93.5	76.5
5.8194	31.935	100.0	94.2	76.8
5.8194	31.940	100.9	95.3	78.0
5.8194	31.945	101.2	95.6	78.6
5.8195	31.950	101.1	95.5	78.7
5.8195	31.955	100.2	94.6	77.8
5.8196	31.960	100.0	94.3	77.7
5.8197	31.965	99.4	93.6	77.2
5.8197	31.970	99.1	93.3	77.0
5.8197	31.975	98.9	93.2	76.9
5.8198	31.980	98.9	93.2	76.9
5.8198	31.985	99.8	94.2	77.4
5.8199	31.990	100.7	95.0	78.2
5.8200	31.995	101.1	95.5	78.6
5.8200	32.000	101.5	95.8	79.0
5.8201	32.005	101.1	95.4	78.5
5.8201	32.010	101.0	95.3	78.3
5.8201	32.015	100.9	95.2	78.2
5.8202	32.020	100.9	95.0	78.1
5.8202	32.025	101.0	95.3	78.4
5.8203	32.030	101.5	95.5	78.7
5.8204	32.035	101.1	95.2	78.8
5.8204	32.040	101.2	95.5	78.5
5.8205	32.045	101.4	95.5	78.8
5.8205	32.050	101.4	95.6	78.6
5.8205	32.055	101.8	95.9	79.1
5.8206	32.060	101.9	96.2	79.1
5.8206	32.065	102.1	96.4	79.3
5.8207	32.070	102.6	96.7	79.9
5.8208	32.075	102.5	96.6	80.0
5.8208	32.080	102.6	96.8	79.9
5.8209	32.085	102.9	97.0	80.2
5.8209	32.090	102.6	96.9	80.2
5.8209	32.095	102.7	97.0	80.0
5.8210	32.100	102.9	97.0	80.4
5.8210	32.105	102.5	96.8	80.1
5.8211	32.110	101.9	96.1	79.5
5.8212	32.115	101.3	95.5	78.7
5.8212	32.120	101.3	95.4	78.7
5.8213	32.125	101.3	95.5	78.8
5.8213	32.130	101.0	95.3	78.7
5.8213	32.135	101.5	95.9	78.9
5.8214	32.140	101.2	95.5	78.6
5.8215	32.145	101.4	95.5	78.6
5.8215	32.150	101.6	96.0	78.9
5.8216	32.155	102.1	96.5	79.8
5.8216	32.160	101.7	96.2	79.8
5.8216	32.165	101.0	95.4	79.0
5.8217	32.170	100.8	95.2	78.9
5.8217	32.175	100.4	94.9	78.5
5.8218	32.180	100.3	94.8	78.1
5.8219	32.185	100.7	95.2	78.2
5.8219	32.190	101.0	95.2	78.6
5.8220	32.195	100.8	94.9	78.7
5.8220	32.200	100.2	94.6	77.9
5.8220	32.205	100.5	94.7	78.0
5.8221	32.210	100.6	94.8	78.1
5.8221	32.215	100.0	94.1	77.7
5.8222	32.220	100.3	94.6	77.5
5.8223	32.225	100.9	95.1	78.3
5.8223	32.230	101.2	95.4	78.6
5.8224	32.235	101.5	95.7	78.9
5.8224	32.240	101.0	95.4	78.5
5.8224	32.245	101.6	95.8	78.5
5.8225	32.250	101.6	96.0	79.2
5.8225	32.255	101.2	95.3	78.8
5.8226	32.260	101.0	95.1	78.3
5.8227	32.265	101.2	95.3	78.9
5.8227	32.270	101.2	95.3	78.6
5.8228	32.275	101.5	95.6	78.6
5.8228	32.280	102.0	96.1	79.1
5.8228	32.285	102.0	96.4	79.4
5.8229	32.290	102.3	96.6	79.6
5.8229	32.295	102.3	96.6	79.7
5.8230	32.300	102.3	96.3	79.6
5.8231	32.305	102.0	95.9	79.0
5.8231	32.310	102.0	96.1	78.7
5.8232	32.315	101.8	95.9	78.7
5.8232	32.320	101.7	95.7	78.5
5.8232	32.325	101.7	95.6	78.5
5.8233	32.330	101.7	95.8	78.4
5.8233	32.335	101.3	95.4	78.6
5.8234	32.340	100.7	94.7	78.0
5.8235	32.345	101.4	95.5	78.0
5.8235	32.350	101.3	95.3	78.3
5.8236	32.355	101.2	95.3	78.1
5.8236	32.360	101.7	95.4	78.5
5.8236	32.365	101.6	95.6	78.5
5.8237	32.370	101.4	95.3	78.5
5.8238	32.375	101.2	95.0	78.1
5.8238	32.380	100.8	94.8	77.9
5.8239	32.385	101.3	95.4	78.1
5.8239	32.390	101.4	95.5	78.6
5.8239	32.395	101.6	95.8	78.7
5.8240	32.400	101.9	96.1	79.1
5.8240	32.405	101.3	95.5	78.5
5.8241	32.410	101.2	95.3	78.0
5.8242	32.415	101.4	95.5	78.2
5.8242	32.420	101.1	95.4	78.3
5.8243	32.425	101.4	95.4	78.5
5.8243	32.430	101.3	95.3	78.4
5.8243	32.435	101.2	95.1	78.0
5.8244	32.440	101.3	95.3	78.1
5.8244	32.445	100.8	94.8	77.9
5.8245	32.450	100.6	94.6	77.4
5.8246	32.455	100.4	94.5	77.5
5.8246	32.460	100.5	94.6	77.5
5.8247	32.465	100.7	95.0	77.7
5.8247	32.470	100.7	95.1	78.0
5.8247	32.475	100.6	94.7	77.7
5.8248	32.480	101.0	95.1	77.9
5.8248	32.485	101.0	94.9	77.9
5.8249	32.490	101.6	95.7	78.5
5.8250	32.495	101.8	95.9	79.0
5.8250	32.500	101.6	95.5	79.0
5.8251	32.505	100.9	95.2	78.2
5.8251	32.510	100.9	95.3	78.0
5.8251	32.515	101.3	95.3	78.3
5.8252	32.520	101.3	95.3	78.2
5.8252	32.525	101.1	95.2	78.1
5.8253	32.530	100.9	95.1	78.1
5.8254	32.535	100.6	94.9	78.1
5.8254	32.540	100.5	94.5	77.8
5.8255	32.545	100.2	94.2	77.5
5.8255	32.550	100.1	94.3	77.3
5.8255	32.555	100.0	94.2	77.5
5.8256	32.560	99.8	94.0	77.3
5.8256	32.565	99.5	93.8	76.8
5.8257	32.570	99.2	93.5	76.9
5.8258	32.575	99.1	93.4	76.7
5.8258	32.580	99.5	93.8	77.0
5.8258	32.585	99.1	93.4	77.2
5.8259	32.590	98.3	92.5	76.4
5.8259	32.595	97.9	92.0	76.2
5.8260	32.600	97.8	92.2	75.9
5.8261	32.605	98.6	93.0	76.4
5.8261	32.610	99.0	93.4	77.0
5.8262	32.615	99.3	93.6	77.2
5.8262	32.620	99.5	93.9	77.5
5.8262	32.625	99.5	94.0	77.5
5.8263	32.630	98.6	93.1	77.3
5.8263	32.635	97.8	92.3	76.2
5.8264	32.640	97.6	91.8	76.0
5.8265	32.645	97.5	91.9	75.6
5.8265	32.650	97.5	92.0	75.4
5.8266	32.655	98.1	92.5	76.1
5.8266	32.660	97.9	92.3	76.3
5.8266	32.665	97.6	92.1	76.2
5.8267	32.670	96.8	91.4	76.0
5.8267	32.675	96.2	90.9	75.4
5.8268	32.680	96.3	90.9	75.4
5.8269	32.685	96.6	91.2	75.4
5.8269	32.690	97.2	91.8	75.7
5.8270	32.695	99.2	93.7	77.3
5.8270	32.700	99.4	93.8	77.6
5.8270	32.705	99.6	94.0	77.5
5.8271	32.710	99.9	94.4	78.0
5.8271	32.715	99.9	94.2	77.8
5.8272	32.720	99.6	93.9	77.6
5.8273	32.725	100.1	94.5	77.7
5.8273	32.730	100.3	94.7	78.4
5.8274	32.735	99.7	94.1	77.7
5.8274	32.740	99.7	94.3	77.8
5.8274	32.745	99.0	93.5	77.6
5.8275	32.750	97.6	92.1	76.4
5.8276	32.755	98.2	92.6	76.6
5.8276	32.760	98.8	93.4	77.4
5.8277	32.765	99.4	94.1	77.7
5.8277	32.770	100.0	94.5	78.1
5.8277	32.775	100.2	94.6	78.3
5.8278	32.780	100.2	94.3	78.5
5.8278	32.785	100.2	94.6	78.0
5.8279	32.790	100.5	94.8	78.5
5.8280	32.795	100.8	94.8	78.8
5.8280	32.800	100.6	94.6	78.5
5.8281	32.805	100.7	94.8	78.6
5.8281	32.810	100.5	94.6	78.7
5.8281	32.815	100.5	94.6	78.5
5.8282	32.820	100.5	94.8	78.6
5.8282	32.825	100.6	94.9	78.5
5.8283	32.830	101.0	95.5	78.9
5.8284	32.835	100.7	95.2	79.1
5.8284	32.840	100.4	94.8	78.8
5.8285	32.845	99.7	94.0	78.0
5.8285	32.850	99.6	93.8	77.6
5.8285	32.855	99.7	94.0	77.8
5.8286	32.860	99.9	94.2	77.8
5.8286	32.865	100.0	94.2	77.8
5.8287	32.870	100.4	94.7	78.2
5.8288	32.875	100.4	94.7	78.5
5.8288	32.880	100.3	94.6	78.1
5.8289	32.885	100.5	94.8	78.5
5.8289	32.890	99.9	94.0	78.1
5.8289	32.895	99.3	93.5	77.5
5.8290	32.900	99.8	93.8	77.4
5.8290	32.905	100.2	94.2	77.9
5.8291	32.910	100.0	94.2	78.2
5.8292	32.915	99.2	93.4	77.4
5.8292	32.920	98.9	93.1	76.8
5.8293	32.925	98.8	93.1	77.0
5.8293	32.930	98.9	93.1	76.9
5.8293	32.935	98.8	93.0	76.8
5.8294	32.940	98.8	93.2	76.8
5.8294	32.945	99.5	93.8	77.4
5.8295	32.950	100.0	94.3	78.1
5.8296	32.955	99.7	94.0	78.0
5.8296	32.960	100.1	94.3	78.1
5.8296	32.965	99.5	93.6	77.6
5.8297	32.970	99.2	93.3	76.9
5.8297	32.975	99.2	93.4	77.2
5.8298	32.980	99.7	93.9	77.5
5.8299	32.985	99.9	94.1	78.0
5.8299	32.990	99.5	93.5	77.4
5.8300	32.995	99.4	93.5	77.3
5.8300	33.000	99.8	94.0	77.7
5.8300	33.005	99.4	93.6	77.6
5.8301	33.010	98.9	93.0	76.8
5.8301	33.015	98.6	92.7	76.3
5.8302	33.020	98.7	92.8	76.5
5.8303	33.025	98.8	92.9	76.7
5.8303	33.030	98.7	92.8	76.6
5.8304	33.035	98.5	92.6	76.3
5.8304	33.040	98.7	93.0	76.3
5.8304	33.045	99.3	93.6	76.9
5.8305	33.050	99.8	94.0	77.5
5.8305	33.055	99.9	94.0	77.6
5.8306	33.060	99.9	94.1	77.7
5.8307	33.065	99.8	94.1	77.7
5.8307	33.070	99.4	93.7	77.4
5.8308	33.075	98.9	93.1	77.0
5.8308	33.080	98.7	92.8	76.5
5.8308	33.085	98.5	92.7	76.4
5.8309	33.090	98.8	92.9	76.2
5.8309	33.095	99.4	93.7	77.0
5.8310	33.100	99.6	93.9	77.5
5.8311	33.105	100.0	94.3	77.9
5.8311	33.110	99.7	94.0	78.1
5.8312	33.115	99.2	93.5	77.4
5.8312	33.120	99.2	93.6	77.3
5.8312	33.125	98.3	92.5	76.7
5.8313	33.130	98.4	92.6	76.3
5.8313	33.135	98.7	93.0	76.9
5.8314	33.140	98.8	93.2	77.0
5.8315	33.145	98.5	92.9	76.8
5.8315	33.150	98.7	93.3	77.0
5.8316	33.155	98.8	93.4	77.1
5.8316	33.160	98.9	93.2	77.1
5.8316	33.165	98.5	93.0	76.8
5.8317	33.170	98.2	92.8	76.4
5.8317	33.175	98.6	92.9	76.5
5.8318	33.180	99.1	93.5	76.8
5.8319	33.185	99.5	93.9	77.3
5.8319	33.190	99.2	93.6	77.5
5.8319	33.195	98.6	93.0	76.9
5.8320	33.200	98.6	93.3	76.9
5.8320	33.205	99.3	93.8	77.5
5.8321	33.210	99.1	93.6	77.6
5.8322	33.215	98.6	93.0	76.9
5.8322	33.220	98.8	93.0	77.0
5.8323	33.225	98.8	93.1	77.1
5.8323	33.230	98.7	93.2	76.8
5.8323	33.235	99.1	93.5	77.1
5.8324	33.240	98.6	92.9	77.2
5.8324	33.245	97.9	92.4	76.1
5.8325	33.250	98.1	92.5	75.9
5.8326	33.255	98.0	92.5	76.4
5.8326	33.260	97.5	91.9	76.1
5.8327	33.265	96.6	90.9	75.3
5.8327	33.270	96.6	91.0	75.1
5.8327	33.275	96.8	91.3	75.0
5.8328	33.280	97.5	92.0	75.6
5.8328	33.285	97.9	92.3	76.2
5.8329	33.290	98.3	92.6	76.4
5.8330	33.295	98.4	92.8	76.8
5.8330	33.300	97.7	92.2	76.6
5.8331	33.305	97.5	92.0	76.2
5.8331	33.310	97.4	91.9	76.2
5.8331	33.315	97.1	91.6	76.0
5.8332	33.320	96.7	91.2	75.7
5.8332	33.325	96.5	91.0	75.5
5.8333	33.330	96.2	90.9	75.2
5.8334	33.335	96.4	91.0	75.3
5.8334	33.340	96.5	91.0	75.4
5.8335	33.345	95.5	90.0	74.8
5.8335	33.350	95.6	90.3	74.5
5.8335	33.355	95.9	90.5	74.8
5.8336	33.360	96.5	91.2	75.1
5.8337	33.365	96.9	91.6	75.7
5.8337	33.370	97.2	91.9	76.3
5.8338	33.375	96.9	91.5	76.1
5.8338	33.380	96.1	90.6	75.3
5.8338	33.385	95.5	90.2	74.8
5.8339	33.390	95.9	90.4	74.8
5.8339	33.395	95.9	90.4	75.0
5.8340	33.400	95.4	90.0	74.6
5.8341	33.405	95.4	89.9	74.5
5.8341	33.410	95.2	89.9	74.6
5.8342	33.415	95.3	90.0	74.5
5.8342	33.420	96.0	90.6	75.0
5.8342	33.425	96.6	91.2	75.5
5.8343	33.430	96.5	91.0	75.7
5.8343	33.435	96.7	91.0	75.7
5.8344	33.440	96.9	91.5	75.8
5.8345	33.445	96.9	91.3	75.8
5.8345	33.450	96.6	91.0	75.4
5.8346	33.455	96.7	91.2	75.5
5.8346	33.460	97.3	91.9	76.3
5.8346	33.465	97.1	91.7	76.4
5.8347	33.470	96.7	91.1	75.7
5.8347	33.475	95.9	90.6	75.2
5.8348	33.480	95.6	90.0	74.6
5.8349	33.485	95.8	90.4	74.7
5.8349	33.490	96.6	91.2	75.1
5.8350	33.495	96.5	91.1	75.6
5.8350	33.500	96.4	91.0	75.4
5.8350	33.505	96.4	91.0	75.6
5.8351	33.510	95.9	90.5	75.2
5.8351	33.515	95.6	90.1	75.0
5.8352	33.520	95.5	90.0	74.8
5.8353	33.525	95.9	90.5	75.1
5.8353	33.530	96.5	91.1	75.5
5.8354	33.535	96.8	91.2	75.7
5.8354	33.540	97.1	91.5	75.9
5.8354	33.545	97.4	91.9	76.2
5.8355	33.550	97.4	92.0	76.4
5.8355	33.555	97.5	91.9	76.3
5.8356	33.560	97.7	92.1	76.4
5.8357	33.565	97.3	91.7	76.3
5.8357	33.570	97.6	92.1	76.2
5.8357	33.575	97.8	92.3	76.6
5.8358	33.580	97.8	92.1	76.8
5.8358	33.585	97.9	92.4	76.7
5.8359	33.590	98.1	92.6	77.3
5.8360	33.595	97.9	92.3	76.7
5.8360	33.600	97.7	92.2	76.6
5.8361	33.605	97.9	92.3	76.7
5.8361	33.610	97.9	92.4	76.6
5.8361	33.615	98.1	92.5	76.7
5.8362	33.620	97.8	92.4	76.7
5.8362	33.625	98.1	92.5	76.9
5.8363	33.630	98.2	92.5	76.9
5.8364	33.635	98.2	92.6	76.7
5.8364	33.640	98.5	92.8	76.9
5.8365	33.645	98.4	92.7	77.1
5.8365	33.650	98.0	92.3	76.6
5.8365	33.655	97.4	91.7	76.2
5.8366	33.660	97.3	91.7	75.9
5.8366	33.665	98.0	92.5	76.4
5.8367	33.670	98.2	92.5	76.7
5.8368	33.675	98.0	92.2	76.4
5.8368	33.680	98.3	92.6	76.6
5.8369	33.685	98.7	93.0	77.1
5.8369	33.690	98.4	92.7	76.8
5.8369	33.695	98.4	92.6	76.9
5.8370	33.700	98.4	92.7	76.7
5.8370	33.705	98.4	92.7	76.9
5.8371	33.710	98.1	92.5	76.8
5.8372	33.715	98.2	92.4	76.8
5.8372	33.720	98.0	92.2	76.6
5.8373	33.725	97.6	91.8	76.1
5.8373	33.730	97.5	91.6	75.9
5.8373	33.735	97.5	91.7	75.9
5.8374	33.740	97.5	91.6	76.0
5.8374	33.745	97.4	91.5	75.9
5.8375	33.750	97.4	91.5	75.5
5.8376	33.755	97.9	92.0	75.9
5.8376	33.760	98.3	92.6	76.4
5.8377	33.765	98.3	92.6	76.6
5.8377	33.770	98.1	92.2	76.5
5.8377	33.775	97.8	92.2	76.4
5.8378	33.780	97.3	91.8	76.0
5.8378	33.785	97.6	91.9	76.0
5.8379	33.790	98.1	92.3	76.4
5.8380	33.795	98.3	92.7	76.6
5.8380	33.800	98.1	92.5	76.7
5.8380	33.805	98.2	92.6	76.7
5.8381	33.810	98.4	92.6	77.0
5.8381	33.815	98.3	92.7	77.0
5.8382	33.820	98.4	92.8	77.2
5.8383	33.825	97.8	92.3	76.9
5.8383	33.830	97.6	92.0	76.6
5.8384	33.835	97.0	91.5	76.0
5.8384	33.840	97.2	91.7	75.8
5.8384	33.845	97.3	91.8	76.5
5.8385	33.850	97.3	91.5	76.2
5.8385	33.855	96.6	91.0	75.7
5.8386	33.860	96.1	90.4	75.0
5.8387	33.865	96.2	90.6	75.1
5.8387	33.870	96.4	91.0	75.5
5.8388	33.875	96.3	90.7	75.4
5.8388	33.880	96.0	90.3	74.6
5.8388	33.885	95.8	90.1	74.4
5.8389	33.890	95.8	90.1	74.3
5.8389	33.895	96.0	90.3	74.7
5.8390	33.900	97.0	91.5	75.4
5.8391	33.905	97.9	92.2	76.9
5.8391	33.910	97.6	91.9	76.9
5.8392	33.915	96.8	91.1	75.7
5.8392	33.920	97.1	91.2	75.5
5.8392	33.925	97.6	91.9	75.8
5.8393	33.930	97.8	92.1	76.3
5.8393	33.935	97.8	92.2	76.3
5.8394	33.940	97.8	92.1	76.1
5.8395	33.945	97.8	92.2	76.2
5.8395	33.950	98.3	92.6	76.5
5.8396	33.955	98.7	93.0	77.0
5.8396	33.960	99.0	93.3	77.1
5.8396	33.965	99.6	93.8	77.6
5.8397	33.970	99.8	94.1	78.0
5.8398	33.975	100.6	94.9	78.5
5.8398	33.980	101.6	96.1	79.5
5.8399	33.985	102.2	96.5	80.3
5.8399	33.990	102.3	96.7	80.0
5.8399	33.995	102.4	96.9	80.2
5.8400	34.000	102.4	96.8	80.2
5.8400	34.005	102.7	97.1	80.1
5.8401	34.010	102.3	96.7	80.0
5.8402	34.015	102.2	96.8	79.7
5.8402	34.020	102.3	96.8	79.6
5.8403	34.025	102.7	97.2	80.0
5.8403	34.030	103.3	97.8	80.5
5.8403	34.035	103.7	98.2	80.6
5.8404	34.040	103.9	98.4	81.0
5.8404	34.045	104.3	98.9	81.4
5.8405	34.050	104.1	98.6	81.5
5.8406	34.055	103.7	98.1	81.0
5.8406	34.060	104.0	98.5	81.1
5.8407	34.065	103.8	98.3	81.1
5.8407	34.070	103.9	98.3	80.9
5.8407	34.075	104.2	98.6	81.0
5.8408	34.080	104.2	98.8	81.4
5.8408	34.085	104.3	98.7	81.6
5.8409	34.090	104.4	98.7	81.5
5.8410	34.095	105.1	99.4	81.8
5.8410	34.100	105.6	100.1	82.8
5.8411	34.105	105.9	100.5	83.2
5.8411	34.110	106.1	100.4	83.2
5.8411	34.115	105.6	100.2	82.7
5.8412	34.120	105.3	99.7	82.1
5.8412	34.125	105.5	99.9	82.1
5.8413	34.130	105.4	99.8	82.3
5.8414	34.135	105.4	99.6	82.2
5.8414	34.140	105.4	99.7	82.2
5.8415	34.145	105.8	100.2	82.5
5.8415	34.150	106.3	100.8	83.0
5.8415	34.155	106.8	101.2	83.5
5.8416	34.160	106.7	101.1	83.9
5.8416	34.165	105.6	100.1	83.6
5.8417	34.170	104.7	99.2	82.5
5.8418	34.175	104.2	98.8	81.9
5.8418	34.180	104.1	98.6	81.6
5.8418	34.185	103.9	98.2	81.6
5.8419	34.190	103.9	98.4	81.2
5.8419	34.195	103.9	98.3	81.4
5.8420	34.200	103.7	98.1	81.0
5.8421	34.205	103.8	98.2	81.1
5.8421	34.210	103.5	97.9	80.8
5.8422	34.215	103.6	98.2	81.0
5.8422	34.220	103.1	97.8	81.1
5.8422	34.225	102.2	97.0	80.3
5.8423	34.230	101.4	96.2	79.8
5.8423	34.235	100.6	95.4	79.3
5.8424	34.240	99.9	94.8	78.7
5.8425	34.245	99.2	94.2	78.2
5.8425	34.250	98.7	93.7	77.9
5.8426	34.255	97.6	92.5	77.3
5.8426	34.260	97.0	92.0	76.8
5.8426	34.265	96.9	91.8	76.3
5.8427	34.270	97.3	92.2	76.4
5.8427	34.275	98.0	92.7	76.6
5.8428	34.280	98.8	93.7	77.2
5.8429	34.285	99.9	94.6	78.3
5.8429	34.290	100.0	94.5	78.6
5.8430	34.295	99.4	94.1	77.9
5.8430	34.300	99.5	94.0	77.6
5.8430	34.305	99.2	93.5	77.2
5.8431	34.310	98.7	93.0	76.2
5.8431	34.315	98.8	93.1	76.3
5.8432	34.320	98.9	93.1	76.3
5.8433	34.325	98.8	93.1	76.2
5.8433	34.330	99.1	93.4	76.2
5.8434	34.335	99.6	93.9	76.5
5.8434	34.340	99.9	94.0	76.8
5.8434	34.345	99.6	93.8	76.6
5.8435	34.350	99.6	93.7	76.7
5.8435	34.355	99.5	93.5	76.4
5.8436	34.360	99.1	93.1	76.0
5.8437	34.365	99.1	93.2	75.8
5.8437	34.370	99.4	93.3	75.8
5.8437	34.375	99.5	93.7	76.0
5.8438	34.380	99.5	93.5	76.0
5.8438	34.385	99.9	93.7	76.0
5.8439	34.390	100.4	94.2	76.1
5.8440	34.395	101.2	95.0	76.7
5.8440	34.400	101.8	95.7	77.4
5.8441	34.405	102.6	96.5	77.8
5.8441	34.410	103.1	97.0	78.4
5.8441	34.415	103.3	97.1	78.7
5.8442	34.420	103.3	97.1	78.9
5.8442	34.425	103.3	96.9	78.4
5.8443	34.430	103.5	97.3	78.3
5.8444	34.435	103.8	97.5	78.8
5.8444	34.440	104.0	97.7	78.5
5.8445	34.445	104.5	98.2	79.3
5.8445	34.450	104.8	98.5	79.3
5.8445	34.455	104.9	98.5	79.7
5.8446	34.460	104.4	98.0	79.1
5.8446	34.465	104.1	97.6	78.7
5.8447	34.470	103.8	97.4	78.4
5.8448	34.475	103.9	97.5	78.3
5.8448	34.480	104.3	98.1	79.1
5.8449	34.485	104.7	98.5	79.6
5.8449	34.490	105.1	99.0	79.9
5.8449	34.495	105.2	99.0	80.1
5.8450	34.500	105.5	99.2	80.0
5.8450	34.505	106.1	99.8	80.5
5.8451	34.510	106.4	100.1	81.2
5.8452	34.515	106.2	99.8	81.1
5.8452	34.520	106.0	99.8	81.0
5.8453	34.525	105.9	99.6	81.0
5.8453	34.530	105.9	99.6	80.9
5.8453	34.535	106.0	99.8	80.9
5.8454	34.540	106.4	100.2	81.3
5.8454	34.545	106.3	100.1	81.1
5.8455	34.550	106.2	100.0	81.2
5.8456	34.555	106.0	99.8	81.0
5.8456	34.560	106.0	99.7	80.7
5.8457	34.565	106.2	99.9	80.8
5.8457	34.570	106.3	100.1	81.0
5.8457	34.575	106.0	99.9	81.0
5.8458	34.580	105.9	99.8	81.3
5.8459	34.585	106.0	99.7	81.1
5.8459	34.590	105.7	99.8	81.0
5.8460	34.595	105.3	99.3	80.5
5.8460	34.600	105.2	99.2	80.4
5.8460	34.605	105.5	99.6	80.7
5.8461	34.610	105.4	99.5	80.6
5.8461	34.615	106.0	100.0	80.7
5.8462	34.620	106.6	100.6	81.6
5.8463	34.625	106.8	100.7	81.8
5.8463	34.630	106.6	100.6	81.9
5.8464	34.635	106.3	100.3	81.6
5.8464	34.640	106.0	99.9	81.4
5.8464	34.645	105.8	99.8	80.8
5.8465	34.650	106.0	99.8	81.0
5.8465	34.655	106.4	100.2	81.5
5.8466	34.660	107.1	101.0	82.4
5.8467	34.665	107.2	101.1	82.9
5.8467	34.670	107.0	101.0	82.8
5.8468	34.675	106.9	100.7	82.2
5.8468	34.680	107.0	101.0	82.2
5.8468	34.685	106.8	100.6	82.0
5.8469	34.690	106.9	100.8	81.9
5.8469	34.695	106.7	100.5	82.1
5.8470	34.700	106.3	100.2	81.6
5.8471	34.705	106.1	100.0	81.4
5.8471	34.710	105.4	99.3	81.3
5.8472	34.715	104.7	98.6	80.5
5.8472	34.720	103.9	97.8	79.8
5.8472	34.725	103.3	97.1	78.9
5.8473	34.730	103.0	96.7	78.6
5.8473	34.735	102.9	96.8	78.5
5.8474	34.740	103.5	97.3	79.0
5.8475	34.745	103.5	97.4	79.5
5.8475	34.750	103.3	97.6	79.4
5.8476	34.755	103.2	97.4	79.1
5.8476	34.760	102.7	96.8	78.6
5.8476	34.765	102.5	96.6	78.8
5.8477	34.770	102.7	96.7	78.6
5.8477	34.775	102.9	97.0	78.9
5.8478	34.780	103.2	97.4	79.0
5.8479	34.785	103.8	98.0	79.5
5.8479	34.790	104.2	98.2	79.9
5.8479	34.795	104.4	98.5	79.9
5.8480	34.800	104.4	98.5	79.9
5.8480	34.805	104.6	98.6	80.1
5.8481	34.810	105.1	99.1	80.4
5.8482	34.815	106.0	100.0	80.9
5.8482	34.820	106.5	100.5	81.8
5.8483	34.825	106.6	100.5	81.7
5.8483	34.830	107.0	100.6	81.8
5.8483	34.835	107.5	101.6	82.6
5.8484	34.840	108.0	102.2	83.4
5.8484	34.845	108.3	102.4	83.9
5.8485	34.850	108.5	102.5	84.0
5.8486	34.855	109.0	103.1	84.6
5.8486	34.860	108.3	102.3	84.4
5.8487	34.865	107.9	102.0	83.5
5.8487	34.870	108.0	102.2	83.9
5.8487	34.875	108.0	102.0	83.5
5.8488	34.880	108.1	101.9	83.5
5.8488	34.885	107.8	101.8	83.5
5.8489	34.890	107.9	101.6	83.4
5.8490	34.895	108.2	101.9	83.4
5.8490	34.900	107.9	101.8	83.4
5.8491	34.905	107.6	101.6	83.1
5.8491	34.910	107.7	101.7	83.0
5.8491	34.915	107.7	101.5	83.2
5.8492	34.920	107.7	101.6	83.3
5.8492	34.925	107.4	101.3	83.0
5.8493	34.930	107.4	101.2	82.9
5.8494	34.935	107.3	101.1	82.9
5.8494	34.940	107.0	100.8	82.8
5.8495	34.945	106.7	100.6	82.4
5.8495	34.950	106.6	100.5	82.2
5.8495	34.955	106.6	100.6	82.2
5.8496	34.960	106.7	100.7	82.3
5.8497	34.965	107.1	101.0	82.6
5.8497	34.970	107.2	101.0	83.0
5.8498	34.975	106.9	100.7	82.7
5.8498	34.980	106.7	100.7	82.3
5.8498	34.985	106.9	100.7	82.5
5.8499	34.990	106.7	100.6	82.6
5.8499	34.995	106.6	100.5	82.4
5.8500	35.000	106.6	100.4	82.3
5.8501	35.005	106.5	100.4	82.4
5.8501	35.010	106.4	100.3	82.3
5.8502	35.015	106.2	100.0	82.2
5.8502	35.020	106.0	99.8	81.9
5.8502	35.025	105.7	99.5	81.3
5.8503	35.030	105.7	99.6	81.3
5.8503	35.035	106.1	99.9	81.6
5.8504	35.040	105.9	99.8	81.7
5.8505	35.045	105.8	99.6	81.6
5.8505	35.050	105.8	99.6	81.4
5.8506	35.055	105.7	99.5	81.3
5.8506	35.060	106.3	100.0	81.6
5.8506	35.065	106.7	100.5	82.3
5.8507	35.070	106.7	100.6	82.6
5.8507	35.075	106.8	100.5	82.5
5.8508	35.080	106.9	100.8	82.8
5.8509	35.085	107.0	100.9	83.0
5.8509	35.090	107.0	100.9	83.0
5.8510	35.095	106.6	100.7	82.8
5.8510	35.100	106.5	100.4	82.6
5.8510	35.105	106.1	100.0	81.9
5.8511	35.110	106.2	100.3	82.1
5.8511	35.115	106.1	100.2	82.2
5.8512	35.120	106.1	100.1	81.9
5.8513	35.125	106.3	100.4	82.6
5.8513	35.130	106.3	100.4	82.8
5.8514	35.135	105.5	99.6	82.3
5.8514	35.140	105.1	99.2	81.6
5.8514	35.145	105.5	99.6	81.6
5.8515	35.150	105.6	99.6	81.8
5.8515	35.155	105.5	99.5	81.5
5.8516	35.160	105.2	99.1	81.1
5.8517	35.165	105.2	99.1	80.9
5.8517	35.170	104.9	99.0	81.2
5.8518	35.175	105.3	99.3	81.1
5.8518	35.180	106.5	100.6	82.4
5.8518	35.185	107.1	101.2	83.1
5.8519	35.190	107.7	101.9	83.6
5.8520	35.195	108.3	102.1	84.3
5.8520	35.200	108.5	102.4	84.5
5.8521	35.205	108.4	102.2	84.5
5.8521	35.210	107.8	101.8	83.6
5.8521	35.215	108.2	102.1	83.6
5.8522	35.220	108.3	102.4	84.1
5.8522	35.225	108.2	102.1	83.9
5.8523	35.230	107.9	101.7	83.6
5.8524	35.235	108.3	102.1	83.6
5.8524	35.240	108.6	102.4	84.2
5.8525	35.245	108.6	102.4	84.3
5.8525	35.250	108.6	102.3	84.1
5.8525	35.255	108.8	102.8	84.4
5.8526	35.260	109.2	103.0	85.0
5.8526	35.265	108.7	102.5	84.9
5.8527	35.270	108.6	102.3	84.3
5.8528	35.275	109.3	103.2	84.8
5.8528	35.280	109.7	103.6	85.6
5.8529	35.285	109.4	103.4	85.2
5.8529	35.290	109.2	103.2	85.1
5.8529	35.295	108.5	102.4	84.6
5.8530	35.300	108.4	102.3	84.0
5.8530	35.305	108.4	102.2	84.1
5.8531	35.310	107.6	101.2	83.1
5.8532	35.315	107.2	100.8	82.5
5.8532	35.320	107.5	101.3	82.8
5.8533	35.325	107.7	101.4	83.3
5.8533	35.330	107.9	101.5	83.3
5.8533	35.335	107.8	101.6	83.1
5.8534	35.340	107.3	101.4	82.8
5.8534	35.345	106.9	101.0	82.8
5.8535	35.350	106.7	100.7	82.4
5.8536	35.355	107.0	100.9	82.5
5.8536	35.360	107.4	101.5	83.1
5.8537	35.365	107.3	101.3	83.2
5.8537	35.370	107.1	101.2	83.0
5.8537	35.375	106.9	100.8	82.9
5.8538	35.380	107.4	101.3	82.8
5.8538	35.385	107.6	101.5	83.4
5.8539	35.390	107.2	101.1	82.8
5.8540	35.395	106.8	100.5	82.5
5.8540	35.400	106.6	100.2	82.0
5.8540	35.405	106.2	99.8	81.5
5.8541	35.410	106.1	99.5	81.2
5.8541	35.415	106.8	100.4	81.6
5.8542	35.420	107.3	101.0	82.3
5.8543	35.425	107.4	101.1	82.5
5.8543	35.430	107.3	100.9	82.3
5.8544	35.435	107.1	100.7	82.1
5.8544	35.440	107.0	100.7	82.0
5.8544	35.445	106.9	100.6	82.2
5.8545	35.450	107.1	100.7	82.1
5.8545	35.455	107.1	100.8	82.2
5.8546	35.460	106.7	100.2	81.7
5.8547	35.465	106.4	100.3	81.8
5.8547	35.470	106.2	100.0	81.7
5.8548	35.475	105.9	99.6	81.1
5.8548	35.480	106.1	99.7	81.2
5.8548	35.485	106.0	99.9	81.5
5.8549	35.490	106.2	100.1	81.8
5.8549	35.495	106.1	100.0	81.8
5.8550	35.500	105.6	99.4	81.3
5.8551	35.505	105.2	99.1	81.0
5.8551	35.510	105.2	99.0	80.4
5.8552	35.515	105.4	99.0	80.4
5.8552	35.520	105.9	99.8	80.9
5.8552	35.525	105.8	99.6	81.3
5.8553	35.530	105.8	99.4	81.1
5.8553	35.535	105.3	99.3	81.0
5.8554	35.540	105.1	98.9	80.7
5.8555	35.545	105.1	98.7	80.6
5.8555	35.550	104.9	98.6	80.4
5.8556	35.555	105.2	98.8	80.7
5.8556	35.560	105.3	99.2	80.8
5.8556	35.565	105.4	99.1	81.1
5.8557	35.570	105.4	99.3	81.2
5.8558	35.575	105.4	99.3	81.4
5.8558	35.580	105.2	99.1	81.1
5.8559	35.585	104.9	98.7	81.0
5.8559	35.590	104.2	98.0	80.3
5.8559	35.595	104.3	98.1	80.1
5.8560	35.600	104.5	98.4	80.4
5.8560	35.605	104.5	98.3	81.0
5.8561	35.610	104.3	98.1	80.6
5.8562	35.615	104.3	98.0	80.6
5.8562	35.620	104.3	98.2	80.6
5.8563	35.625	104.3	98.1	80.4
5.8563	35.630	104.5	98.5	80.5
5.8563	35.635	104.6	98.6	80.6
5.8564	35.640	104.5	98.5	80.9
5.8564	35.645	104.0	98.1	80.9
5.8565	35.650	103.1	97.1	80.3
5.8566	35.655	102.3	96.4	79.6
5.8566	35.660	101.5	95.5	79.2
5.8567	35.665	102.2	96.3	79.1
5.8567	35.670	102.8	97.0	79.9
5.8567	35.675	103.0	97.1	79.7
5.8568	35.680	103.2	97.0	79.5
5.8568	35.685	103.1	96.9	79.4
5.8569	35.690	103.1	96.9	79.4
5.8570	35.695	103.5	97.2	79.8
5.8570	35.700	103.0	96.8	79.4
5.8571	35.705	103.1	96.9	79.4
5.8571	35.710	103.9	97.8	80.1
5.8571	35.715	104.1	97.9	80.2
5.8572	35.720	104.8	98.6	80.5
5.8572	35.725	105.2	99.0	80.8
5.8573	35.730	104.9	98.6	80.7
5.8574	35.735	105.1	99.0	80.6
5.8574	35.740	105.7	99.4	81.2
5.8575	35.745	105.8	99.4	81.8
5.8575	35.750	105.1	99.0	81.4
5.8575	35.755	105.0	98.6	81.2
5.8576	35.760	103.9	97.7	80.4
5.8576	35.765	103.8	97.5	79.8
5.8577	35.770	104.0	98.1	80.1
5.8578	35.775	104.4	98.2	80.8
5.8578	35.780	104.2	98.1	80.4
5.8579	35.785	104.3	98.1	80.2
5.8579	35.790	105.0	98.8	80.6
5.8579	35.795	105.8	99.5	81.3
5.8580	35.800	106.3	100.1	81.8
5.8581	35.805	106.9	100.5	82.6
5.8581	35.810	107.0	100.7	82.8
5.8582	35.815	107.0	100.8	82.8
5.8582	35.820	107.3	101.0	83.2
5.8582	35.825	106.9	100.7	83.0
5.8583	35.830	106.5	100.3	82.5
5.8583	35.835	107.0	100.8	82.7
5.8584	35.840	107.3	101.2	83.4
5.8585	35.845	107.2	101.1	83.3
5.8585	35.850	107.0	101.1	83.2
5.8586	35.855	107.2	101.2	83.5
5.8586	35.860	107.3	101.2	83.5
5.8586	35.865	106.9	100.7	83.2
5.8587	35.870	106.6	100.7	82.7
5.8587	35.875	106.5	100.5	82.5
5.8588	35.880	106.5	100.6	82.5
5.8589	35.885	106.5	100.6	82.7
5.8589	35.890	107.1	101.4	83.2
5.8590	35.895	107.7	101.8	84.4
5.8590	35.900	107.1	101.3	83.9
5.8590	35.905	106.9	100.9	83.3
5.8591	35.910	106.0	99.9	82.5
5.8591	35.915	105.1	98.9	81.5
5.8592	35.920	105.1	98.8	80.9
5.8593	35.925	105.0	98.8	81.0
5.8593	35.930	104.5	98.3	80.4
5.8594	35.935	104.3	98.2	80.4
5.8594	35.940	104.2	98.1	80.0
5.8594	35.945	105.0	98.9	80.4
5.8595	35.950	106.0	99.8	81.4
5.8595	35.955	106.2	100.2	82.0
5.8596	35.960	106.2	99.9	81.8
5.8597	35.965	106.4	100.3	82.0
5.8597	35.970	106.3	100.0	82.0
5.8598	35.975	106.0	99.9	81.9
5.8598	35.980	105.8	99.8	81.6
5.8598	35.985	105.7	99.4	81.6
5.8599	35.990	105.5	99.2	81.3
5.8599	35.995	105.4	99.0	81.1
5.8600	36.000	104.9	98.7	80.7
5.8601	36.005	104.9	98.8	80.5
5.8601	36.010	105.1	98.8	80.6
5.8601	36.015	104.8	98.6	80.6
5.8602	36.020	105.0	98.9	80.9
5.8602	36.025	105.2	99.0	81.1
5.8603	36.030	105.0	98.9	81.1
5.8604	36.035	104.9	98.7	81.0
5.8604	36.040	104.9	98.8	81.0
5.8605	36.045	104.6	98.7	81.2
5.8605	36.050	103.9	97.9	81.0
5.8605	36.055	103.5	97.4	80.5
5.8606	36.060	103.1	97.1	80.1
5.8606	36.065	103.2	97.1	80.0
5.8607	36.070	103.9	98.0	80.2
5.8608	36.075	104.4	98.3	80.8
5.8608	36.080	104.6	98.6	80.8
5.8609	36.085	104.7	98.8	80.9
5.8609	36.090	105.1	99.1	81.0
5.8609	36.095	105.5	99.5	81.5
5.8610	36.100	105.6	99.5	81.4
5.8610	36.105	105.8	99.7	81.8
5.8611	36.110	105.5	99.6	81.9
5.8612	36.115	105.4	99.3	81.2
5.8612	36.120	105.7	99.9	81.6
5.8613	36.125	106.0	99.8	81.9
5.8613	36.130	106.3	100.2	81.9
5.8613	36.135	106.5	100.4	82.5
5.8614	36.140	106.3	100.2	82.4
5.8614	36.145	106.8	100.9	82.6
5.8615	36.150	107.2	101.1	83.1
5.8616	36.155	107.1	101.0	83.5
5.8616	36.160	106.8	100.8	83.1
5.8617	36.165	106.5	100.6	83.0
5.8617	36.170	106.6	100.7	82.9
5.8617	36.175	106.1	100.2	82.8
5.8618	36.180	105.9	100.0	82.6
5.8619	36.185	105.9	100.1	82.5
5.8619	36.190	106.0	100.0	82.4
5.8620	36.195	105.9	100.0	82.4
5.8620	36.200	105.8	99.8	82.2
5.8620	36.205	105.4	99.4	82.1
5.8621	36.210	104.7	98.7	81.2
5.8621	36.215	104.2	98.2	80.6
5.8622	36.220	104.5	98.5	80.9
5.8623	36.225	104.6	98.7	81.0
5.8623	36.230	105.3	99.4	81.3
5.8624	36.235	105.6	99.7	81.8
5.8624	36.240	105.9	100.0	82.2
5.8624	36.245	106.5	100.6	82.6
5.8625	36.250	107.2	101.3	83.3
5.8625	36.255	107.3	101.4	83.7
5.8626	36.260	107.4	101.4	83.8
5.8627	36.265	107.3	101.3	83.7
5.8627	36.270	106.8	101.0	83.4
5.8628	36.275	106.5	100.7	83.2
5.8628	36.280	106.2	100.4	83.0
5.8628	36.285	106.1	100.4	83.1
5.8629	36.290	105.9	100.0	82.8
5.8629	36.295	105.6	100.0	82.8
5.8630	36.300	105.4	99.7	82.5
5.8631	36.305	105.1	99.5	82.2
5.8631	36.310	105.0	99.3	81.8
5.8632	36.315	105.3	99.4	82.0
5.8632	36.320	105.2	99.5	81.9
5.8632	36.325	105.3	99.6	82.3
5.8633	36.330	105.0	99.5	82.5
5.8633	36.335	105.2	99.2	82.0
5.8634	36.340	104.5	98.9	81.9
5.8635	36.345	104.1	98.4	81.4
5.8635	36.350	104.0	98.2	81.2
5.8636	36.355	104.3	98.4	81.3
5.8636	36.360	104.6	98.8	81.6
5.8636	36.365	105.1	99.3	81.8
5.8637	36.370	105.4	99.6	82.3
5.8637	36.375	105.1	99.3	82.0
5.8638	36.380	104.7	98.7	81.3
5.8639	36.385	103.9	98.0	81.1
5.8639	36.390	103.3	97.4	80.2
5.8639	36.395	103.4	97.4	79.8
5.8640	36.400	103.5	97.8	80.0
5.8640	36.405	103.9	98.2	80.7
5.8641	36.410	103.6	97.7	80.6
5.8642	36.415	103.8	97.9	80.5
5.8642	36.420	104.2	98.3	80.9
5.8643	36.425	104.1	98.2	80.8
5.8643	36.430	104.0	98.2	81.0
5.8643	36.435	104.1	98.5	81.3
5.8644	36.440	103.7	98.1	81.0
5.8644	36.445	103.2	97.6	80.4
5.8645	36.450	103.5	98.0	80.7
5.8646	36.455	103.5	98.0	80.9
5.8646	36.460	103.1	97.5	80.6
5.8647	36.465	102.7	96.8	80.2
5.8647	36.470	102.2	96.3	79.5
5.8647	36.475	102.1	96.4	79.4
5.8648	36.480	102.1	96.3	79.4
5.8648	36.485	102.0	96.0	79.2
5.8649	36.490	101.9	96.3	79.4
5.8650	36.495	102.2	96.4	79.4
5.8650	36.500	102.6	96.9	79.9
5.8651	36.505	102.6	96.9	79.9
5.8651	36.510	102.4	96.7	79.6
5.8651	36.515	102.6	96.7	79.5
5.8652	36.520	102.8	97.1	80.2
5.8652	36.525	102.4	96.6	80.1
5.8653	36.530	102.0	96.4	79.8
5.8654	36.535	101.8	96.1	79.4
5.8654	36.540	101.8	96.1	79.3
5.8655	36.545	101.7	96.0	79.2
5.8655	36.550	102.0	96.3	79.5
5.8655	36.555	102.4	96.6	79.6
5.8656	36.560	102.2	96.6	79.7
5.8656	36.565	102.3	96.6	79.8
5.8657	36.570	101.9	96.1	79.2
5.8658	36.575	102.2	96.6	79.1
5.8658	36.580	102.5	96.6	79.6
5.8659	36.585	102.8	97.1	79.8
5.8659	36.590	102.9	97.1	80.0
5.8659	36.595	103.0	97.5	80.1
5.8660	36.600	103.0	97.2	80.1
5.8660	36.605	102.9	97.1	79.8
5.8661	36.610	103.2	97.6	79.9
5.8662	36.615	103.5	97.7	80.3
5.8662	36.620	103.7	97.9	80.6
5.8662	36.625	103.4	97.7	80.6
5.8663	36.630	103.3	97.7	80.3
5.8663	36.635	103.1	97.3	80.1
5.8664	36.640	103.3	97.3	80.0
5.8665	36.645	104.0	98.1	80.7
5.8665	36.650	104.4	98.6	81.5
5.8666	36.655	104.3	98.6	81.2
5.8666	36.660	104.7	99.0	81.6
5.8666	36.665	104.8	99.1	81.8
5.8667	36.670	104.8	99.1	81.7
5.8667	36.675	105.1	99.3	82.0
5.8668	36.680	105.2	99.4	82.2
5.8669	36.685	105.2	99.5	82.1
5.8669	36.690	105.5	99.7	82.6
5.8670	36.695	105.5	99.8	82.7
5.8670	36.700	105.4	99.6	82.5
5.8670	36.705	105.3	99.4	82.2
5.8671	36.710	105.2	99.4	82.3
5.8671	36.715	105.1	99.4	82.1
5.8672	36.720	105.1	99.4	82.3
5.8673	36.725	105.4	99.4	82.2
5.8673	36.730	105.5	99.7	82.0
5.8674	36.735	106.0	100.0	82.4
5.8674	36.740	105.9	100.1	82.7
5.8674	36.745	105.9	100.0	82.6
5.8675	36.750	106.4	100.6	82.9
5.8675	36.755	106.5	100.8	83.4
5.8676	36.760	106.7	100.8	83.4
5.8677	36.765	106.8	100.9	83.5
5.8677	36.770	107.1	101.3	83.8
5.8678	36.775	107.0	101.1	84.0
5.8678	36.780	106.8	101.0	83.7
5.8678	36.785	106.7	101.0	83.5
5.8679	36.790	106.7	100.9	83.6
5.8680	36.795	106.8	101.0	83.6
5.8680	36.800	106.4	100.6	83.8
5.8681	36.805	105.6	99.8	83.0
5.8681	36.810	104.0	98.1	81.4
5.8681	36.815	103.4	97.6	80.7
5.8682	36.820	103.7	98.0	80.8
5.8682	36.825	103.7	98.0	80.8
5.8683	36.830	103.8	98.1	80.8
5.8684	36.835	103.7	98.0	81.0
5.8684	36.840	103.6	97.8	80.8
5.8685	36.845	103.5	97.7	80.8
5.8685	36.850	103.8	98.2	81.0
5.8685	36.855	104.4	98.6	81.6
5.8686	36.860	103.9	98.2	81.5
5.8686	36.865	103.5	97.8	81.0
5.8687	36.870	104.0	98.3	81.4
5.8688	36.875	104.4	98.5	81.7
5.8688	36.880	104.4	98.6	81.8
5.8689	36.885	104.2	98.5	81.7
5.8689	36.890	103.8	98.1	81.6
5.8689	36.895	103.8	98.3	81.5
5.8690	36.900	104.0	98.4	81.8
5.8690	36.905	104.4	98.8	81.8
5.8691	36.910	104.1	98.5	81.9
5.8692	36.915	103.8	98.2	81.5
5.8692	36.920	103.7	98.2	81.4
5.8693	36.925	103.8	98.1	81.5
5.8693	36.930	103.9	98.2	81.6
5.8693	36.935	103.7	97.9	81.3
5.8694	36.940	104.2	98.7	81.6
5.8694	36.945	104.8	99.1	82.1
5.8695	36.950	104.9	99.3	82.4
5.8696	36.955	104.8	99.0	82.1
5.8696	36.960	104.6	98.8	81.8
5.8697	36.965	104.9	99.1	82.1
5.8697	36.970	104.7	99.0	82.2
5.8697	36.975	104.4	98.7	82.1
5.8698	36.980	104.4	98.6	81.4
5.8698	36.985	104.2	98.4	81.3
5.8699	36.990	104.2	98.4	81.2
5.8700	36.995	104.2	98.5	81.3
5.8700	37.000	104.5	98.7	81.5
5.8700	37.005	104.7	99.0	81.7
5.8701	37.010	105.1	99.2	82.1
5.8701	37.015	104.9	98.9	82.0
5.8702	37.020	104.6	98.8	81.8
5.8703	37.025	104.6	98.7	81.5
5.8703	37.030	104.8	98.9	81.7
5.8704	37.035	104.8	99.1	81.9
5.8704	37.040	104.9	99.2	82.1
5.8704	37.045	105.0	99.2	82.0
5.8705	37.050	105.0	99.3	82.3
5.8705	37.055	104.2	98.4	81.8
5.8706	37.060	104.1	98.2	81.3
5.8707	37.065	104.3	98.5	81.3
5.8707	37.070	104.5	98.8	81.6
5.8708	37.075	104.4	98.8	81.5
5.8708	37.080	104.5	98.8	81.6
5.8708	37.085	104.9	99.1	81.9
5.8709	37.090	105.0	99.1	82.2
5.8709	37.095	105.1	99.3	82.2
5.8710	37.100	105.5	99.9	82.6
5.8711	37.105	105.6	99.9	82.8
5.8711	37.110	105.4	99.7	82.5
5.8712	37.115	105.3	99.5	82.2
5.8712	37.120	105.1	99.4	82.0
5.8712	37.125	104.7	99.0	81.6
5.8713	37.130	104.3	98.4	81.2
5.8713	37.135	103.9	98.0	80.7
5.8714	37.140	104.0	98.1	80.6
5.8715	37.145	104.1	98.1	80.4
5.8715	37.150	104.3	98.4	80.8
5.8716	37.155	104.7	98.7	81.2
5.8716	37.160	105.3	99.4	82.0
5.8716	37.165	106.3	100.4	82.7
5.8717	37.170	105.9	99.7	82.8
5.8717	37.175	105.4	99.3	81.9
5.8718	37.180	105.4	99.3	82.0
5.8719	37.185	105.7	99.7	82.0
5.8719	37.190	105.9	99.9	82.4
5.8720	37.195	105.4	99.4	82.0
5.8720	37.200	105.4	99.3	81.9
5.8720	37.205	104.8	98.7	81.6
5.8721	37.210	104.2	98.1	81.0
5.8722	37.215	104.4	98.5	81.2
5.8722	37.220	104.6	98.8	81.6
5.8723	37.225	104.2	98.6	81.8
5.8723	37.230	104.0	98.4	81.7
5.8723	37.235	104.2	98.6	81.7
5.8724	37.240	104.5	98.9	81.9
5.8724	37.245	105.2	99.6	82.2
5.8725	37.250	105.9	100.2	83.1
5.8726	37.255	106.1	100.4	83.3
5.8726	37.260	106.0	100.2	82.8
5.8727	37.265	105.9	100.1	82.6
5.8727	37.270	105.3	99.3	82.1
5.8727	37.275	104.7	98.5	81.2
5.8728	37.280	104.3	98.4	81.1
5.8728	37.285	104.2	98.3	81.0
5.8729	37.290	103.8	97.9	80.8
5.8730	37.295	103.8	98.0	80.6
5.8730	37.300	104.0	98.1	80.7
5.8731	37.305	104.0	98.1	80.6
5.8731	37.310	104.2	98.2	80.6
5.8731	37.315	104.4	98.4	81.0
5.8732	37.320	104.0	98.0	80.9
5.8732	37.325	103.6	97.7	80.5
5.8733	37.330	103.3	97.3	80.3
5.8734	37.335	102.9	96.9	79.8
5.8734	37.340	102.8	97.0	79.6
5.8735	37.345	103.2	97.3	79.7
5.8735	37.350	102.8	96.8	79.7
5.8735	37.355	102.6	96.6	79.3
5.8736	37.360	102.5	96.5	79.5
5.8736	37.365	102.9	97.0	79.6
5.8737	37.370	103.0	97.0	80.1
5.8738	37.375	102.5	96.6	80.0
5.8738	37.380	102.2	96.4	79.6
5.8739	37.385	102.5	96.6	79.4
5.8739	37.390	102.8	96.6	79.5
5.8739	37.395	102.8	96.7	79.2
5.8740	37.400	103.5	97.5	80.1
5.8741	37.405	103.7	97.7	80.3
5.8741	37.410	103.9	97.9	80.3
5.8742	37.415	104.5	98.6	80.7
5.8742	37.420	104.6	98.6	81.2
5.8742	37.425	104.9	98.8	81.2
5.8743	37.430	105.3	99.3	81.7
5.8743	37.435	104.6	98.6	81.4
5.8744	37.440	103.3	97.3	80.3
5.8745	37.445	102.1	96.2	79.2
5.8745	37.450	102.0	95.9	78.6
5.8746	37.455	103.0	97.0	79.1
5.8746	37.460	103.2	97.2	79.0
5.8746	37.465	103.5	97.1	78.9
5.8747	37.470	103.7	97.6	79.2
5.8747	37.475	104.3	98.1	79.8
5.8748	37.480	104.1	97.9	79.6
5.8749	37.485	105.0	98.7	80.0
5.8749	37.490	105.5	99.2	80.9
5.8750	37.495	105.6	99.2	81.2
5.8750	37.500	105.0	98.7	80.6
5.8750	37.505	105.1	98.8	80.6
5.8751	37.510	105.5	99.2	80.6
5.8751	37.515	105.8	99.7	81.3
5.8752	37.520	106.2	99.9	81.7
5.8753	37.525	106.5	100.2	82.2
5.8753	37.530	106.1	99.9	82.1
5.8754	37.535	106.1	99.9	81.9
5.8754	37.540	106.1	99.9	82.0
5.8754	37.545	106.3	99.9	81.9
5.8755	37.550	106.5	100.2	82.2
5.8755	37.555	106.9	100.5	82.4
5.8756	37.560	107.0	100.7	82.7
5.8757	37.565	107.2	101.0	83.2
5.8757	37.570	107.7	101.7	83.6
5.8758	37.575	108.0	102.0	84.1
5.8758	37.580	107.7	101.5	83.7
5.8758	37.585	107.4	101.1	82.9
5.8759	37.590	107.5	101.2	82.9
5.8759	37.595	107.6	101.3	83.1
5.8760	37.600	107.9	101.7	83.5
5.8761	37.605	107.6	101.4	83.4
5.8761	37.610	107.0	100.8	82.7
5.8761	37.615	107.1	100.7	82.5
5.8762	37.620	107.5	101.2	83.0
5.8762	37.625	107.4	101.0	83.0
5.8763	37.630	107.0	100.5	82.4
5.8764	37.635	106.7	100.3	82.0
5.8764	37.640	107.2	100.7	82.1
5.8765	37.645	108.2	101.8	83.0
5.8765	37.650	109.3	102.8	84.2
5.8765	37.655	109.8	103.2	84.8
5.8766	37.660	110.3	103.7	85.1
5.8766	37.665	110.7	104.2	85.7
5.8767	37.670	110.9	104.6	85.9
5.8768	37.675	111.1	104.6	86.2
5.8768	37.680	110.6	104.2	85.6
5.8769	37.685	110.3	103.8	85.6
5.8769	37.690	110.0	103.6	85.3
5.8769	37.695	109.9	103.6	85.5
5.8770	37.700	109.6	103.2	85.4
5.8770	37.705	108.8	102.4	84.6
5.8771	37.710	108.6	102.2	84.2
5.8772	37.715	109.5	103.2	84.8
5.8772	37.720	110.7	104.2	85.6
5.8773	37.725	111.5	104.9	86.3
5.8773	37.730	111.6	104.8	86.5
5.8773	37.735	111.4	104.8	86.4
5.8774	37.740	111.3	104.6	86.2
5.8774	37.745	111.4	104.8	85.7
5.8775	37.750	111.5	104.8	86.0
5.8776	37.755	111.4	104.8	86.2
5.8776	37.760	111.5	105.0	86.2
5.8777	37.765	111.5	104.8	86.2
5.8777	37.770	111.8	105.2	86.2
5.8777	37.775	111.9	105.2	86.4
5.8778	37.780	111.6	104.8	86.1
5.8778	37.785	111.7	105.0	86.2
5.8779	37.790	111.8	105.1	86.6
5.8780	37.795	111.7	105.0	86.5
5.8780	37.800	111.4	104.8	86.2
5.8780	37.805	111.1	104.4	86.0
5.8781	37.810	111.1	104.3	86.0
5.8781	37.815	111.0	104.4	85.9
5.8782	37.820	110.6	104.0	85.8
5.8783	37.825	110.2	103.7	85.3
5.8783	37.830	110.7	104.1	85.5
5.8784	37.835	110.6	104.0	85.7
5.8784	37.840	109.7	103.1	85.0
5.8784	37.845	110.0	103.5	84.7
5.8785	37.850	110.3	103.8	85.3
5.8785	37.855	110.5	103.9	85.6
5.8786	37.860	110.5	104.0	85.8
5.8787	37.865	110.3	103.9	85.7
5.8787	37.870	109.1	102.8	85.3
5.8788	37.875	108.5	102.3	85.0
5.8788	37.880	107.7	101.6	85.1
5.8788	37.885	106.3	100.5	84.2
5.8789	37.890	106.3	100.6	83.9
5.8789	37.895	107.3	101.5	84.4
5.8790	37.900	108.2	102.4	84.6
5.8791	37.905	109.2	102.8	84.8
5.8791	37.910	109.9	103.5	85.3
5.8792	37.915	110.5	104.2	85.9
5.8792	37.920	110.4	104.0	85.9
5.8792	37.925	110.5	103.8	85.5
5.8793	37.930	110.9	104.4	85.8
5.8793	37.935	111.4	104.9	86.6
5.8794	37.940	111.4	104.9	86.6
5.8795	37.945	111.5	104.9	86.6
5.8795	37.950	111.9	105.4	86.9
5.8796	37.955	111.9	105.2	87.2
5.8796	37.960	111.4	104.8	86.9
5.8796	37.965	111.0	104.4	86.2
5.8797	37.970	111.3	104.8	86.4
5.8797	37.975	111.5	104.8	86.6
5.8798	37.980	111.4	104.7	86.4
5.8799	37.985	111.3	104.6	86.2
5.8799	37.990	111.4	104.8	86.3
5.8800	37.995	111.3	104.6	86.3
5.8800	38.000	110.8	104.0	85.7
5.8800	38.005	110.6	103.9	85.5
5.8801	38.010	110.9	104.3	86.0
5.8802	38.015	111.0	104.5	86.6
5.8802	38.020	110.8	104.3	86.5
5.8803	38.025	110.7	104.3	86.4
5.8803	38.030	111.0	104.7	86.6
5.8803	38.035	111.2	104.9	86.9
5.8804	38.040	111.3	105.0	86.7
5.8804	38.045	111.8	105.3	87.0
5.8805	38.050	111.8	105.3	87.0
5.8806	38.055	112.4	105.9	87.5
5.8806	38.060	112.5	106.1	87.8
5.8807	38.065	112.6	106.3	87.8
5.8807	38.070	112.2	105.8	87.6
5.8807	38.075	111.9	105.4	87.0
5.8808	38.080	112.1	105.5	87.3
5.8808	38.085	111.7	105.3	87.3
5.8809	38.090	111.1	104.7	86.7
5.8810	38.095	111.0	104.8	86.5
5.8810	38.100	111.1	104.6	86.6
5.8811	38.105	111.0	104.6	86.4
5.8811	38.110	110.6	104.4	86.0
5.8811	38.115	110.0	103.8	85.6
5.8812	38.120	110.1	103.7	85.6
5.8812	38.125	110.6	104.4	86.2
5.8813	38.130	110.9	104.7	86.4
5.8814	38.135	110.9	104.6	86.4
5.8814	38.140	111.3	104.9	86.4
5.8815	38.145	111.5	105.0	86.9
5.8815	38.150	111.3	104.9	86.6
5.8815	38.155	111.7	105.4	87.2
5.8816	38.160	111.6	105.2	86.9
5.8816	38.165	112.1	105.6	87.3
5.8817	38.170	111.8	105.2	87.0
5.8818	38.175	111.6	105.0	86.4
5.8818	38.180	111.6	105.3	86.6
5.8819	38.185	111.5	105.3	86.9
5.8819	38.190	111.4	105.0	86.9
5.8819	38.195	111.4	105.1	86.9
5.8820	38.200	110.9	104.7	86.8
5.8820	38.205	110.1	103.8	86.0
5.8821	38.210	110.0	103.8	85.9
5.8822	38.215	109.7	103.6	85.9
5.8822	38.220	109.2	103.2	85.7
5.8822	38.225	109.1	103.4	85.7
5.8823	38.230	109.8	104.0	86.0
5.8823	38.235	110.6	104.8	87.0
5.8824	38.240	111.1	105.3	87.0
5.8825	38.245	111.2	105.0	87.5
5.8825	38.250	110.7	104.4	86.8
5.8826	38.255	110.7	104.5	86.6
5.8826	38.260	110.4	104.0	86.3
5.8826	38.265	110.2	104.0	85.8
5.8827	38.270	110.5	104.3	86.1
5.8827	38.275	111.4	105.3	86.8
5.8828	38.280	111.8	105.4	87.2
5.8829	38.285	112.0	105.9	87.4
5.8829	38.290	112.4	106.0	87.9
5.8830	38.295	113.0	106.8	88.4
5.8830	38.300	113.2	107.0	88.8
5.8830	38.305	112.8	106.7	88.7
5.8831	38.310	112.1	105.9	87.9
5.8831	38.315	111.6	105.5	87.2
5.8832	38.320	111.0	104.8	86.9
5.8833	38.325	110.5	104.3	86.6
5.8833	38.330	110.7	104.6	86.4
5.8834	38.335	111.1	105.0	86.9
5.8834	38.340	110.6	104.5	86.8
5.8834	38.345	110.0	103.8	86.0
5.8835	38.350	110.3	104.2	85.9
5.8835	38.355	111.0	104.9	86.6
5.8836	38.360	111.2	104.8	86.8
5.8837	38.365	110.5	104.1	86.1
5.8837	38.370	110.3	103.8	85.7
5.8838	38.375	110.3	104.0	85.5
5.8838	38.380	110.4	104.1	85.7
5.8838	38.385	110.3	103.8	85.8
5.8839	38.390	109.6	103.2	85.4
5.8840	38.395	109.3	102.9	85.1
5.8840	38.400	108.1	101.9	84.5
5.8841	38.405	107.3	101.3	83.8
5.8841	38.410	108.1	102.4	84.7
5.8841	38.415	108.6	102.7	85.2
5.8842	38.420	108.9	102.8	85.1
5.8842	38.425	109.8	103.6	85.5
5.8843	38.430	110.4	104.1	85.9
5.8844	38.435	110.8	104.4	86.4
5.8844	38.440	111.0	104.7	86.3
5.8845	38.445	110.9	104.4	86.2
5.8845	38.450	110.3	103.7	85.7
5.8845	38.455	110.5	104.1	85.6
5.8846	38.460	111.1	104.6	86.2
5.8846	38.465	111.7	105.3	86.8
5.8847	38.470	111.6	105.2	87.1
5.8848	38.475	111.1	104.7	86.5
5.8848	38.480	110.9	104.4	86.6
5.8849	38.485	110.4	104.0	86.0
5.8849	38.490	110.2	103.8	85.7
5.8849	38.495	109.8	103.4	85.4
5.8850	38.500	109.6	103.2	85.0
5.8850	38.505	109.6	103.3	85.0
5.8851	38.510	109.6	103.4	85.2
5.8852	38.515	110.1	103.8	85.6
5.8852	38.520	110.3	104.0	85.5
5.8853	38.525	110.9	104.6	86.1
5.8853	38.530	110.9	104.5	86.3
5.8853	38.535	110.5	104.0	85.8
5.8854	38.540	110.4	104.0	85.7
5.8854	38.545	110.0	103.5	85.6
5.8855	38.550	108.9	102.7	84.9
5.8856	38.555	108.9	102.6	84.5
5.8856	38.560	109.2	102.8	84.4
5.8857	38.565	109.1	102.7	84.6
5.8857	38.570	108.9	102.7	84.4
5.8857	38.575	108.5	101.9	84.1
5.8858	38.580	108.6	102.1	83.9
5.8858	38.585	108.4	102.3	84.2
5.8859	38.590	108.8	102.4	84.6
5.8860	38.595	108.5	102.5	84.4
5.8860	38.600	108.6	102.6	84.5
5.8861	38.605	108.9	102.9	85.1
5.8861	38.610	108.0	102.0	84.5
5.8861	38.615	107.6	101.6	83.8
5.8862	38.620	107.9	101.9	84.1
5.8863	38.625	108.5	102.7	84.7
5.8863	38.630	109.2	103.2	85.3
5.8864	38.635	109.5	103.3	85.5
5.8864	38.640	109.6	103.6	85.5
5.8864	38.645	109.1	102.8	85.0
5.8865	38.650	108.6	102.4	84.3
5.8865	38.655	108.1	101.7	83.6
5.8866	38.660	108.2	101.8	83.5
5.8867	38.665	107.9	101.5	83.7
5.8867	38.670	107.2	101.0	83.2
5.8868	38.675	106.3	100.1	82.7
5.8868	38.680	105.0	98.9	81.7
5.8868	38.685	105.0	98.8	81.4
5.8869	38.690	104.6	98.6	81.5
5.8869	38.695	104.3	98.3	81.1
5.8870	38.700	104.6	98.7	81.3
5.8871	38.705	105.1	99.1	81.7
5.8871	38.710	105.8	99.8	82.4
5.8872	38.715	105.6	99.6	82.6
5.8872	38.720	105.5	99.4	82.0
5.8872	38.725	105.8	99.5	82.2
5.8873	38.730	105.6	99.5	82.1
5.8873	38.735	106.1	100.1	82.3
5.8874	38.740	106.4	100.3	83.0
5.8875	38.745	106.5	100.3	83.1
5.8875	38.750	106.4	100.2	83.2
5.8876	38.755	105.5	99.4	82.4
5.8876	38.760	105.3	99.0	81.9
5.8876	38.765	105.5	99.2	82.1
5.8877	38.770	105.0	98.7	81.7
5.8877	38.775	104.4	98.2	80.9
5.8878	38.780	104.3	98.1	80.8
5.8879	38.785	104.2	97.9	80.6
5.8879	38.790	104.2	98.2	81.0
5.8880	38.795	103.2	97.2	80.3
5.8880	38.800	103.3	97.2	79.8
5.8880	38.805	103.5	97.2	80.2
5.8881	38.810	102.9	96.7	79.8
5.8881	38.815	102.9	96.8	79.6
5.8882	38.820	102.5	96.4	79.2
5.8883	38.825	102.0	95.6	78.7
5.8883	38.830	102.0	96.0	78.4
5.8883	38.835	102.5	96.4	79.1
5.8884	38.840	103.0	96.9	79.6
5.8884	38.845	103.7	97.6	80.4
5.8885	38.850	103.7	97.4	80.4
5.8886	38.855	103.4	97.2	80.1
5.8886	38.860	103.7	97.5	80.2
5.8887	38.865	104.0	97.8	80.5
5.8887	38.870	103.8	97.7	80.4
5.8887	38.875	104.2	98.1	80.9
5.8888	38.880	104.0	97.9	80.8
5.8888	38.885	104.5	98.2	81.1
5.8889	38.890	104.6	98.5	81.4
5.8890	38.895	103.7	97.5	80.8
5.8890	38.900	103.6	97.5	80.2
5.8891	38.905	103.3	96.9	80.2
5.8891	38.910	102.5	96.2	79.3
5.8891	38.915	102.6	96.3	79.3
5.8892	38.920	102.5	96.3	79.2
5.8892	38.925	102.3	96.2	79.0
5.8893	38.930	103.3	97.0	79.8
5.8894	38.935	103.4	97.1	80.2
5.8894	38.940	103.1	96.9	79.9
5.8895	38.945	102.6	96.5	79.6
5.8895	38.950	101.7	95.5	79.0
5.8895	38.955	101.0	94.8	78.4
5.8896	38.960	100.6	94.6	77.6
5.8896	38.965	100.9	94.8	77.8
5.8897	38.970	101.1	95.1	78.1
5.8898	38.975	101.4	95.2	78.0
5.8898	38.980	101.2	95.0	77.8
5.8899	38.985	101.5	95.3	77.8
5.8899	38.990	101.9	95.7	78.5
5.8899	38.995	101.8	95.6	78.6
5.8900	39.000	101.7	95.5	78.5
5.8901	39.005	102.2	96.1	79.0
5.8901	39.010	102.4	96.3	79.5
5.8902	39.015	102.0	95.6	79.1
5.8902	39.020	102.0	95.7	78.9
5.8902	39.025	101.9	95.7	79.1
5.8903	39.030	101.6	95.5	79.0
5.8903	39.035	101.5	95.4	78.8
5.8904	39.040	100.9	94.7	78.3
5.8905	39.045	100.7	94.5	77.7
5.8905	39.050	100.8	94.5	77.5
5.8906	39.055	100.7	94.6	77.1
5.8906	39.060	101.0	94.8	77.5
5.8906	39.065	101.0	94.8	77.7
5.8907	39.070	100.5	94.3	77.5
5.8907	39.075	100.2	94.0	77.0
5.8908	39.080	100.5	94.2	77.3
5.8909	39.085	100.7	94.6	77.8
5.8909	39.090	100.8	94.7	77.8
5.8910	39.095	101.3	95.2	78.3
5.8910	39.100	101.1	95.0	78.2
5.8910	39.105	101.2	95.1	78.2
5.8911	39.110	101.4	95.3	78.3
5.8911	39.115	101.5	95.6	78.5
5.8912	39.120	101.4	95.5	78.7
5.8913	39.125	101.3	95.2	78.4
5.8913	39.130	100.7	94.6	78.0
5.8914	39.135	100.6	94.5	77.7
5.8914	39.140	101.0	94.8	77.9
5.8914	39.145	101.1	95.0	78.1
5.8915	39.150	101.2	95.0	78.2
5.8915	39.155	101.1	94.8	77.8
5.8916	39.160	100.9	94.5	77.3
5.8917	39.165	101.3	95.0	77.6
5.8917	39.170	101.5	95.1	77.7
5.8918	39.175	101.6	95.1	77.8
5.8918	39.180	101.7	95.4	77.8
5.8918	39.185	102.0	95.6	78.2
5.8919	39.190	102.5	96.2	78.4
5.8919	39.195	103.1	96.7	79.0
5.8920	39.200	103.3	96.8	79.2
5.8921	39.205	103.3	96.8	79.2
5.8921	39.210	103.1	96.6	79.0
5.8921	39.215	103.1	96.7	79.2
5.8922	39.220	103.2	96.7	78.9
5.8922	39.225	103.5	97.0	79.2
5.8923	39.230	104.0	97.5	79.7
5.8924	39.235	104.3	97.9	80.4
5.8924	39.240	104.0	97.6	80.2
5.8925	39.245	103.3	97.1	80.0
5.8925	39.250	103.3	97.0	79.8
5.8925	39.255	103.2	97.0	79.7
5.8926	39.260	103.5	97.1	79.5
5.8926	39.265	103.7	97.2	79.7
5.8927	39.270	104.2	97.8	80.2
5.8928	39.275	104.5	98.1	80.9
5.8928	39.280	103.9	97.5	80.3
5.8929	39.285	103.5	97.4	80.2
5.8929	39.290	103.7	97.5	80.1
5.8929	39.295	103.7	97.5	80.5
5.8930	39.300	103.3	97.1	80.1
5.8930	39.305	103.4	97.4	80.3
5.8931	39.310	103.7	97.7	80.7
5.8932	39.315	103.5	97.3	80.5
5.8932	39.320	102.9	96.9	80.2
5.8933	39.325	103.0	97.0	80.1
5.8933	39.330	103.8	97.7	80.6
5.8933	39.335	105.0	98.8	81.2
5.8934	39.340	105.8	99.5	81.8
5.8934	39.345	105.8	99.6	82.2
5.8935	39.350	105.9	99.8	82.3
5.8936	39.355	105.8	99.6	82.2
5.8936	39.360	106.3	100.1	82.2
5.8937	39.365	107.1	101.0	83.2
5.8937	39.370	107.5	101.3	84.0
5.8937	39.375	107.5	101.3	83.9
5.8938	39.380	107.4	101.1	83.6
5.8938	39.385	107.4	101.0	83.4
5.8939	39.390	106.9	100.6	83.1
5.8940	39.395	107.3	101.0	83.5
5.8940	39.400	107.8	101.5	84.0
5.8941	39.405	107.4	101.2	84.0
5.8941	39.410	107.3	101.2	83.8
5.8941	39.415	106.7	100.6	83.5
5.8942	39.420	105.9	99.9	83.0
5.8942	39.425	105.4	99.4	82.5
5.8943	39.430	104.9	99.0	82.0
5.8944	39.435	104.9	99.0	82.0
5.8944	39.440	103.8	97.9	81.3
5.8944	39.445	103.6	97.5	80.8
5.8945	39.450	103.4	97.7	80.8
5.8945	39.455	103.7	98.0	80.9
5.8946	39.460	104.4	98.7	81.2
5.8947	39.465	105.3	99.3	81.7
5.8947	39.470	105.6	99.7	82.3
5.8948	39.475	105.2	99.3	82.0
5.8948	39.480	104.6	98.7	81.4
5.8948	39.485	103.6	97.3	80.1
5.8949	39.490	103.4	97.3	79.6
5.8949	39.495	104.4	98.3	80.3
5.8950	39.500	104.9	98.8	80.9
5.8951	39.505	105.3	99.1	81.4
5.8951	39.510	105.8	99.5	82.1
5.8952	39.515	106.2	99.7	82.3
5.8952	39.520	105.7	99.3	81.6
5.8952	39.525	106.1	99.6	81.8
5.8953	39.530	105.8	99.4	81.9
5.8953	39.535	105.6	98.9	81.4
5.8954	39.540	105.2	98.6	81.1
5.8955	39.545	105.2	98.7	81.0
5.8955	39.550	105.1	98.6	81.1
5.8956	39.555	105.1	98.6	81.0
5.8956	39.560	105.3	98.9	81.4
5.8956	39.565	105.1	98.7	81.3
5.8957	39.570	105.2	98.8	81.0
5.8957	39.575	105.3	98.7	81.0
5.8958	39.580	104.9	98.3	80.5
5.8959	39.585	104.9	98.4	80.5
5.8959	39.590	104.7	98.2	80.7
5.8960	39.595	104.9	98.7	80.8
5.8960	39.600	105.5	99.4	81.7
5.8960	39.605	105.6	99.5	82.0
5.8961	39.610	105.8	99.5	82.2
5.8962	39.615	105.9	99.6	81.9
5.8962	39.620	106.2	100.1	82.2
5.8963	39.625	106.1	99.7	82.5
5.8963	39.630	105.8	99.7	82.1
5.8963	39.635	105.6	99.2	81.7
5.8964	39.640	105.6	99.1	81.5
5.8964	39.645	105.3	98.8	81.3
5.8965	39.650	105.6	99.2	81.6
5.8966	39.655	105.8	99.4	81.6
5.8966	39.660	105.8	99.5	81.8
5.8967	39.665	106.3	100.1	82.5
5.8967	39.670	106.5	100.1	82.5
5.8967	39.675	106.0	99.7	82.2
5.8968	39.680	105.3	98.8	81.3
5.8968	39.685	105.1	98.5	80.8
5.8969	39.690	105.1	98.5	80.9
5.8970	39.695	104.6	98.1	80.7
5.8970	39.700	104.8	98.4	80.6
5.8971	39.705	104.8	98.3	80.6
5.8971	39.710	105.0	98.6	80.9
5.8971	39.715	104.7	98.1	80.7
5.8972	39.720	104.8	98.3	80.6
5.8972	39.725	105.1	98.7	81.0
5.8973	39.730	105.1	98.6	81.1
5.8974	39.735	105.2	98.7	81.2
5.8974	39.740	105.7	99.2	81.3
5.8975	39.745	106.0	99.5	81.8
5.8975	39.750	106.7	100.5	82.6
5.8975	39.755	106.6	100.0	82.8
5.8976	39.760	105.5	99.2	81.9
5.8976	39.765	105.3	98.8	81.5
5.8977	39.770	105.5	99.1	81.7
5.8978	39.775	105.4	99.0	81.5
5.8978	39.780	105.6	99.2	81.5
5.8979	39.785	105.3	98.9	81.6
5.8979	39.790	104.9	98.3	81.1
5.8979	39.795	104.4	97.8	80.6
5.8980	39.800	103.8	97.2	79.8
5.8980	39.805	104.0	97.6	79.9
5.8981	39.810	104.7	98.5	80.8
5.8982	39.815	104.6	98.3	81.3
5.8982	39.820	104.2	97.7	80.7
5.8982	39.825	104.5	98.1	80.5
5.8983	39.830	104.9	98.6	80.9
5.8983	39.835	104.8	98.2	80.9
5.8984	39.840	104.6	97.9	80.4
5.8985	39.845	104.8	98.1	80.5
5.8985	39.850	105.1	98.5	80.8
5.8986	39.855	105.6	99.0	81.0
5.8986	39.860	106.0	99.3	81.4
5.8986	39.865	106.3	99.7	81.8
5.8987	39.870	106.6	100.0	82.6
5.8987	39.875	106.6	100.0	82.6
5.8988	39.880	106.5	99.9	82.5
5.8989	39.885	106.2	99.6	82.2
5.8989	39.890	105.8	99.2	82.0
5.8990	39.895	105.2	98.6	81.3
5.8990	39.900	105.0	98.5	81.1
5.8990	39.905	105.1	98.5	81.0
5.8991	39.910	104.8	98.3	80.9
5.8991	39.915	104.8	98.3	80.9
5.8992	39.920	104.2	97.7	80.6
5.8993	39.925	104.2	98.0	80.6
5.8993	39.930	104.3	97.8	80.5
5.8994	39.935	103.7	97.3	80.3
5.8994	39.940	103.5	97.4	80.0
5.8994	39.945	103.5	97.3	80.2
5.8995	39.950	103.2	97.1	79.8
5.8995	39.955	103.3	97.0	80.0
5.8996	39.960	103.3	97.2	80.4
5.8997	39.965	103.0	97.0	80.3
5.8997	39.970	103.0	97.1	80.2
5.8998	39.975	103.3	97.2	80.5
5.8998	39.980	103.8	97.8	80.7
5.8998	39.985	103.2	97.2	80.6
5.8999	39.990	102.4	96.5	79.9
5.8999	39.995	101.8	95.8	79.2
5.9000	40.000	101.2	95.2	78.6
5.9001	40.005	101.7	95.5	78.9
5.9001	40.010	101.5	95.2	78.8
5.9002	40.015	101.0	94.9	78.1
5.9002	40.020	101.2	95.1	78.5
5.9002	40.025	101.0	94.8	78.4
5.9003	40.030	100.3	94.0	77.9
5.9003	40.035	99.4	93.2	77.3
5.9004	40.040	98.6	92.3	76.2
5.9005	40.045	98.4	92.4	76.1
5.9005	40.050	98.6	92.5	76.4
5.9005	40.055	98.9	92.9	76.5
5.9006	40.060	99.2	93.2	76.8
5.9006	40.065	99.3	93.2	76.4
5.9007	40.070	99.7	93.8	76.8
5.9008	40.075	99.8	93.7	77.3
5.9008	40.080	99.7	93.7	77.0
5.9009	40.085	99.6	93.5	76.9
5.9009	40.090	100.3	94.2	77.4
5.9009	40.095	100.4	94.4	77.8
5.9010	40.100	100.5	94.3	77.8
5.9010	40.105	100.5	94.6	77.9
5.9011	40.110	100.4	94.4	77.9
5.9012	40.115	100.5	94.4	77.8
5.9012	40.120	100.5	94.6	78.0
5.9013	40.125	100.8	94.9	78.4
5.9013	40.130	100.8	94.9	78.6
5.9013	40.135	101.1	95.2	78.4
5.9014	40.140	101.5	95.5	79.0
5.9014	40.145	101.2	95.4	79.0
5.9015	40.150	101.5	95.6	79.3
5.9016	40.155	101.8	96.1	79.7
5.9016	40.160	102.0	96.2	79.9
5.9017	40.165	101.6	95.9	79.9
5.9017	40.170	101.2	95.5	79.5
5.9017	40.175	100.6	94.9	79.2
5.9018	40.180	100.2	94.2	78.5
5.9018	40.185	100.5	94.5	78.2
5.9019	40.190	100.8	94.9	78.6
5.9020	40.195	101.1	95.0	78.6
5.9020	40.200	101.7	95.8	79.2
5.9021	40.205	102.5	96.5	79.9
5.9021	40.210	102.5	96.4	80.0
5.9021	40.215	102.8	96.6	80.0
5.9022	40.220	103.2	97.1	80.3
5.9023	40.225	103.2	97.2	80.5
5.9023	40.230	102.9	96.7	80.1
5.9024	40.235	102.5	96.4	79.7
5.9024	40.240	102.8	96.6	79.7
5.9024	40.245	102.9	96.6	79.9
5.9025	40.250	102.9	96.7	80.1
5.9025	40.255	103.3	97.2	80.0
5.9026	40.260	103.8	97.6	80.6
5.9027	40.265	104.1	98.1	81.0
5.9027	40.270	104.0	97.8	81.2
5.9028	40.275	103.9	97.9	81.1
5.9028	40.280	103.8	97.8	81.1
5.9028	40.285	103.6	97.5	81.0
5.9029	40.290	103.3	97.3	80.7
5.9029	40.295	103.2	97.1	80.5
5.9030	40.300	103.4	97.5	80.6
5.9031	40.305	103.2	97.0	80.5
5.9031	40.310	103.2	97.2	80.4
5.9032	40.315	103.0	96.9	80.3
5.9032	40.320	102.4	96.4	80.1
5.9032	40.325	102.4	96.5	79.8
5.9033	40.330	102.9	97.0	80.4
5.9033	40.335	103.1	97.1	80.4
5.9034	40.340	103.0	96.9	80.3
5.9035	40.345	103.0	96.9	80.2
5.9035	40.350	103.3	97.2	80.7
5.9036	40.355	103.4	97.6	80.5
5.9036	40.360	103.5	97.5	81.0
5.9036	40.365	103.4	97.5	80.9
5.9037	40.370	103.3	97.2	81.0
5.9037	40.375	103.1	97.2	80.7
5.9038	40.380	103.1	96.8	80.3
5.9039	40.385	103.4	97.3	80.4
5.9039	40.390	103.8	97.7	81.1
5.9040	40.395	104.0	97.9	81.3
5.9040	40.400	103.8	97.8	81.3
5.9040	40.405	103.7	97.7	81.1
5.9041	40.410	103.4	97.6	81.1
5.9041	40.415	103.5	97.7	81.3
5.9042	40.420	103.6	97.7	81.2
5.9043	40.425	104.0	98.2	81.5
5.9043	40.430	104.7	98.8	82.2
5.9043	40.435	105.0	99.3	82.7
5.9044	40.440	105.5	99.8	83.1
5.9044	40.445	105.6	99.8	83.3
5.9045	40.450	105.1	99.2	82.7
5.9046	40.455	105.1	99.4	82.4
5.9046	40.460	105.2	99.2	82.6
5.9047	40.465	105.0	99.0	82.5
5.9047	40.470	104.6	98.5	82.0
5.9047	40.475	103.9	98.1	81.4
5.9048	40.480	103.7	97.6	80.9
5.9048	40.485	104.4	98.3	81.5
5.9049	40.490	104.5	98.7	81.9
5.9050	40.495	104.5	98.7	82.0
5.9050	40.500	105.0	99.0	82.3
5.9051	40.505	104.8	98.9	82.1
5.9051	40.510	105.0	99.2	82.2
5.9051	40.515	105.3	99.4	82.6
5.9052	40.520	104.6	98.6	82.5
5.9052	40.525	104.1	98.3	81.9
5.9053	40.530	103.8	98.0	81.3
5.9054	40.535	103.5	97.7	81.2
5.9054	40.540	103.4	97.6	80.9
5.9055	40.545	103.2	97.4	80.8
5.9055	40.550	102.9	96.9	80.6
5.9055	40.555	102.5	96.6	80.2
5.9056	40.560	102.3	96.5	80.2
5.9056	40.565	102.4	96.9	80.6
5.9057	40.570	102.2	96.6	80.6
5.9058	40.575	101.2	95.8	80.1
5.9058	40.580	100.8	95.3	79.3
5.9059	40.585	101.3	95.8	79.7
5.9059	40.590	101.5	96.0	79.8
5.9059	40.595	101.2	95.7	79.7
5.9060	40.600	100.8	95.4	79.7
5.9060	40.605	101.5	96.1	79.8
5.9061	40.610	102.1	96.7	80.4
5.9062	40.615	102.1	96.5	80.5
5.9062	40.620	102.2	96.7	80.4
5.9062	40.625	102.4	97.0	80.9
5.9063	40.630	102.3	96.7	80.7
5.9063	40.635	102.5	96.9	80.5
5.9064	40.640	102.8	97.2	81.2
5.9065	40.645	102.3	96.7	80.9
5.9065	40.650	103.0	97.5	81.2
5.9066	40.655	103.5	98.1	82.0
5.9066	40.660	104.4	98.9	82.6
5.9066	40.665	104.7	99.2	83.4
5.9067	40.670	105.1	99.6	83.7
5.9067	40.675	105.1	99.4	84.0
5.9068	40.680	105.0	99.2	83.6
5.9069	40.685	105.5	99.8	84.0
5.9069	40.690	105.4	99.6	84.0
5.9070	40.695	105.4	99.7	83.8
5.9070	40.700	104.6	98.8	83.7
5.9070	40.705	103.3	97.3	82.1
5.9071	40.710	101.5	95.7	80.6
5.9071	40.715	99.1	93.5	78.8
5.9072	40.720	96.9	91.2	76.2
5.9073	40.725	96.5	91.0	75.4
5.9073	40.730	97.2	91.6	75.3
5.9074	40.735	97.9	92.3	76.0
5.9074	40.740	98.7	93.1	77.0
5.9074	40.745	98.8	93.1	77.4
5.9075	40.750	99.1	93.4	77.4
5.9075	40.755	99.3	93.5	77.6
5.9076	40.760	99.6	94.0	77.9
5.9077	40.765	99.9	94.1	78.1
5.9077	40.770	100.3	94.5	78.2
5.9078	40.775	100.2	94.2	78.3
5.9078	40.780	100.3	94.5	78.5
5.9078	40.785	100.5	94.7	78.7
5.9079	40.790	100.5	95.0	78.8
5.9079	40.795	100.8	95.1	79.1
5.9080	40.800	100.6	94.8	79.0
5.9081	40.805	100.8	95.2	78.8
5.9081	40.810	101.0	95.6	79.4
5.9082	40.815	101.1	95.6	79.5
5.9082	40.820	100.7	95.0	79.3
5.9082	40.825	100.1	94.4	79.0
5.9083	40.830	99.7	94.0	78.3
5.9084	40.835	99.2	93.7	78.1
5.9084	40.840	98.9	93.4	77.9
5.9085	40.845	98.3	92.9	77.6
5.9085	40.850	98.2	92.7	77.3
5.9085	40.855	98.2	92.7	77.0
5.9086	40.860	99.0	93.5	77.3
5.9086	40.865	99.1	93.4	77.5
5.9087	40.870	99.1	93.5	77.4
5.9088	40.875	99.1	93.6	77.6
5.9088	40.880	99.9	94.4	78.4
5.9089	40.885	100.0	94.3	78.8
5.9089	40.890	99.5	94.0	78.5
5.9089	40.895	99.3	93.7	78.0
5.9090	40.900	99.4	93.8	77.9
5.9090	40.905	99.1	93.6	77.9
5.9091	40.910	99.3	93.7	78.0
5.9092	40.915	99.5	94.1	78.4
5.9092	40.920	97.9	92.4	77.4
5.9093	40.925	96.7	91.3	76.2
5.9093	40.930	95.6	90.2	75.4
5.9093	40.935	95.0	89.7	74.8
5.9094	40.940	94.1	88.7	74.3
5.9094	40.945	93.0	87.8	73.5
5.9095	40.950	91.7	86.6	72.8
5.9096	40.955	90.4	85.6	72.0
5.9096	40.960	90.1	85.3	71.3
5.9097	40.965	90.6	85.9	71.8
5.9097	40.970	90.3	85.5	71.7
5.9097	40.975	90.3	85.5	71.7
5.9098	40.980	90.4	85.6	71.9
5.9098	40.985	91.0	86.1	72.2
5.9099	40.990	91.5	86.6	72.7
5.9100	40.995	92.3	87.3	73.1
5.9100	41.000	92.9	87.7	73.8
5.9101	41.005	93.1	87.8	73.8
5.9101	41.010	93.5	88.2	73.8
5.9101	41.015	94.5	89.1	74.2
5.9102	41.020	95.6	90.3	75.1
5.9102	41.025	96.3	90.8	76.0
5.9103	41.030	96.6	91.1	76.1
5.9104	41.035	96.9	91.2	76.7
5.9104	41.040	96.2	90.5	76.1
5.9104	41.045	96.3	90.7	75.9
5.9105	41.050	96.5	91.0	76.2
5.9105	41.055	96.6	91.1	76.3
5.9106	41.060	96.4	90.9	76.2
5.9107	41.065	96.6	91.0	76.0
5.9107	41.070	96.9	91.2	76.3
5.9108	41.075	97.1	91.5	76.6
5.9108	41.080	96.8	91.3	76.1
5.9108	41.085	97.0	91.5	76.1
5.9109	41.090	97.3	91.7	76.4
5.9109	41.095	97.1	91.6	76.4
5.9110	41.100	97.1	91.5	76.2
5.9111	41.105	96.8	91.3	76.1
5.9111	41.110	96.7	91.1	75.9
5.9112	41.115	96.7	91.2	76.0
5.9112	41.120	96.4	90.8	75.9
5.9112	41.125	96.4	90.9	75.4
5.9113	41.130	97.1	91.6	76.0
5.9113	41.135	97.4	91.7	76.1
5.9114	41.140	97.7	92.0	76.5
5.9115	41.145	97.8	92.2	76.5
5.9115	41.150	98.1	92.6	76.4
5.9116	41.155	98.2	92.6	76.8
5.9116	41.160	98.1	92.5	76.9
5.9116	41.165	98.1	92.6	77.1
5.9117	41.170	97.8	92.4	76.9
5.9117	41.175	97.6	92.0	76.8
5.9118	41.180	97.7	92.3	76.8
5.9119	41.185	97.9	92.5	76.8
5.9119	41.190	97.7	92.3	77.0
5.9120	41.195	97.4	91.8	76.4
5.9120	41.200	97.3	91.8	76.0
5.9120	41.205	97.2	91.7	76.0
5.9121	41.210	97.2	91.8	76.0
5.9122	41.215	97.2	91.7	76.0
5.9122	41.220	97.3	91.8	76.1
5.9123	41.225	97.6	92.0	76.3
5.9123	41.230	97.2	91.6	76.3
5.9123	41.235	96.9	91.4	75.6
5.9124	41.240	97.3	91.6	75.7
5.9124	41.245	98.0	92.2	76.2
5.9125	41.250	98.4	92.6	76.5
5.9126	41.255	98.5	92.7	76.8
5.9126	41.260	98.3	92.7	76.5
5.9127	41.265	98.1	92.3	76.5
5.9127	41.270	98.2	92.6	76.4
5.9127	41.275	98.8	93.3	77.0
5.9128	41.280	99.4	93.9	77.5
5.9128	41.285	99.8	94.3	78.3
5.9129	41.290	99.5	94.0	78.1
5.9130	41.295	99.4	94.0	77.8
5.9130	41.300	99.9	94.2	77.9
5.9131	41.305	99.8	94.1	78.0
5.9131	41.310	99.7	93.9	77.9
5.9131	41.315	99.4	93.8	77.7
5.9132	41.320	99.7	94.2	77.8
5.9132	41.325	100.1	94.4	78.3
5.9133	41.330	99.8	94.1	78.2
5.9134	41.335	99.7	94.2	78.0
5.9134	41.340	99.8	94.1	78.0
5.9135	41.345	99.7	94.0	77.8
5.9135	41.350	99.7	94.0	78.0
5.9135	41.355	100.1	94.5	78.4
5.9136	41.360	100.5	94.9	78.8
5.9136	41.365	100.1	94.4	78.3
5.9137	41.370	100.4	94.5	78.3
5.9138	41.375	100.5	94.7	78.3
5.9138	41.380	100.6	94.9	78.5
5.9139	41.385	100.1	94.3	78.3
5.9139	41.390	99.5	93.8	77.6
5.9139	41.395	99.3	93.4	76.9
5.9140	41.400	99.6	93.7	77.3
5.9140	41.405	99.8	94.0	77.6
5.9141	41.410	99.7	94.1	77.5
5.9142	41.415	99.9	94.3	78.0
5.9142	41.420	100.0	94.3	78.0
5.9143	41.425	100.0	94.2	78.1
5.9143	41.430	99.9	93.9	77.9
5.9143	41.435	99.5	93.7	77.6
5.9144	41.440	99.2	93.4	77.1
5.9145	41.445	99.5	93.6	77.2
5.9145	41.450	100.0	94.2	77.7
5.9146	41.455	99.9	94.1	77.6
5.9146	41.460	99.9	94.0	77.6
5.9146	41.465	99.8	93.9	77.7
5.9147	41.470	100.2	94.5	77.8
5.9147	41.475	100.5	94.7	78.5
5.9148	41.480	100.4	94.7	78.3
5.9149	41.485	100.7	95.0	78.5
5.9149	41.490	100.9	95.0	78.6
5.9150	41.495	100.4	94.6	78.3
5.9150	41.500	100.1	94.3	77.8
5.9150	41.505	100.0	94.4	78.2
5.9151	41.510	100.0	94.2	78.0
5.9151	41.515	100.5	94.7	78.2
5.9152	41.520	100.6	94.7	78.5
5.9153	41.525	100.6	94.8	78.5
5.9153	41.530	100.7	94.8	78.3
5.9154	41.535	101.2	95.1	78.4
5.9154	41.540	101.6	95.6	78.8
5.9154	41.545	102.0	96.0	79.5
5.9155	41.550	101.6	95.6	79.1
5.9155	41.555	101.5	95.5	78.6
5.9156	41.560	100.9	94.9	78.5
5.9157	41.565	100.8	94.9	78.0
5.9157	41.570	101.0	95.0	78.2
5.9158	41.575	101.2	95.3	78.5
5.9158	41.580	101.8	95.7	78.9
5.9158	41.585	101.9	95.7	78.7
5.9159	41.590	102.3	96.0	78.9
5.9159	41.595	103.4	96.9	79.7
5.9160	41.600	104.0	97.8	80.6
5.9161	41.605	104.9	98.6	81.2
5.9161	41.610	105.1	98.9	81.5
5.9162	41.615	105.4	99.1	81.8
5.9162	41.620	105.2	99.1	82.0
5.9162	41.625	104.9	98.7	81.9
5.9163	41.630	104.2	98.1	81.3
5.9163	41.635	104.2	98.1	80.9
5.9164	41.640	105.4	99.2	81.6
5.9165	41.645	105.8	99.6	82.5
5.9165	41.650	106.0	99.7	82.6
5.9165	41.655	105.7	99.2	82.3
5.9166	41.660	105.5	99.4	82.2
5.9166	41.665	105.4	99.3	82.4
5.9167	41.670	105.0	98.8	81.9
5.9168	41.675	105.0	98.9	81.7
5.9168	41.680	105.1	99.2	82.3
5.9169	41.685	104.4	98.3	81.8
5.9169	41.690	104.0	97.9	81.3
5.9169	41.695	103.7	97.6	80.8
5.9170	41.700	104.2	98.2	80.8
5.9170	41.705	105.1	99.2	82.0
5.9171	41.710	105.3	99.2	82.6
5.9172	41.715	105.2	99.1	82.1
5.9172	41.720	105.2	99.0	82.3
5.9173	41.725	104.9	98.8	82.2
5.9173	41.730	104.7	98.6	82.1
5.9173	41.735	104.1	98.0	81.7
5.9174	41.740	103.4	97.4	80.8
5.9174	41.745	103.2	97.3	80.6
5.9175	41.750	103.1	97.2	80.5
5.9176	41.755	102.4	96.8	80.4
5.9176	41.760	101.8	96.0	79.7
5.9177	41.765	101.2	95.5	79.5
5.9177	41.770	100.9	95.1	79.2
5.9177	41.775	101.4	95.6	79.3
5.9178	41.780	102.5	96.8	80.2
5.9178	41.785	102.7	96.8	80.3
5.9179	41.790	103.0	96.9	80.3
5.9180	41.795	103.1	97.2	80.4
5.9180	41.800	103.5	97.7	80.8
5.9181	41.805	103.5	97.7	80.9
5.9181	41.810	103.2	97.4	80.9
5.9181	41.815	102.5	96.9	80.7
5.9182	41.820	102.0	96.4	80.4
5.9183	41.825	101.7	95.9	80.1
5.9183	41.830	101.5	95.9	79.8
5.9184	41.835	101.3	95.8	79.8
5.9184	41.840	102.7	96.8	80.3
5.9184	41.845	104.0	98.0	81.2
5.9185	41.850	104.2	98.3	81.3
5.9185	41.855	104.1	98.0	81.3
5.9186	41.860	103.9	97.7	80.9
5.9187	41.865	104.0	97.9	80.7
5.9187	41.870	104.1	97.9	80.9
5.9188	41.875	104.3	98.4	80.9
5.9188	41.880	105.4	99.5	82.3
5.9188	41.885	105.8	99.8	82.9
5.9189	41.890	106.3	100.3	83.1
5.9189	41.895	106.9	100.9	83.5
5.9190	41.900	106.8	100.7	83.4
5.9191	41.905	106.2	100.0	82.8
5.9191	41.910	106.1	100.0	82.6
5.9192	41.915	105.8	99.7	82.7
5.9192	41.920	105.0	99.0	82.2
5.9192	41.925	105.9	99.8	82.3
5.9193	41.930	106.3	100.1	82.8
5.9193	41.935	106.3	100.3	83.0
5.9194	41.940	105.7	99.8	83.1
5.9195	41.945	105.0	99.1	82.5
5.9195	41.950	104.6	98.8	82.3
5.9196	41.955	104.6	99.0	81.9
5.9196	41.960	105.7	100.0	82.8
5.9196	41.965	106.6	100.8	83.5
5.9197	41.970	106.7	100.8	83.5
5.9197	41.975	106.4	100.4	83.3
5.9198	41.980	106.0	100.0	82.9
5.9199	41.985	106.4	100.4	82.8
5.9199	41.990	107.1	100.9	83.3
5.9200	41.995	107.9	101.6	83.9
5.9200	42.000	108.3	102.1	84.3
5.9200	42.005	109.1	102.8	84.9
5.9201	42.010	109.5	103.2	85.3
5.9201	42.015	110.3	103.9	85.8
5.9202	42.020	110.4	104.0	86.1
5.9203	42.025	109.3	102.8	85.4
5.9203	42.030	108.7	102.4	84.3
5.9204	42.035	108.8	102.6	84.4
5.9204	42.040	108.8	102.5	84.6
5.9204	42.045	108.8	102.7	84.6
5.9205	42.050	108.8	102.4	85.0
5.9206	42.055	108.7	102.4	84.3
5.9206	42.060	108.6	102.3	84.2
5.9207	42.065	108.5	102.2	84.3
5.9207	42.070	108.2	101.8	83.9
5.9207	42.075	108.6	102.3	84.1
5.9208	42.080	108.7	102.5	84.6
5.9208	42.085	108.7	102.3	84.5
5.9209	42.090	109.5	103.0	84.6
5.9210	42.095	110.1	103.5	85.3
5.9210	42.100	110.4	103.9	85.7
5.9211	42.105	110.2	103.6	85.6
5.9211	42.110	109.9	103.4	85.2
5.9211	42.115	110.1	103.6	85.1
5.9212	42.120	110.9	104.5	85.7
5.9212	42.125	111.6	105.0	86.5
5.9213	42.130	111.2	104.7	86.4
5.9214	42.135	111.0	104.6	85.9
5.9214	42.140	111.4	104.7	86.2
5.9215	42.145	111.2	104.7	86.3
5.9215	42.150	111.7	105.1	86.6
5.9215	42.155	112.4	106.0	87.4
5.9216	42.160	112.6	106.4	87.7
5.9216	42.165	111.9	105.6	87.5
5.9217	42.170	111.1	104.7	86.4
5.9218	42.175	110.9	104.4	85.8
5.9218	42.180	110.8	104.4	85.8
5.9219	42.185	110.9	104.4	86.1
5.9219	42.190	110.7	104.4	86.1
5.9219	42.195	110.7	104.3	86.0
5.9220	42.200	110.9	104.5	86.2
5.9220	42.205	111.0	104.6	86.3
5.9221	42.210	111.4	104.9	86.5
5.9222	42.215	111.6	105.4	86.9
5.9222	42.220	111.6	105.2	87.0
5.9223	42.225	111.5	105.2	86.9
5.9223	42.230	111.9	105.4	87.0
5.9223	42.235	112.2	105.7	87.4
5.9224	42.240	111.8	105.3	86.9
5.9224	42.245	111.5	104.9	86.6
5.9225	42.250	111.8	105.3	86.8
5.9226	42.255	111.7	105.2	86.6
5.9226	42.260	111.6	105.0	86.3
5.9226	42.265	111.8	105.4	86.7
5.9227	42.270	111.6	104.9	86.6
5.9227	42.275	111.3	104.8	86.2
5.9228	42.280	111.2	104.8	86.2
5.9229	42.285	111.5	105.0	86.2
5.9229	42.290	111.4	105.0	86.5
5.9230	42.295	111.2	104.5	86.1
5.9230	42.300	110.7	104.1	85.9
5.9230	42.305	110.7	104.2	85.6
5.9231	42.310	110.6	104.2	85.6
5.9231	42.315	110.5	104.1	85.6
5.9232	42.320	110.2	104.0	85.8
5.9233	42.325	109.4	103.1	85.2
5.9233	42.330	109.5	103.5	84.9
5.9234	42.335	110.3	104.0	85.8
5.9234	42.340	110.0	103.5	85.0
5.9234	42.345	109.8	103.5	85.1
5.9235	42.350	110.0	103.8	85.4
5.9235	42.355	110.2	103.9	85.9
5.9236	42.360	110.3	104.2	86.4
5.9237	42.365	110.0	103.9	86.4
5.9237	42.370	109.7	103.6	86.0
5.9238	42.375	109.1	103.0	85.8
5.9238	42.380	108.5	102.5	85.0
5.9238	42.385	108.3	102.3	84.8
5.9239	42.390	108.5	102.3	84.8
5.9239	42.395	108.3	102.3	84.9
5.9240	42.400	107.5	101.1	83.7
5.9241	42.405	108.7	102.7	84.3
5.9241	42.410	109.7	103.6	85.4
5.9242	42.415	109.9	103.6	85.3
5.9242	42.420	110.0	103.9	85.5
5.9242	42.425	110.6	104.5	86.1
5.9243	42.430	110.8	104.7	86.7
5.9244	42.435	110.8	104.7	86.6
5.9244	42.440	110.7	104.5	86.6
5.9245	42.445	110.2	104.1	86.4
5.9245	42.450	110.2	104.3	86.4
5.9245	42.455	110.2	104.5	86.7
5.9246	42.460	110.3	104.3	86.8
5.9246	42.465	110.4	104.5	86.6
5.9247	42.470	110.6	104.5	86.5
5.9248	42.475	110.4	104.3	86.3
5.9248	42.480	110.5	104.5	86.4
5.9249	42.485	110.0	104.0	86.2
5.9249	42.490	109.2	103.2	85.7
5.9249	42.495	108.3	102.4	85.0
5.9250	42.500	108.1	102.3	84.9
5.9250	42.505	107.4	101.9	84.6
5.9251	42.510	106.7	101.0	84.1
5.9252	42.515	106.7	101.2	83.8
5.9252	42.520	107.0	101.4	84.2
5.9253	42.525	107.3	101.7	84.1
5.9253	42.530	106.8	101.1	84.1
5.9253	42.535	105.5	99.6	82.6
5.9254	42.540	104.9	99.2	82.2
5.9254	42.545	105.1	99.3	81.9
5.9255	42.550	105.8	99.8	82.1
5.9256	42.555	106.9	100.8	82.6
5.9256	42.560	107.2	100.9	83.4
5.9257	42.565	107.3	101.0	83.4
5.9257	42.570	107.1	100.7	83.2
5.9257	42.575	106.7	100.4	82.5
5.9258	42.580	106.8	100.2	82.2
5.9258	42.585	106.7	100.3	82.2
5.9259	42.590	106.7	100.2	82.4
5.9260	42.595	106.4	100.0	81.9
5.9260	42.600	106.8	100.5	82.6
5.9261	42.605	107.7	101.5	83.9
5.9261	42.610	107.0	100.9	83.7
5.9261	42.615	106.5	100.4	83.2
5.9262	42.620	106.7	100.5	83.2
5.9262	42.625	107.3	100.9	83.3
5.9263	42.630	107.6	101.3	83.8
5.9264	42.635	108.0	101.8	83.9
5.9264	42.640	108.8	102.7	84.9
5.9264	42.645	108.8	102.8	85.1
5.9265	42.650	108.9	102.8	85.0
5.9265	42.655	109.2	103.1	85.4
5.9266	42.660	109.2	103.1	85.5
5.9267	42.665	109.1	103.0	85.1
5.9267	42.670	109.1	103.1	85.3
5.9268	42.675	109.1	103.1	85.4
5.9268	42.680	108.8	102.6	85.2
5.9268	42.685	107.5	101.5	84.2
5.9269	42.690	106.6	100.6	83.3
5.9269	42.695	106.1	100.3	82.8
5.9270	42.700	106.7	101.0	83.1
5.9271	42.705	107.2	101.4	83.9
5.9271	42.710	107.7	102.1	84.3
5.9272	42.715	108.0	102.2	84.3
5.9272	42.720	108.3	102.4	84.5
5.9272	42.725	108.5	102.7	84.5
5.9273	42.730	108.9	103.0	84.9
5.9273	42.735	108.8	102.8	84.7
5.9274	42.740	109.4	103.5	84.9
5.9275	42.745	109.8	103.9	85.5
5.9275	42.750	109.8	103.8	85.5
5.9276	42.755	109.8	103.8	85.5
5.9276	42.760	109.6	103.6	85.3
5.9276	42.765	109.7	103.6	85.3
5.9277	42.770	110.0	104.1	85.5
5.9277	42.775	110.5	104.5	86.1
5.9278	42.780	110.6	104.6	86.5
5.9279	42.785	110.0	104.0	86.3
5.9279	42.790	109.8	103.9	85.8
5.9280	42.795	110.1	104.1	86.3
5.9280	42.800	110.6	104.7	86.8
5.9280	42.805	111.1	105.0	87.0
5.9281	42.810	111.5	105.7	87.4
5.9281	42.815	111.4	105.6	88.0
5.9282	42.820	111.2	105.5	87.8
5.9283	42.825	111.6	105.9	88.3
5.9283	42.830	111.9	106.1	88.5
5.9284	42.835	111.8	105.9	88.3
5.9284	42.840	111.9	106.0	88.1
5.9284	42.845	112.0	106.3	88.5
5.9285	42.850	112.2	106.3	88.8
5.9285	42.855	111.7	105.9	88.4
5.9286	42.860	111.3	105.5	88.0
5.9287	42.865	111.5	105.7	88.1
5.9287	42.870	111.5	105.7	88.4
5.9287	42.875	111.0	105.2	87.9
5.9288	42.880	110.9	105.0	87.5
5.9288	42.885	111.2	105.3	87.7
5.9289	42.890	111.4	105.8	87.8
5.9290	42.895	111.5	105.8	88.1
5.9290	42.900	111.1	105.5	88.0
5.9291	42.905	110.7	105.0	87.8
5.9291	42.910	110.3	104.8	87.4
5.9291	42.915	110.4	104.8	87.6
5.9292	42.920	110.2	104.6	87.4
5.9292	42.925	110.2	104.7	87.3
5.9293	42.930	110.7	105.0	87.4
5.9294	42.935	111.3	105.4	87.5
5.9294	42.940	111.6	105.7	87.7
5.9295	42.945	111.8	106.0	88.0
5.9295	42.950	112.2	106.5	88.4
5.9295	42.955	112.3	106.7	88.8
5.9296	42.960	112.7	107.0	89.1
5.9296	42.965	113.0	107.2	89.2
5.9297	42.970	113.1	107.3	89.3
5.9298	42.975	113.2	107.3	89.3
5.9298	42.980	112.7	106.8	89.0
5.9299	42.985	112.6	106.7	88.7
5.9299	42.990	112.7	106.8	88.8
5.9299	42.995	113.2	107.4	89.2
5.9300	43.000	113.5	107.6	89.6
5.9300	43.005	113.2	107.2	89.1
5.9301	43.010	112.8	106.9	88.8
5.9302	43.015	112.8	106.8	88.8
5.9302	43.020	113.0	107.0	89.0
5.9303	43.025	112.6	106.6	89.0
5.9303	43.030	111.9	105.9	88.1
5.9303	43.035	111.5	105.4	87.5
5.9304	43.040	111.1	105.2	87.2
5.9305	43.045	111.3	105.3	87.4
5.9305	43.050	111.6	105.7	87.5
5.9306	43.055	111.9	105.8	87.8
5.9306	43.060	111.4	105.4	87.4
5.9306	43.065	110.9	105.0	87.0
5.9307	43.070	110.7	104.7	86.5
5.9307	43.075	110.7	104.6	86.7
5.9308	43.080	110.8	104.8	86.8
5.9309	43.085	111.6	105.8	87.5
5.9309	43.090	112.3	106.2	88.1
5.9310	43.095	112.7	106.5	88.5
5.9310	43.100	112.6	106.5	88.6
5.9310	43.105	112.1	105.8	88.0
5.9311	43.110	112.0	105.8	87.2
5.9311	43.115	111.8	105.5	87.1
5.9312	43.120	111.5	105.4	86.6
5.9313	43.125	111.3	105.1	86.8
5.9313	43.130	111.3	105.2	86.6
5.9314	43.135	111.6	105.6	87.0
5.9314	43.140	111.4	105.4	87.2
5.9314	43.145	111.3	105.2	86.7
5.9315	43.150	112.0	105.8	87.4
5.9315	43.155	112.4	106.4	87.9
5.9316	43.160	112.9	106.9	88.4
5.9317	43.165	112.9	106.9	88.3
5.9317	43.170	113.1	107.1	88.6
5.9318	43.175	113.3	107.2	88.8
5.9318	43.180	113.4	107.4	88.9
5.9318	43.185	113.0	106.9	88.6
5.9319	43.190	112.9	106.8	88.3
5.9319	43.195	112.9	106.7	88.5
5.9320	43.200	112.7	106.5	88.3
5.9321	43.205	112.4	106.2	87.9
5.9321	43.210	112.3	105.9	87.5
5.9322	43.215	112.1	105.8	87.3
5.9322	43.220	111.8	105.4	87.0
5.9322	43.225	111.8	105.4	86.9
5.9323	43.230	111.4	105.0	86.7
5.9323	43.235	111.1	104.8	86.3
5.9324	43.240	111.2	104.7	86.1
5.9325	43.245	111.5	105.1	86.5
5.9325	43.250	111.5	105.2	86.6
5.9325	43.255	111.3	104.8	86.4
5.9326	43.260	111.0	104.4	86.0
5.9326	43.265	110.8	104.4	85.9
5.9327	43.270	110.7	104.3	85.7
5.9328	43.275	110.6	104.3	85.8
5.9328	43.280	111.3	104.9	86.2
5.9329	43.285	111.3	104.8	86.3
5.9329	43.290	111.2	104.7	86.3
5.9329	43.295	111.3	104.9	86.2
5.9330	43.300	111.1	104.6	86.2
5.9330	43.305	110.8	104.4	86.0
5.9331	43.310	111.2	104.8	86.1
5.9332	43.315	111.5	105.1	86.6
5.9332	43.320	111.9	105.5	86.9
5.9333	43.325	111.9	105.5	87.2
5.9333	43.330	111.7	105.4	87.2
5.9333	43.335	111.5	105.3	86.8
5.9334	43.340	111.9	105.6	87.1
5.9334	43.345	112.0	105.6	87.3
5.9335	43.350	111.6	105.3	86.8
5.9336	43.355	111.5	105.2	86.5
5.9336	43.360	111.6	105.2	86.6
5.9337	43.365	111.8	105.4	86.5
5.9337	43.370	111.7	105.2	86.8
5.9337	43.375	111.7	105.4	86.7
5.9338	43.380	111.9	105.5	87.0
5.9338	43.385	111.8	105.4	87.0
5.9339	43.390	112.1	105.8	87.3
5.9340	43.395	112.4	106.1	87.4
5.9340	43.400	113.0	106.8	88.3
5.9341	43.405	113.2	106.8	88.3
5.9341	43.410	113.3	106.8	88.3
5.9341	43.415	113.0	106.5	87.9
5.9342	43.420	112.2	105.8	87.5
5.9342	43.425	112.1	105.7	87.3
5.9343	43.430	112.0	105.5	87.1
5.9344	43.435	111.9	105.5	87.0
5.9344	43.440	112.4	105.8	87.2
5.9345	43.445	112.5	105.9	87.4
5.9345	43.450	112.7	106.2	87.6
5.9345	43.455	112.5	105.9	87.6
5.9346	43.460	112.3	105.6	87.3
5.9347	43.465	111.8	105.3	86.8
5.9347	43.470	112.1	105.5	86.8
5.9348	43.475	112.2	105.7	87.2
5.9348	43.480	112.1	105.4	87.0
5.9348	43.485	111.5	104.8	86.6
5.9349	43.490	111.5	105.1	86.5
5.9349	43.495	111.5	105.0	86.4
5.9350	43.500	111.7	105.2	86.4
5.9351	43.505	112.0	105.6	86.7
5.9351	43.510	112.7	106.4	87.6
5.9352	43.515	112.5	106.1	87.7
5.9352	43.520	111.9	105.5	87.2
5.9352	43.525	112.1	105.7	87.0
5.9353	43.530	112.5	106.2	87.6
5.9353	43.535	112.4	106.0	87.2
5.9354	43.540	112.2	105.6	86.8
5.9355	43.545	112.1	105.7	86.9
5.9355	43.550	112.1	105.5	87.2
5.9356	43.555	111.0	104.6	86.1
5.9356	43.560	111.0	104.8	85.9
5.9356	43.565	111.3	105.0	86.1
5.9357	43.570	111.4	104.9	86.1
5.9357	43.575	111.5	105.1	86.2
5.9358	43.580	111.5	105.0	86.3
5.9359	43.585	111.0	104.6	86.0
5.9359	43.590	111.3	104.8	85.7
5.9360	43.595	111.2	104.9	86.2
5.9360	43.600	111.1	104.6	85.9
5.9360	43.605	111.4	104.9	85.8
5.9361	43.610	111.3	104.8	86.0
5.9361	43.615	111.0	104.4	85.7
5.9362	43.620	110.7	104.2	85.4
5.9363	43.625	110.6	104.2	85.1
5.9363	43.630	111.0	104.6	85.5
5.9364	43.635	111.2	104.8	85.7
5.9364	43.640	111.1	104.7	86.0
5.9364	43.645	111.3	105.0	86.1
5.9365	43.650	111.3	105.0	86.2
5.9366	43.655	111.7	105.2	86.3
5.9366	43.660	111.9	105.3	86.4
5.9367	43.665	111.8	105.5	86.8
5.9367	43.670	111.6	105.1	86.5
5.9367	43.675	111.6	105.3	86.4
5.9368	43.680	112.0	105.5	86.8
5.9368	43.685	111.6	105.1	86.5
5.9369	43.690	111.5	104.9	86.4
5.9370	43.695	111.1	104.6	86.0
5.9370	43.700	111.2	104.7	86.2
5.9371	43.705	111.2	104.8	86.3
5.9371	43.710	111.3	104.8	86.1
5.9371	43.715	110.4	104.0	85.8
5.9372	43.720	109.4	102.9	84.6
5.9372	43.725	108.9	102.5	83.8
5.9373	43.730	108.9	102.2	83.8
5.9374	43.735	108.0	101.2	82.9
5.9374	43.740	107.7	101.1	82.3
5.9375	43.745	107.4	100.6	82.4
5.9375	43.750	107.4	100.9	82.5
5.9375	43.755	107.3	100.8	82.5
5.9376	43.760	106.9	100.5	82.2
5.9376	43.765	107.2	100.9	82.4
5.9377	43.770	106.7	100.1	82.1
5.9378	43.775	106.5	100.1	81.6
5.9378	43.780	106.6	100.2	81.7
5.9379	43.785	106.7	100.3	81.8
5.9379	43.790	106.1	99.5	81.3
5.9379	43.795	106.0	99.7	80.8
5.9380	43.800	106.6	100.1	81.8
5.9380	43.805	106.3	99.6	81.3
5.9381	43.810	106.4	99.9	81.4
5.9382	43.815	106.6	100.2	81.7
5.9382	43.820	106.8	100.3	82.0
5.9383	43.825	107.1	100.7	82.6
5.9383	43.830	106.8	100.5	82.5
5.9383	43.835	106.3	99.8	82.1
5.9384	43.840	106.1	99.7	81.5
5.9384	43.845	106.5	100.1	81.9
5.9385	43.850	106.2	99.8	81.9
5.9386	43.855	106.1	99.8	81.7
5.9386	43.860	106.1	99.8	81.8
5.9386	43.865	106.5	100.3	82.1
5.9387	43.870	106.7	100.3	82.4
5.9387	43.875	107.0	100.8	82.8
5.9388	43.880	106.7	100.5	82.9
5.9389	43.885	106.4	100.3	82.4
5.9389	43.890	107.0	100.7	83.0
5.9390	43.895	107.1	100.9	83.2
5.9390	43.900	106.7	100.5	82.9
5.9390	43.905	106.7	100.5	83.1
5.9391	43.910	106.5	100.3	82.9
5.9391	43.915	106.6	100.2	82.9
5.9392	43.920	107.0	100.9	83.2
5.9393	43.925	107.3	101.1	83.9
5.9393	43.930	106.9	100.8	83.3
5.9394	43.935	106.7	100.6	82.9
5.9394	43.940	107.0	100.9	83.4
5.9394	43.945	107.4	101.3	84.0
5.9395	43.950	107.4	101.2	84.1
5.9395	43.955	107.4	101.2	83.9
5.9396	43.960	106.6	100.4	83.4
5.9397	43.965	105.8	99.7	82.5
5.9397	43.970	105.4	99.3	82.2
5.9398	43.975	105.1	98.9	81.7
5.9398	43.980	104.0	97.9	80.9
5.9398	43.985	103.3	97.4	80.2
5.9399	43.990	102.8	96.8	80.0
5.9399	43.995	101.6	95.7	79.0
5.9400	44.000	100.8	95.0	78.5
5.9401	44.005	100.0	94.3	77.8
5.9401	44.010	100.1	94.5	77.7
5.9402	44.015	100.9	95.2	78.0
5.9402	44.020	102.0	96.0	78.5
5.9402	44.025	102.3	96.3	78.8
5.9403	44.030	102.4	96.3	78.9
5.9403	44.035	102.3	96.0	78.9
5.9404	44.040	101.9	95.4	78.1
5.9405	44.045	102.1	95.8	77.9
5.9405	44.050	102.4	96.2	78.5
5.9405	44.055	102.4	96.1	78.5
5.9406	44.060	102.0	95.7	78.3
5.9406	44.065	101.9	95.6	77.8
5.9407	44.070	102.2	96.2	78.3
5.9408	44.075	102.4	96.4	78.8
5.9408	44.080	102.3	96.2	78.9
5.9409	44.085	102.5	96.3	78.7
5.9409	44.090	103.0	96.7	79.0
5.9409	44.095	102.9	96.5	78.8
5.9410	44.100	102.4	96.0	78.4
5.9410	44.105	102.5	96.1	78.2
5.9411	44.110	102.6	96.3	78.5
5.9412	44.115	102.3	96.1	78.6
5.9412	44.120	102.2	95.9	78.5
5.9413	44.125	102.5	96.1	78.3
5.9413	44.130	102.7	96.3	78.3
5.9413	44.135	103.1	96.9	78.7
5.9414	44.140	103.5	97.0	79.0
5.9414	44.145	103.6	97.0	78.9
5.9415	44.150	103.5	97.1	78.9
5.9416	44.155	102.8	96.3	78.4
5.9416	44.160	102.6	96.2	77.9
5.9417	44.165	102.9	96.5	78.2
5.9417	44.170	102.8	96.3	78.2
5.9417	44.175	102.8	96.1	77.9
5.9418	44.180	102.9	96.2	77.9
5.9418	44.185	102.6	95.9	77.7
5.9419	44.190	102.9	96.2	77.8
5.9420	44.195	103.5	96.8	78.6
5.9420	44.200	102.9	96.3	78.4
5.9421	44.205	102.3	95.5	77.8
5.9421	44.210	102.2	95.4	77.4
5.9421	44.215	102.5	95.9	77.7
5.9422	44.220	102.3	95.7	77.7
5.9422	44.225	102.4	95.8	77.8
5.9423	44.230	102.5	96.1	78.1
5.9424	44.235	102.4	96.0	78.2
5.9424	44.240	102.0	95.7	77.9
5.9425	44.245	101.5	95.3	77.9
5.9425	44.250	100.8	94.5	77.0
5.9425	44.255	100.4	94.1	76.3
5.9426	44.260	100.6	94.3	76.4
5.9427	44.265	101.4	95.3	77.2
5.9427	44.270	101.4	95.0	77.6
5.9428	44.275	101.2	95.0	77.4
5.9428	44.280	101.2	95.1	77.6
5.9428	44.285	101.1	94.9	77.3
5.9429	44.290	101.0	94.6	77.0
5.9429	44.295	101.2	94.6	76.9
5.9430	44.300	101.2	94.8	76.8
5.9431	44.305	101.5	94.9	76.9
5.9431	44.310	101.4	94.8	77.0
5.9432	44.315	100.8	94.5	76.8
5.9432	44.320	100.8	94.4	76.6
5.9432	44.325	101.4	95.1	77.2
5.9433	44.330	101.5	95.1	77.4
5.9433	44.335	100.8	94.5	77.1
5.9434	44.340	100.5	94.1	76.5
5.9435	44.345	100.4	94.1	76.3
5.9435	44.350	100.1	93.9	76.2
5.9436	44.355	100.1	93.9	76.3
5.9436	44.360	99.4	93.1	75.9
5.9436	44.365	99.1	92.8	75.5
5.9437	44.370	99.5	93.2	75.8
5.9437	44.375	100.5	94.1	76.2
5.9438	44.380	101.2	94.8	77.0
5.9439	44.385	101.3	94.9	77.1
5.9439	44.390	101.2	94.7	77.1
5.9440	44.395	101.0	94.5	77.0
5.9440	44.400	100.8	94.4	76.9
5.9440	44.405	100.9	94.3	76.7
5.9441	44.410	100.8	94.2	76.5
5.9441	44.415	100.8	94.3	76.5
5.9442	44.420	100.8	94.3	76.7
5.9443	44.425	100.6	94.1	76.5
5.9443	44.430	100.2	93.6	76.2
5.9444	44.435	100.3	93.9	76.4
5.9444	44.440	100.3	93.9	76.2
5.9444	44.445	100.6	94.0	76.3
5.9445	44.450	100.7	94.2	76.3
5.9445	44.455	100.9	94.3	76.6
5.9446	44.460	100.9	94.4	76.7
5.9447	44.465	101.2	94.6	76.8
5.9447	44.470	101.3	94.8	77.2
5.9447	44.475	101.1	94.5	77.0
5.9448	44.480	101.3	94.7	77.2
5.9448	44.485	101.7	95.2	77.4
5.9449	44.490	101.7	95.1	77.7
5.9450	44.495	101.9	95.4	77.9
5.9450	44.500	102.1	95.7	78.3
5.9451	44.505	101.9	95.4	78.2
5.9451	44.510	101.2	94.9	77.6
5.9451	44.515	101.1	94.7	77.5
5.9452	44.520	101.3	94.8	77.8
5.9452	44.525	100.9	94.5	77.5
5.9453	44.530	100.5	94.1	77.0
5.9454	44.535	100.2	93.9	76.8
5.9454	44.540	100.2	94.0	77.0
5.9455	44.545	100.1	93.8	76.7
5.9455	44.550	100.0	93.8	76.9
5.9455	44.555	99.9	93.7	76.7
5.9456	44.560	99.9	93.9	76.6
5.9456	44.565	100.1	93.9	76.9
5.9457	44.570	100.0	93.8	77.0
5.9458	44.575	99.7	93.4	76.7
5.9458	44.580	99.7	93.5	76.8
5.9459	44.585	99.5	93.5	76.9
5.9459	44.590	99.3	93.3	76.7
5.9459	44.595	99.1	93.1	76.5
5.9460	44.600	98.9	92.9	76.3
5.9460	44.605	99.5	93.5	76.4
5.9461	44.610	100.2	93.9	77.1
5.9462	44.615	100.6	94.5	77.4
5.9462	44.620	101.0	94.7	77.8
5.9463	44.625	101.1	94.9	77.8
5.9463	44.630	101.3	95.0	77.7
5.9463	44.635	101.5	95.3	78.2
5.9464	44.640	101.5	95.2	78.3
5.9465	44.645	101.1	95.0	78.0
5.9465	44.650	100.8	94.7	78.0
5.9466	44.655	100.8	94.8	78.0
5.9466	44.660	101.0	94.9	78.2
5.9466	44.665	100.5	94.6	77.8
5.9467	44.670	100.9	94.9	77.9
5.9467	44.675	101.4	95.5	78.6
5.9468	44.680	101.8	95.7	78.6
5.9469	44.685	102.1	95.9	79.0
5.9469	44.690	102.3	96.2	79.0
5.9470	44.695	102.2	96.3	79.5
5.9470	44.700	101.9	96.0	79.2
5.9470	44.705	102.0	96.1	79.3
5.9471	44.710	102.2	96.3	79.1
5.9471	44.715	102.2	96.1	79.1
5.9472	44.720	102.2	96.2	79.3
5.9473	44.725	102.4	96.5	79.4
5.9473	44.730	102.5	96.6	79.7
5.9474	44.735	102.4	96.5	79.6
5.9474	44.740	101.9	95.9	78.9
5.9474	44.745	102.0	96.1	78.8
5.9475	44.750	101.8	95.8	78.9
5.9475	44.755	101.4	95.1	78.4
5.9476	44.760	101.0	94.9	77.9
5.9477	44.765	101.3	95.2	78.3
5.9477	44.770	101.2	95.2	78.3
5.9478	44.775	100.9	94.8	78.0
5.9478	44.780	100.4	94.5	77.6
5.9478	44.785	99.8	93.9	77.3
5.9479	44.790	99.2	93.4	76.8
5.9479	44.795	99.0	92.9	76.4
5.9480	44.800	99.3	93.3	76.5
5.9481	44.805	99.2	93.2	76.7
5.9481	44.810	99.1	93.1	76.4
5.9482	44.815	99.0	93.0	76.5
5.9482	44.820	99.1	93.2	76.4
5.9482	44.825	99.0	92.9	76.3
5.9483	44.830	99.3	93.4	76.3
5.9483	44.835	99.8	93.7	76.9
5.9484	44.840	99.9	93.9	77.0
5.9485	44.845	100.1	94.1	77.2
5.9485	44.850	100.4	94.3	77.5
5.9486	44.855	100.2	94.2	77.7
5.9486	44.860	100.6	94.4	77.5
5.9486	44.865	101.2	95.2	78.2
5.9487	44.870	101.6	95.8	79.0
5.9488	44.875	101.5	95.5	79.0
5.9488	44.880	101.4	95.5	78.7
5.9489	44.885	101.2	95.3	78.6
5.9489	44.890	101.0	95.1	78.3
5.9489	44.895	100.8	94.8	78.1
5.9490	44.900	100.9	95.0	78.3
5.9490	44.905	101.0	95.1	78.3
5.9491	44.910	101.3	95.1	78.3
5.9492	44.915	101.4	95.2	78.4
5.9492	44.920	101.9	95.8	78.8
5.9493	44.925	102.4	96.5	79.3
5.9493	44.930	103.2	97.2	79.7
5.9493	44.935	103.7	97.6	80.0
5.9494	44.940	104.0	97.8	80.2
5.9494	44.945	104.5	98.2	80.5
5.9495	44.950	104.7	98.5	80.8
5.9496	44.955	105.4	99.3	81.3
5.9496	44.960	106.0	99.7	81.8
5.9497	44.965	106.6	100.2	82.0
5.9497	44.970	107.0	100.6	82.5
5.9497	44.975	106.7	100.3	82.3
5.9498	44.980	107.1	100.6	82.3
5.9498	44.985	108.2	101.7	83.3
5.9499	44.990	108.7	102.2	84.1
5.9500	44.995	109.1	102.6	84.4
5.9500	45.000	109.3	102.9	84.9
5.9501	45.005	109.4	102.9	84.5
5.9501	45.010	109.4	102.8	84.7
5.9501	45.015	109.2	102.6	84.5
5.9502	45.020	109.6	103.2	84.8
5.9502	45.025	109.3	102.9	84.8
5.9503	45.030	109.2	102.8	84.6
5.9504	45.035	109.2	102.7	84.4
5.9504	45.040	109.6	103.1	84.7
5.9505	45.045	109.7	103.2	85.0
5.9505	45.050	109.8	103.4	85.0
5.9505	45.055	110.2	103.9	85.8
5.9506	45.060	110.5	104.4	86.1
5.9506	45.065	110.9	104.7	86.5
5.9507	45.070	111.3	105.2	87.1
5.9508	45.075	111.2	105.0	87.2
5.9508	45.080	111.5	105.2	87.2
5.9508	45.085	111.6	105.3	87.3
5.9509	45.090	111.5	105.1	87.0
5.9509	45.095	111.2	105.0	86.9
5.9510	45.100	110.6	104.2	86.2
5.9511	45.105	110.3	103.9	85.8
5.9511	45.110	110.3	104.0	85.7
5.9512	45.115	110.0	103.6	85.5
5.9512	45.120	110.0	103.7	85.5
5.9512	45.125	109.7	103.4	85.2
5.9513	45.130	109.5	103.2	85.5
5.9513	45.135	109.7	103.6	85.4
5.9514	45.140	110.3	104.2	86.0
5.9515	45.145	111.2	105.1	87.0
5.9515	45.150	111.5	105.2	87.5
5.9516	45.155	111.6	105.4	87.4
5.9516	45.160	112.0	105.9	87.6
5.9516	45.165	112.2	105.9	87.7
5.9517	45.170	112.2	105.9	88.2
5.9517	45.175	112.3	106.1	88.1
5.9518	45.180	111.7	105.8	87.8
5.9519	45.185	111.7	105.4	87.3
5.9519	45.190	111.4	105.2	87.4
5.9520	45.195	111.0	104.7	87.0
5.9520	45.200	111.0	104.6	86.5
5.9520	45.205	111.3	105.1	87.0
5.9521	45.210	111.1	104.9	87.0
5.9521	45.215	111.3	105.3	87.1
5.9522	45.220	111.0	105.0	87.3
5.9523	45.225	111.1	105.0	87.4
5.9523	45.230	111.1	105.0	87.4
5.9524	45.235	110.5	104.6	86.7
5.9524	45.240	110.5	104.3	86.4
5.9524	45.245	110.7	104.4	86.3
5.9525	45.250	111.0	104.9	86.8
5.9526	45.255	111.3	105.2	87.0
5.9526	45.260	111.3	105.1	87.4
5.9527	45.265	111.1	104.9	87.1
5.9527	45.270	110.8	104.6	86.9
5.9527	45.275	110.9	105.0	87.1
5.9528	45.280	110.8	104.7	87.2
5.9528	45.285	110.0	103.9	86.5
5.9529	45.290	110.1	104.1	86.1
5.9530	45.295	110.0	104.0	86.3
5.9530	45.300	109.8	103.7	86.2
5.9531	45.305	109.7	103.9	86.0
5.9531	45.310	110.6	104.5	86.6
5.9531	45.315	111.0	104.9	86.8
5.9532	45.320	110.9	104.8	87.2
5.9532	45.325	110.3	104.3	86.7
5.9533	45.330	109.7	103.7	85.9
5.9534	45.335	109.5	103.5	85.7
5.9534	45.340	109.3	103.4	85.4
5.9535	45.345	109.6	103.7	85.6
5.9535	45.350	110.1	104.2	85.7
5.9535	45.355	110.8	104.9	86.8
5.9536	45.360	110.6	104.7	86.8
5.9536	45.365	110.3	104.5	86.5
5.9537	45.370	110.4	104.4	86.2
5.9538	45.375	110.5	104.6	86.3
5.9538	45.380	110.1	104.1	86.4
5.9539	45.385	109.7	103.8	85.7
5.9539	45.390	109.9	104.0	85.9
5.9539	45.395	109.8	103.9	86.3
5.9540	45.400	109.4	103.5	85.7
5.9540	45.405	110.0	104.1	86.2
5.9541	45.410	110.0	104.1	86.4
5.9542	45.415	109.9	103.8	86.1
5.9542	45.420	109.8	103.6	85.8
5.9543	45.425	109.5	103.6	85.7
5.9543	45.430	110.0	104.0	86.0
5.9543	45.435	109.7	103.7	86.1
5.9544	45.440	109.1	103.0	85.4
5.9544	45.445	109.2	103.4	85.2
5.9545	45.450	109.5	103.7	85.5
5.9546	45.455	109.8	104.1	85.8
5.9546	45.460	110.0	104.1	86.1
5.9546	45.465	110.2	104.1	86.1
5.9547	45.470	110.6	104.5	86.6
5.9547	45.475	110.7	104.6	86.7
5.9548	45.480	110.6	104.7	86.5
5.9549	45.485	110.7	104.7	86.8
5.9549	45.490	110.4	104.6	86.4
5.9550	45.495	110.8	104.7	86.8
5.9550	45.500	110.4	104.3	86.4
5.9550	45.505	110.3	104.2	86.1
5.9551	45.510	110.7	104.5	86.4
5.9551	45.515	110.3	104.2	86.5
5.9552	45.520	110.6	104.5	86.0
5.9553	45.525	110.8	104.6	86.8
5.9553	45.530	110.4	104.0	86.1
5.9554	45.535	110.5	104.4	86.0
5.9554	45.540	110.7	104.6	86.3
5.9554	45.545	110.8	104.5	86.4
5.9555	45.550	111.0	104.9	86.8
5.9555	45.555	110.5	104.4	86.2
5.9556	45.560	110.6	104.5	86.4
5.9557	45.565	111.0	104.8	86.5
5.9557	45.570	111.1	105.0	86.8
5.9558	45.575	111.3	105.0	86.8
5.9558	45.580	111.0	104.7	86.5
5.9558	45.585	111.4	105.1	86.8
5.9559	45.590	111.2	105.0	86.8
5.9559	45.595	111.4	105.1	86.9
5.9560	45.600	111.4	105.1	86.8
5.9561	45.605	111.8	105.6	87.0
5.9561	45.610	112.2	106.1	87.6
5.9562	45.615	112.1	106.0	87.7
5.9562	45.620	111.8	105.6	87.4
5.9562	45.625	112.0	105.9	87.5
5.9563	45.630	112.1	105.8	87.4
5.9563	45.635	112.5	106.4	87.8
5.9564	45.640	112.6	106.6	88.1
5.9565	45.645	112.6	106.5	88.1
5.9565	45.650	112.9	106.7	88.1
5.9566	45.655	113.0	107.1	88.3
5.9566	45.660	113.4	107.5	89.0
5.9566	45.665	113.4	107.3	88.8
5.9567	45.670	113.5	107.4	88.9
5.9567	45.675	112.9	106.8	88.8
5.9568	45.680	112.6	106.5	88.2
5.9569	45.685	112.7	106.7	88.3
5.9569	45.690	113.0	107.0	88.9
5.9569	45.695	113.5	107.4	89.3
5.9570	45.700	114.0	108.0	89.9
5.9570	45.705	114.4	108.4	90.1
5.9571	45.710	114.4	108.2	90.2
5.9572	45.715	114.5	108.5	90.3
5.9572	45.720	114.7	108.6	90.7
5.9573	45.725	114.4	108.5	90.2
5.9573	45.730	114.9	108.8	90.3
5.9573	45.735	115.0	108.8	90.8
5.9574	45.740	114.3	108.3	90.2
5.9574	45.745	114.3	108.3	90.0
5.9575	45.750	114.6	108.5	90.2
5.9576	45.755	114.5	108.4	90.4
5.9576	45.760	114.2	107.9	89.8
5.9577	45.765	114.3	108.1	89.8
5.9577	45.770	114.8	108.6	90.2
5.9577	45.775	115.1	109.0	90.6
5.9578	45.780	114.9	108.7	90.7
5.9578	45.785	114.2	108.1	90.0
5.9579	45.790	113.9	108.0	89.8
5.9580	45.795	114.3	108.2	89.8
5.9580	45.800	114.4	108.3	90.1
5.9581	45.805	114.2	108.2	90.0
5.9581	45.810	114.3	108.3	90.2
5.9581	45.815	114.7	108.8	90.4
5.9582	45.820	115.1	109.0	90.8
5.9582	45.825	115.4	109.5	91.2
5.9583	45.830	115.4	109.4	91.4
5.9584	45.835	115.1	109.0	91.0
5.9584	45.840	114.9	108.9	90.8
5.9585	45.845	114.8	108.7	90.7
5.9585	45.850	114.8	108.8	90.7
5.9585	45.855	114.7	108.8	90.3
5.9586	45.860	115.0	109.0	90.3
5.9587	45.865	115.3	109.4	91.0
5.9587	45.870	115.3	109.2	91.0
5.9588	45.875	114.9	108.8	90.8
5.9588	45.880	114.6	108.5	90.2
5.9588	45.885	114.8	108.6	90.2
5.9589	45.890	114.7	108.6	90.5
5.9589	45.895	114.2	108.0	89.8
5.9590	45.900	114.4	108.4	89.8
5.9591	45.905	115.0	108.9	90.5
5.9591	45.910	114.9	108.8	90.5
5.9592	45.915	114.7	108.6	90.2
5.9592	45.920	115.3	109.1	90.6
5.9592	45.925	115.3	109.2	90.9
5.9593	45.930	115.1	109.0	90.5
5.9593	45.935	115.2	108.9	90.4
5.9594	45.940	115.2	109.2	90.8
5.9595	45.945	115.0	109.1	90.5
5.9595	45.950	115.3	109.1	90.5
5.9596	45.955	115.7	109.7	90.9
5.9596	45.960	115.5	109.7	91.3
5.9596	45.965	115.4	109.5	91.1
5.9597	45.970	115.1	109.2	91.0
5.9597	45.975	114.8	108.7	90.4
5.9598	45.980	114.8	108.9	90.3
5.9599	45.985	114.7	108.8	90.5
5.9599	45.990	114.4	108.3	90.2
5.9600	45.995	114.7	108.8	90.2
5.9600	46.000	115.0	109.3	90.8
5.9600	46.005	114.8	109.0	90.6
5.9601	46.010	114.9	109.1	90.5
5.9601	46.015	115.4	109.5	90.8
5.9602	46.020	115.5	109.5	91.1
5.9603	46.025	115.2	109.1	90.8
5.9603	46.030	115.3	109.4	90.7
5.9604	46.035	115.3	109.3	90.7
5.9604	46.040	114.7	108.4	90.1
5.9604	46.045	114.5	108.3	89.7
5.9605	46.050	114.7	108.5	89.8
5.9605	46.055	115.2	109.1	90.4
5.9606	46.060	115.1	109.0	90.6
5.9607	46.065	115.0	108.8	90.2
5.9607	46.070	115.0	109.0	90.4
5.9607	46.075	114.9	108.9	90.5
5.9608	46.080	114.8	108.8	90.6
5.9608	46.085	114.7	108.7	90.6
5.9609	46.090	115.1	109.1	90.8
5.9610	46.095	115.2	109.2	91.0
5.9610	46.100	115.4	109.4	91.0
5.9611	46.105	115.8	109.7	91.3
5.9611	46.110	115.7	109.7	91.5
5.9611	46.115	115.7	109.6	91.3
5.9612	46.120	115.3	109.3	90.8
5.9612	46.125	115.7	109.8	91.3
5.9613	46.130	115.8	109.7	91.3
5.9614	46.135	115.8	109.8	91.2
5.9614	46.140	116.0	109.9	91.2
5.9615	46.145	115.8	109.8	91.5
5.9615	46.150	116.0	109.9	91.5
5.9615	46.155	116.0	110.1	91.8
5.9616	46.160	115.5	109.5	91.4
5.9616	46.165	115.4	109.4	91.0
5.9617	46.170	115.5	109.5	91.0
5.9618	46.175	115.7	109.7	91.4
5.9618	46.180	116.0	110.0	91.3
5.9619	46.185	116.4	110.2	91.6
5.9619	46.190	116.1	110.0	91.7
5.9619	46.195	115.6	109.6	91.2
5.9620	46.200	115.6	109.6	91.2
5.9620	46.205	115.6	109.4	91.1
5.9621	46.210	115.7	109.7	90.8
5.9622	46.215	116.1	109.9	91.3
5.9622	46.220	116.0	110.0	91.5
5.9623	46.225	116.0	110.0	91.6
5.9623	46.230	116.2	110.1	91.7
5.9623	46.235	115.9	109.9	91.5
5.9624	46.240	115.6	109.5	91.4
5.9624	46.245	115.4	109.3	91.0
5.9625	46.250	115.4	109.3	90.6
5.9626	46.255	115.6	109.5	91.0
5.9626	46.260	115.6	109.5	90.9
5.9627	46.265	115.5	109.4	90.8
5.9627	46.270	115.2	109.2	90.6
5.9627	46.275	115.4	109.3	90.9
5.9628	46.280	115.7	109.6	90.9
5.9628	46.285	115.7	109.8	91.3
5.9629	46.290	116.2	110.1	91.5
5.9630	46.295	115.8	109.8	91.5
5.9630	46.300	115.7	109.8	91.2
5.9630	46.305	115.4	109.4	91.1
5.9631	46.310	115.2	109.2	90.8
5.9631	46.315	115.0	109.1	90.9
5.9632	46.320	114.8	108.9	90.6
5.9633	46.325	114.7	108.9	90.7
5.9633	46.330	114.6	108.7	90.2
5.9634	46.335	115.0	109.0	90.5
5.9634	46.340	114.7	108.9	90.6
5.9634	46.345	114.3	108.2	90.1
5.9635	46.350	114.0	107.9	89.6
5.9635	46.355	113.6	107.5	89.1
5.9636	46.360	112.9	107.1	88.7
5.9637	46.365	112.6	106.9	88.4
5.9637	46.370	112.5	106.6	88.5
5.9638	46.375	112.5	106.6	88.2
5.9638	46.380	112.4	106.5	88.0
5.9638	46.385	112.5	106.6	88.0
5.9639	46.390	112.6	106.6	88.2
5.9639	46.395	112.6	106.5	88.0
5.9640	46.400	112.5	106.4	87.8
5.9641	46.405	112.2	106.2	87.5
5.9641	46.410	112.5	106.4	87.6
5.9642	46.415	112.8	106.6	87.9
5.9642	46.420	113.4	107.5	88.5
5.9642	46.425	113.7	107.7	89.3
5.9643	46.430	113.2	107.2	89.2
5.9643	46.435	113.4	107.2	88.8
5.9644	46.440	113.6	107.6	89.0
5.9645	46.445	114.2	107.9	89.6
5.9645	46.450	113.5	107.3	89.4
5.9646	46.455	113.2	107.1	88.9
5.9646	46.460	113.3	107.2	88.8
5.9646	46.465	113.5	107.5	88.9
5.9647	46.470	113.7	107.8	89.4
5.9648	46.475	113.6	107.5	89.3
5.9648	46.480	113.6	107.6	89.4
5.9649	46.485	113.9	107.9	89.9
5.9649	46.490	114.2	108.3	89.9
5.9649	46.495	115.0	109.1	90.7
5.9650	46.500	115.4	109.4	91.2
5.9650	46.505	115.6	109.6	91.8
5.9651	46.510	114.8	109.0	91.5
5.9652	46.515	114.5	108.8	91.3
5.9652	46.520	114.9	109.1	91.4
5.9653	46.525	114.6	108.8	91.0
5.9653	46.530	115.3	109.5	91.4
5.9653	46.535	115.9	109.9	91.8
5.9654	46.540	116.5	110.5	92.1
5.9654	46.545	116.6	110.5	92.4
5.9655	46.550	116.4	110.2	91.9
5.9656	46.555	116.1	109.9	91.5
5.9656	46.560	115.8	109.6	91.3
5.9657	46.565	115.5	109.3	91.0
5.9657	46.570	115.5	109.1	90.8
5.9657	46.575	115.1	108.7	90.5
5.9658	46.580	114.6	108.4	90.0
5.9658	46.585	114.3	108.2	89.9
5.9659	46.590	113.9	107.8	89.7
5.9660	46.595	113.9	107.8	89.6
5.9660	46.600	113.9	107.8	89.6
5.9661	46.605	114.1	108.1	89.8
5.9661	46.610	114.4	108.2	89.7
5.9661	46.615	114.3	107.9	89.7
5.9662	46.620	114.3	108.1	89.2
5.9662	46.625	114.2	107.9	89.3
5.9663	46.630	114.3	108.1	89.5
5.9664	46.635	115.1	109.0	90.2
5.9664	46.640	115.2	108.9	90.7
5.9665	46.645	115.1	108.8	90.5
5.9665	46.650	115.0	108.7	90.2
5.9665	46.655	115.0	108.8	90.4
5.9666	46.660	114.9	108.8	90.5
5.9666	46.665	114.9	108.7	90.4
5.9667	46.670	114.6	108.4	90.2
5.9668	46.675	113.9	107.6	89.4
5.9668	46.680	113.9	107.6	89.1
5.9668	46.685	114.1	107.8	89.7
5.9669	46.690	113.8	107.6	89.3
5.9669	46.695	114.0	107.6	89.3
5.9670	46.700	113.7	107.5	89.1
5.9671	46.705	113.9	107.6	89.1
5.9671	46.710	114.1	107.9	89.0
5.9672	46.715	114.9	108.6	89.7
5.9672	46.720	115.5	109.2	90.4
5.9672	46.725	115.9	109.6	91.0
5.9673	46.730	115.6	109.3	90.9
5.9673	46.735	115.3	108.9	90.4
5.9674	46.740	115.0	108.6	90.0
5.9675	46.745	114.7	108.5	90.0
5.9675	46.750	114.6	108.3	89.8
5.9676	46.755	115.3	109.0	90.2
5.9676	46.760	115.5	109.2	90.7
5.9676	46.765	115.1	108.9	90.5
5.9677	46.770	115.3	109.2	90.5
5.9677	46.775	115.2	108.8	90.2
5.9678	46.780	115.2	109.0	90.2
5.9679	46.785	115.1	109.1	90.7
5.9679	46.790	114.8	108.7	90.5
5.9680	46.795	114.4	108.3	89.8
5.9680	46.800	114.2	107.9	89.5
5.9680	46.805	114.4	108.3	89.6
5.9681	46.810	114.7	108.7	90.0
5.9681	46.815	115.1	108.9	90.4
5.9682	46.820	115.0	108.8	90.4
5.9683	46.825	114.6	108.2	90.1
5.9683	46.830	114.5	108.4	89.8
5.9684	46.835	114.9	108.9	90.2
5.9684	46.840	115.4	109.5	91.1
5.9684	46.845	115.0	109.1	90.8
5.9685	46.850	114.9	109.0	90.6
5.9685	46.855	115.1	109.2	90.4
5.9686	46.860	115.3	109.1	90.5
5.9687	46.865	114.9	108.6	89.9
5.9687	46.870	114.9	108.9	90.0
5.9687	46.875	115.1	108.8	90.2
5.9688	46.880	115.5	109.2	90.5
5.9688	46.885	115.7	109.6	91.1
5.9689	46.890	115.6	109.3	90.9
5.9690	46.895	115.1	108.9	90.2
5.9690	46.900	114.9	108.6	90.1
5.9691	46.905	114.8	108.5	90.0
5.9691	46.910	114.7	108.4	89.9
5.9691	46.915	114.6	108.2	89.7
5.9692	46.920	114.8	108.5	89.8
5.9692	46.925	114.8	108.5	90.0
5.9693	46.930	114.5	108.2	89.7
5.9694	46.935	114.0	107.8	89.4
5.9694	46.940	113.6	107.4	88.8
5.9695	46.945	113.5	107.2	88.6
5.9695	46.950	113.7	107.6	88.7
5.9695	46.955	114.2	108.1	89.5
5.9696	46.960	114.2	108.0	89.4
5.9696	46.965	114.5	108.4	89.6
5.9697	46.970	114.7	108.4	89.8
5.9698	46.975	114.8	108.5	89.9
5.9698	46.980	114.7	108.3	89.8
5.9699	46.985	114.8	108.7	89.9
5.9699	46.990	115.0	108.7	90.3
5.9699	46.995	115.0	108.8	90.2
5.9700	47.000	114.7	108.6	90.3
5.9700	47.005	114.7	108.4	90.1
5.9701	47.010	113.9	107.6	89.5
5.9702	47.015	114.2	107.8	89.2
5.9702	47.020	115.0	108.8	89.8
5.9703	47.025	114.8	108.7	90.2
5.9703	47.030	114.8	108.6	90.0
5.9703	47.035	114.7	108.6	90.2
5.9704	47.040	114.9	108.8	90.3
5.9704	47.045	115.2	109.1	90.4
5.9705	47.050	115.3	109.2	90.6
5.9706	47.055	115.4	109.4	90.8
5.9706	47.060	115.3	109.2	90.8
5.9707	47.065	115.1	109.1	90.6
5.9707	47.070	114.9	108.7	90.5
5.9707	47.075	114.5	108.5	90.1
5.9708	47.080	114.7	108.7	90.3
5.9709	47.085	114.4	108.2	89.9
5.9709	47.090	114.0	108.0	89.8
5.9710	47.095	114.0	108.0	89.6
5.9710	47.100	114.0	107.9	89.6
5.9710	47.105	114.0	107.9	89.6
5.9711	47.110	114.2	108.1	89.9
5.9711	47.115	113.8	107.8	89.6
5.9712	47.120	113.3	107.1	88.9
5.9713	47.125	112.9	106.8	88.7
5.9713	47.130	113.0	107.1	88.9
5.9714	47.135	113.2	107.2	89.1
5.9714	47.140	113.1	107.1	89.0
5.9714	47.145	113.0	107.1	89.0
5.9715	47.150	112.8	106.9	89.0
5.9715	47.155	113.1	107.3	89.3
5.9716	47.160	113.6	107.7	89.8
5.9717	47.165	113.6	107.7	89.9
5.9717	47.170	113.6	107.5	89.4
5.9718	47.175	114.2	108.2	89.8
5.9718	47.180	114.4	108.3	90.4
5.9718	47.185	113.7	107.7	89.9
5.9719	47.190	113.4	107.3	89.5
5.9719	47.195	113.5	107.4	89.3
5.9720	47.200	113.4	107.2	89.5
5.9721	47.205	113.0	107.2	89.2
5.9721	47.210	113.4	107.4	89.6
5.9722	47.215	113.2	107.3	89.6
5.9722	47.220	113.3	107.4	89.6
5.9722	47.225	113.6	107.8	89.8
5.9723	47.230	114.0	108.3	90.3
5.9723	47.235	113.7	107.9	90.1
5.9724	47.240	113.6	107.7	89.6
5.9725	47.245	113.5	107.7	90.0
5.9725	47.250	113.4	107.6	89.9
5.9726	47.255	113.2	107.3	89.7
5.9726	47.260	113.2	107.3	89.4
5.9726	47.265	112.9	107.0	89.4
5.9727	47.270	112.7	106.9	88.9
5.9727	47.275	112.7	106.8	88.9
5.9728	47.280	112.2	106.3	88.4
5.9729	47.285	112.4	106.4	88.6
5.9729	47.290	112.3	106.3	88.5
5.9729	47.295	112.6	106.8	88.5
5.9730	47.300	112.7	106.8	88.8
5.9730	47.305	112.4	106.6	88.6
5.9731	47.310	112.5	106.8	89.0
5.9732	47.315	112.4	106.6	89.1
5.9732	47.320	112.2	106.5	88.8
5.9733	47.325	112.9	107.0	88.9
5.9733	47.330	113.6	107.6	89.7
5.9733	47.335	113.5	107.6	89.6
5.9734	47.340	113.8	107.8	89.8
5.9734	47.345	114.1	108.0	90.0
5.9735	47.350	114.1	108.1	90.0
5.9736	47.355	114.3	108.3	90.2
5.9736	47.360	114.4	108.4	90.2
5.9737	47.365	114.0	108.0	89.8
5.9737	47.370	114.0	108.0	89.8
5.9737	47.375	114.2	108.3	90.1
5.9738	47.380	114.1	108.0	89.8
5.9738	47.385	113.8	107.8	89.7
5.9739	47.390	114.1	108.2	90.0
5.9740	47.395	114.3	108.4	90.5
5.9740	47.400	113.6	107.8	90.1
5.9741	47.405	113.5	107.5	89.7
5.9741	47.410	113.3	107.5	89.7
5.9741	47.415	112.9	107.4	89.6
5.9742	47.420	112.6	106.9	89.4
5.9742	47.425	112.6	107.1	89.4
5.9743	47.430	113.1	107.1	89.4
5.9744	47.435	113.3	107.3	89.5
5.9744	47.440	113.2	107.2	89.4
5.9745	47.445	113.1	107.3	89.5
5.9745	47.450	112.8	106.9	89.1
5.9745	47.455	113.0	107.0	89.1
5.9746	47.460	113.0	107.1	89.2
5.9747	47.465	113.3	107.5	89.4
5.9747	47.470	113.1	107.1	89.5
5.9748	47.475	112.9	107.0	89.3
5.9748	47.480	112.4	106.4	88.7
5.9748	47.485	111.9	106.0	88.5
5.9749	47.490	112.0	106.1	88.4
5.9749	47.495	112.0	106.4	88.6
5.9750	47.500	111.9	106.0	88.4
5.9751	47.505	112.1	106.3	88.4
5.9751	47.510	112.2	106.2	88.7
5.9752	47.515	111.6	105.7	88.2
5.9752	47.520	111.2	105.4	87.9
5.9752	47.525	110.9	105.1	87.8
5.9753	47.530	110.6	104.8	87.5
5.9753	47.535	110.5	104.8	87.1
5.9754	47.540	110.7	104.8	87.4
5.9755	47.545	110.2	104.5	87.2
5.9755	47.550	109.8	104.0	86.8
5.9756	47.555	109.4	103.8	86.4
5.9756	47.560	109.8	104.3	86.6
5.9756	47.565	110.1	104.3	86.8
5.9757	47.570	110.1	104.3	86.7
5.9757	47.575	110.1	104.3	86.7
5.9758	47.580	109.7	103.7	86.2
5.9759	47.585	109.8	103.8	86.2
5.9759	47.590	110.0	104.2	86.6
5.9760	47.595	109.9	104.2	86.7
5.9760	47.600	109.5	103.7	86.6
5.9760	47.605	109.0	103.1	86.1
5.9761	47.610	108.6	102.8	85.7
5.9761	47.615	108.3	102.4	85.3
5.9762	47.620	107.5	101.5	84.5
5.9763	47.625	107.2	101.3	84.1
5.9763	47.630	107.3	101.5	84.3
5.9764	47.635	107.5	101.9	84.6
5.9764	47.640	108.1	102.3	85.1
5.9764	47.645	107.8	102.0	85.1
5.9765	47.650	107.7	101.9	85.2
5.9765	47.655	107.7	102.0	85.3
5.9766	47.660	107.4	101.7	85.0
5.9767	47.665	106.9	101.3	84.7
5.9767	47.670	106.9	101.3	84.7
5.9768	47.675	107.3	101.8	84.9
5.9768	47.680	107.6	102.1	85.3
5.9768	47.685	107.7	102.1	85.4
5.9769	47.690	107.6	101.9	85.1
5.9770	47.695	107.0	101.4	84.7
5.9770	47.700	106.3	101.0	84.5
5.9771	47.705	105.5	100.4	83.8
5.9771	47.710	105.2	100.1	83.5
5.9771	47.715	105.6	100.4	83.8
5.9772	47.720	105.5	100.4	84.0
5.9772	47.725	105.3	99.8	83.5
5.9773	47.730	105.2	99.7	83.2
5.9774	47.735	105.3	99.9	83.2
5.9774	47.740	105.4	99.9	83.4
5.9775	47.745	105.1	99.7	83.2
5.9775	47.750	105.1	99.7	83.1
5.9775	47.755	104.8	99.3	82.9
5.9776	47.760	105.1	99.4	82.6
5.9776	47.765	105.1	99.4	82.5
5.9777	47.770	104.9	99.6	82.7
5.9778	47.775	104.8	99.6	82.6
5.9778	47.780	104.8	99.6	83.0
5.9779	47.785	104.6	99.3	82.8
5.9779	47.790	104.7	99.3	82.8
5.9779	47.795	104.6	99.2	82.7
5.9780	47.800	104.2	99.1	82.9
5.9780	47.805	104.1	99.0	83.1
5.9781	47.810	104.1	99.1	83.1
5.9782	47.815	104.6	99.5	83.3
5.9782	47.820	105.7	100.5	84.1
5.9783	47.825	105.7	100.3	84.2
5.9783	47.830	105.6	100.2	83.7
5.9783	47.835	105.6	100.2	83.9
5.9784	47.840	105.1	99.6	83.3
5.9784	47.845	105.1	99.7	83.1
5.9785	47.850	105.3	100.0	83.5
5.9786	47.855	105.5	100.0	83.6
5.9786	47.860	105.2	99.8	83.5
5.9787	47.865	105.7	100.4	83.9
5.9787	47.870	105.8	100.5	84.3
5.9787	47.875	105.7	100.5	84.3
5.9788	47.880	105.7	100.4	84.1
5.9788	47.885	105.1	99.6	83.8
5.9789	47.890	104.8	99.6	83.2
5.9790	47.895	105.2	100.1	83.7
5.9790	47.900	105.7	100.5	83.6
5.9790	47.905	106.5	101.3	84.6
5.9791	47.910	106.4	100.9	84.7
5.9791	47.915	106.5	101.2	84.5
5.9792	47.920	107.0	101.6	85.3
5.9793	47.925	106.9	101.4	85.1
5.9793	47.930	106.9	101.4	85.0
5.9794	47.935	107.2	101.9	85.3
5.9794	47.940	106.9	101.4	85.2
5.9794	47.945	106.7	101.3	84.7
5.9795	47.950	106.5	101.0	84.3
5.9795	47.955	106.7	101.2	84.6
5.9796	47.960	106.5	101.2	84.5
5.9797	47.965	106.8	101.3	84.4
5.9797	47.970	106.4	100.8	84.4
5.9798	47.975	106.1	100.4	83.9
5.9798	47.980	106.4	100.8	84.1
5.9798	47.985	106.7	101.2	84.4
5.9799	47.990	107.1	101.5	84.6
5.9799	47.995	107.3	101.9	85.5
5.9800	48.000	107.4	102.0	85.8
5.9801	48.005	107.5	102.1	85.6
5.9801	48.010	108.2	102.8	86.4
5.9802	48.015	108.3	102.8	86.4
5.9802	48.020	109.0	103.5	87.0
5.9802	48.025	109.3	103.8	87.1
5.9803	48.030	109.2	103.6	86.9
5.9803	48.035	108.9	103.3	86.6
5.9804	48.040	108.9	103.4	86.7
5.9805	48.045	109.0	103.7	87.0
5.9805	48.050	109.0	103.5	86.8
5.9806	48.055	108.9	103.4	86.9
5.9806	48.060	108.5	103.1	86.7
5.9806	48.065	108.5	103.2	86.7
5.9807	48.070	108.6	103.3	86.7
5.9808	48.075	109.0	103.6	86.7
5.9808	48.080	109.3	103.9	87.3
5.9809	48.085	109.6	104.1	87.5
5.9809	48.090	109.5	104.0	87.2
5.9809	48.095	109.2	103.7	87.0
5.9810	48.100	109.2	103.7	86.8
5.9810	48.105	109.4	104.0	87.2
5.9811	48.110	109.5	104.0	87.1
5.9812	48.115	109.3	103.8	86.9
5.9812	48.120	109.4	103.8	87.0
5.9813	48.125	109.6	104.2	87.2
5.9813	48.130	109.9	104.3	87.3
5.9813	48.135	109.9	104.5	87.4
5.9814	48.140	110.4	104.8	87.7
5.9814	48.145	110.3	104.6	87.5
5.9815	48.150	110.4	104.7	87.6
5.9816	48.155	110.4	104.8	87.5
5.9816	48.160	110.4	104.7	87.3
5.9817	48.165	110.5	104.6	87.5
5.9817	48.170	111.1	105.4	87.8
5.9817	48.175	111.5	105.7	88.2
5.9818	48.180	112.1	106.2	88.5
5.9818	48.185	112.4	106.4	88.8
5.9819	48.190	112.1	106.2	88.8
5.9820	48.195	111.9	106.1	88.4
5.9820	48.200	112.2	106.5	88.6
5.9821	48.205	112.3	106.5	88.6
5.9821	48.210	112.3	106.5	88.9
5.9821	48.215	112.1	106.4	88.8
5.9822	48.220	111.9	106.2	88.8
5.9822	48.225	111.7	106.0	88.6
5.9823	48.230	111.4	105.7	88.6
5.9824	48.235	111.1	105.5	88.5
5.9824	48.240	111.7	106.0	88.5
5.9825	48.245	112.4	106.7	89.6
5.9825	48.250	112.3	106.7	89.6
5.9825	48.255	111.9	106.2	89.2
5.9826	48.260	111.7	105.9	88.6
5.9826	48.265	112.0	106.4	88.7
5.9827	48.270	112.3	106.4	89.1
5.9828	48.275	112.0	106.1	89.0
5.9828	48.280	111.4	105.6	88.4
5.9829	48.285	111.8	106.2	88.5
5.9829	48.290	112.0	106.0	88.8
5.9829	48.295	111.6	105.7	88.6
5.9830	48.300	111.7	105.9	88.6
5.9831	48.305	112.0	106.2	88.9
5.9831	48.310	112.1	106.3	89.1
5.9832	48.315	112.0	106.3	88.9
5.9832	48.320	111.8	106.0	88.9
5.9832	48.325	111.7	105.9	88.7
5.9833	48.330	111.6	105.9	88.5
5.9833	48.335	111.8	106.1	88.6
5.9834	48.340	112.0	106.3	88.8
5.9835	48.345	112.0	106.3	89.0
5.9835	48.350	112.5	106.8	89.2
5.9836	48.355	112.8	106.9	89.6
5.9836	48.360	112.7	106.9	89.5
5.9836	48.365	113.0	107.0	89.6
5.9837	48.370	112.6	106.6	89.4
5.9837	48.375	112.1	106.2	88.8
5.9838	48.380	112.2	106.3	88.9
5.9839	48.385	112.0	106.1	88.8
5.9839	48.390	112.0	106.1	88.7
5.9840	48.395	112.3	106.5	89.2
5.9840	48.400	112.3	106.5	89.3
5.9840	48.405	112.3	106.4	89.1
5.9841	48.410	112.3	106.5	89.2
5.9841	48.415	111.8	105.8	88.5
5.9842	48.420	111.6	105.7	88.2
5.9843	48.425	111.7	105.8	88.4
5.9843	48.430	111.7	105.8	88.4
5.9844	48.435	111.7	105.8	88.4
5.9844	48.440	111.6	105.7	88.3
5.9844	48.445	111.5	105.6	88.4
5.9845	48.450	111.5	105.8	88.3
5.9845	48.455	111.3	105.6	88.4
5.9846	48.460	111.6	106.1	88.7
5.9847	48.465	111.8	106.2	89.1
5.9847	48.470	111.6	105.8	88.5
5.9848	48.475	111.5	105.8	88.5
5.9848	48.480	111.4	105.9	88.7
5.9848	48.485	111.1	105.6	88.4
5.9849	48.490	111.4	105.9	88.3
5.9849	48.495	111.9	106.4	88.8
5.9850	48.500	112.5	107.0	89.4
5.9851	48.505	113.1	107.4	89.9
5.9851	48.510	113.1	107.3	90.0
5.9851	48.515	113.1	107.4	89.7
5.9852	48.520	113.2	107.6	90.0
5.9852	48.525	113.9	108.4	90.5
5.9853	48.530	113.6	108.0	90.5
5.9854	48.535	113.6	107.9	90.5
5.9854	48.540	113.5	107.9	90.4
5.9855	48.545	113.6	108.1	90.4
5.9855	48.550	113.6	107.8	90.2
5.9855	48.555	113.4	107.5	89.9
5.9856	48.560	113.7	107.9	90.2
5.9856	48.565	113.2	107.5	90.0
5.9857	48.570	112.9	107.1	89.5
5.9858	48.575	112.7	107.2	89.3
5.9858	48.580	112.9	107.1	89.2
5.9859	48.585	113.4	107.7	89.7
5.9859	48.590	114.0	108.4	90.0
5.9859	48.595	114.1	108.5	90.7
5.9860	48.600	114.1	108.5	90.6
5.9860	48.605	113.7	108.1	90.8
5.9861	48.610	113.3	107.7	90.3
5.9862	48.615	112.9	107.4	89.7
5.9862	48.620	113.3	107.6	89.6
5.9863	48.625	113.5	107.7	90.0
5.9863	48.630	113.1	107.3	89.5
5.9863	48.635	112.7	106.9	89.2
5.9864	48.640	112.5	106.7	89.0
5.9864	48.645	113.0	107.2	89.1
5.9865	48.650	113.5	107.7	89.5
5.9866	48.655	113.9	108.1	90.3
5.9866	48.660	113.8	108.0	90.0
5.9867	48.665	114.1	108.2	90.0
5.9867	48.670	114.3	108.6	90.4
5.9867	48.675	114.5	108.7	90.9
5.9868	48.680	114.3	108.5	90.6
5.9869	48.685	114.3	108.4	90.3
5.9869	48.690	114.4	108.6	90.3
5.9870	48.695	114.5	108.4	90.4
5.9870	48.700	114.5	108.5	90.2
5.9870	48.705	114.6	108.7	90.5
5.9871	48.710	114.7	108.8	90.7
5.9871	48.715	114.6	108.9	90.8
5.9872	48.720	114.6	108.8	90.8
5.9873	48.725	114.4	108.7	90.7
5.9873	48.730	114.4	108.7	90.3
5.9874	48.735	114.5	109.0	90.6
5.9874	48.740	114.5	108.8	90.9
5.9874	48.745	114.4	108.6	90.8
5.9875	48.750	114.4	108.5	90.7
5.9875	48.755	114.4	108.6	90.5
5.9876	48.760	114.6	108.7	90.5
5.9877	48.765	115.1	109.2	90.7
5.9877	48.770	114.9	109.0	90.7
5.9878	48.775	114.7	108.9	90.8
5.9878	48.780	114.8	108.9	90.8
5.9878	48.785	114.0	108.2	90.2
5.9879	48.790	114.0	108.1	90.1
5.9879	48.795	114.2	108.4	90.5
5.9880	48.800	113.6	107.9	90.3
5.9881	48.805	113.1	107.3	89.6
5.9881	48.810	113.7	107.9	89.9
5.9882	48.815	113.8	107.9	90.0
5.9882	48.820	114.1	108.2	90.2
5.9882	48.825	114.5	108.7	90.5
5.9883	48.830	114.8	108.8	90.7
5.9883	48.835	114.7	108.6	90.7
5.9884	48.840	114.8	108.9	90.7
5.9885	48.845	114.5	108.5	90.6
5.9885	48.850	114.2	108.1	90.1
5.9886	48.855	114.4	108.5	90.3
5.9886	48.860	114.8	108.9	90.8
5.9886	48.865	115.0	109.1	91.2
5.9887	48.870	114.9	109.0	91.0
5.9887	48.875	114.4	108.4	90.8
5.9888	48.880	114.1	108.2	90.4
5.9889	48.885	114.3	108.4	90.4
5.9889	48.890	114.5	108.7	90.7
5.9889	48.895	114.4	108.6	90.9
5.9890	48.900	113.9	108.1	90.5
5.9890	48.905	113.7	107.8	90.2
5.9891	48.910	113.6	107.7	89.8
5.9892	48.915	113.8	107.9	89.9
5.9892	48.920	113.9	108.1	90.1
5.9893	48.925	114.0	108.3	90.5
5.9893	48.930	113.7	107.8	90.3
5.9893	48.935	113.6	107.9	89.9
5.9894	48.940	113.4	107.5	90.1
5.9894	48.945	113.3	107.5	89.9
5.9895	48.950	113.0	107.1	89.6
5.9896	48.955	112.8	107.3	89.6
5.9896	48.960	112.8	107.2	89.6
5.9897	48.965	112.8	107.1	89.4
5.9897	48.970	113.1	107.4	89.6
5.9897	48.975	112.8	107.3	89.5
5.9898	48.980	112.8	107.2	89.4
5.9898	48.985	113.2	107.6	89.7
5.9899	48.990	113.2	107.4	89.6
5.9900	48.995	112.9	107.1	88.9
5.9900	49.000	113.5	107.7	89.2
5.9901	49.005	114.0	108.2	89.8
5.9901	49.010	114.3	108.5	90.0
5.9901	49.015	114.7	108.9	90.4
5.9902	49.020	114.5	108.7	90.4
5.9902	49.025	114.0	108.1	90.0
5.9903	49.030	114.0	108.1	89.9
5.9904	49.035	114.1	108.2	90.0
5.9904	49.040	114.5	108.8	90.3
5.9905	49.045	114.9	109.2	90.9
5.9905	49.050	114.7	108.8	91.0
5.9905	49.055	114.1	108.2	90.2
5.9906	49.060	114.1	108.6	90.2
5.9906	49.065	114.6	109.0	90.7
5.9907	49.070	114.3	108.6	90.5
5.9908	49.075	114.1	108.4	90.5
5.9908	49.080	113.4	107.7	90.1
5.9909	49.085	113.1	107.4	89.9
5.9909	49.090	113.5	108.1	90.1
5.9909	49.095	113.6	108.0	90.4
5.9910	49.100	114.1	108.5	90.8
5.9910	49.105	114.1	108.3	91.0
5.9911	49.110	113.5	107.9	90.6
5.9912	49.115	113.1	107.6	90.3
5.9912	49.120	113.4	108.0	90.6
5.9912	49.125	113.3	107.9	90.7
5.9913	49.130	113.0	107.3	90.2
5.9913	49.135	113.4	107.9	90.1
5.9914	49.140	113.9	108.0	90.1
5.9915	49.145	113.8	107.9	90.2
5.9915	49.150	113.1	107.2	89.5
5.9916	49.155	112.6	106.7	88.9
5.9916	49.160	112.8	106.9	88.6
5.9916	49.165	113.0	107.1	89.0
5.9917	49.170	113.5	107.5	89.2
5.9917	49.175	113.0	107.0	89.0
5.9918	49.180	112.4	106.6	88.7
5.9919	49.185	112.2	106.4	88.4
5.9919	49.190	111.4	105.6	88.1
5.9920	49.195	110.8	105.1	87.7
5.9920	49.200	110.4	104.9	87.6
5.9920	49.205	109.7	104.3	87.6
5.9921	49.210	109.0	103.6	87.0
5.9921	49.215	108.4	103.0	86.5
5.9922	49.220	108.9	103.5	86.8
5.9923	49.225	109.7	104.4	87.4
5.9923	49.230	110.7	105.1	87.7
5.9924	49.235	111.8	106.0	88.2
5.9924	49.240	112.7	106.8	89.1
5.9924	49.245	113.3	107.5	89.8
5.9925	49.250	113.5	107.5	89.8
5.9925	49.255	113.6	107.9	90.1
5.9926	49.260	113.2	107.4	89.8
5.9927	49.265	113.0	107.2	89.5
5.9927	49.270	112.8	107.0	89.4
5.9928	49.275	112.5	106.7	88.9
5.9928	49.280	112.7	106.8	89.1
5.9928	49.285	112.6	106.8	89.0
5.9929	49.290	112.8	107.1	89.4
5.9930	49.295	112.5	106.8	89.4
5.9930	49.300	112.0	106.3	88.9
5.9931	49.305	111.9	106.3	88.8
5.9931	49.310	111.7	106.2	88.8
5.9931	49.315	111.3	106.0	88.6
5.9932	49.320	110.8	105.6	88.4
5.9932	49.325	110.4	105.2	88.4
5.9933	49.330	110.3	105.3	88.2
5.9934	49.335	111.2	106.0	88.7
5.9934	49.340	111.9	106.5	88.9
5.9935	49.345	112.5	107.0	89.2
5.9935	49.350	112.8	107.2	89.5
5.9935	49.355	112.7	107.3	89.9
5.9936	49.360	111.8	106.3	89.3
5.9936	49.365	111.7	106.2	88.9
5.9937	49.370	111.8	106.2	88.8
5.9938	49.375	111.9	106.4	88.9
5.9938	49.380	112.0	106.4	89.3
5.9939	49.385	111.1	105.6	88.9
5.9939	49.390	110.5	105.2	88.5
5.9939	49.395	110.6	105.3	88.3
5.9940	49.400	111.6	106.2	88.7
5.9940	49.405	112.4	106.9	89.4
5.9941	49.410	112.4	106.7	89.3
5.9942	49.415	112.8	107.2	89.2
5.9942	49.420	113.2	107.3	89.6
5.9943	49.425	113.5	107.7	89.8
5.9943	49.430	113.8	108.0	90.2
5.9943	49.435	113.5	107.9	90.1
5.9944	49.440	113.2	107.4	90.0
5.9944	49.445	112.8	107.2	89.8
5.9945	49.450	112.8	107.3	89.8
5.9946	49.455	113.5	107.6	90.2
5.9946	49.460	114.5	108.7	90.8
5.9947	49.465	114.5	108.7	91.2
5.9947	49.470	114.4	108.6	90.9
5.9947	49.475	114.2	108.4	90.9
5.9948	49.480	114.3	108.4	90.9
5.9948	49.485	113.9	108.1	90.5
5.9949	49.490	113.8	107.9	90.5
5.9950	49.495	113.3	107.5	90.1
5.9950	49.500	113.3	107.6	89.8
5.9950	49.505	113.7	107.9	90.4
5.9951	49.510	113.5	107.9	90.4
5.9951	49.515	113.4	107.8	90.5
5.9952	49.520	113.0	107.6	90.6
5.9953	49.525	113.0	107.8	90.8
5.9953	49.530	113.2	107.8	90.8
5.9954	49.535	113.4	107.9	90.8
5.9954	49.540	113.6	108.1	90.9
5.9954	49.545	113.5	107.8	90.7
5.9955	49.550	113.1	107.4	90.1
5.9955	49.555	113.6	107.8	90.5
5.9956	49.560	113.7	108.0	90.5
5.9957	49.565	113.8	107.8	90.7
5.9957	49.570	113.4	107.4	90.0
5.9958	49.575	113.2	107.0	89.6
5.9958	49.580	113.6	107.5	89.3
5.9958	49.585	114.3	108.4	89.9
5.9959	49.590	114.7	108.5	90.3
5.9959	49.595	115.0	108.6	90.3
5.9960	49.600	114.9	108.4	90.2
5.9961	49.605	114.8	108.6	90.0
5.9961	49.610	115.7	109.6	90.6
5.9962	49.615	116.1	110.0	91.2
5.9962	49.620	116.2	109.9	91.3
5.9962	49.625	115.8	109.6	90.9
5.9963	49.630	115.9	109.6	90.7
5.9963	49.635	116.6	110.5	91.6
5.9964	49.640	116.5	110.2	91.7
5.9965	49.645	116.4	110.2	91.5
5.9965	49.650	116.2	109.7	90.9
5.9966	49.655	116.4	110.1	91.3
5.9966	49.660	116.1	109.8	91.5
5.9966	49.665	115.8	109.8	91.3
5.9967	49.670	116.1	110.1	91.5
5.9967	49.675	116.1	110.4	92.1
5.9968	49.680	115.5	109.8	91.7
5.9969	49.685	115.2	109.5	91.5
5.9969	49.690	115.2	109.4	91.6
5.9970	49.695	115.0	109.3	91.6
5.9970	49.700	115.3	109.5	91.6
5.9970	49.705	115.6	109.8	91.8
5.9971	49.710	115.6	109.5	91.7
5.9972	49.715	114.9	108.9	91.1
5.9972	49.720	115.0	109.1	91.0
5.9973	49.725	115.3	109.6	91.7
5.9973	49.730	114.6	108.6	91.1
5.9973	49.735	114.1	108.2	90.6
5.9974	49.740	115.5	109.7	91.3
5.9974	49.745	116.1	110.3	92.1
5.9975	49.750	116.7	110.8	92.4
5.9976	49.755	116.9	110.9	92.6
5.9976	49.760	116.7	110.8	92.5
5.9977	49.765	116.4	110.3	92.1
5.9977	49.770	116.0	110.1	91.5
5.9977	49.775	116.2	110.3	91.7
5.9978	49.780	116.6	110.8	92.3
5.9978	49.785	116.4	110.6	92.3
5.9979	49.790	116.0	110.0	91.6
5.9980	49.795	116.3	110.4	91.9
5.9980	49.800	116.1	110.0	91.9
5.9981	49.805	116.3	110.4	91.8
5.9981	49.810	116.7	110.8	92.5
5.9981	49.815	116.6	110.5	92.5
5.9982	49.820	116.0	109.8	92.1
5.9982	49.825	115.8	109.7	91.5
5.9983	49.830	116.1	110.0	91.6
5.9984	49.835	115.8	109.4	91.2
5.9984	49.840	115.3	109.0	90.5
5.9985	49.845	115.3	109.0	90.3
5.9985	49.850	115.7	109.4	90.7
5.9985	49.855	116.1	110.2	91.4
5.9986	49.860	116.8	110.6	92.0
5.9986	49.865	117.0	110.8	92.2
5.9987	49.870	116.7	110.4	91.8
5.9988	49.875	116.6	110.1	91.6
5.9988	49.880	116.9	110.5	91.7
5.9989	49.885	116.4	109.9	91.2
5.9989	49.890	116.4	109.9	91.2
5.9989	49.895	116.1	109.8	90.9
5.9990	49.900	116.0	109.7	90.9
5.9991	49.905	116.1	109.9	91.1
5.9991	49.910	116.7	110.6	91.7
5.9992	49.915	117.5	111.3	92.6
5.9992	49.920	118.0	111.8	93.2
5.9992	49.925	117.8	111.5	93.3
5.9993	49.930	117.6	111.3	92.9
5.9993	49.935	117.1	111.1	92.5
5.9994	49.940	117.2	111.1	92.4
5.9995	49.945	117.2	111.1	92.6
5.9995	49.950	116.9	110.9	92.7
5.9996	49.955	117.6	111.9	93.0
5.9996	49.960	117.7	111.8	93.4
5.9996	49.965	117.9	112.0	93.6
5.9997	49.970	117.9	112.0	93.8
5.9997	49.975	117.4	111.4	93.1
5.9998	49.980	117.4	111.4	93.0
5.9999	49.985	117.4	111.5	93.0
5.9999	49.990	117.2	111.2	93.1
6.0000	49.995	117.0	111.2	93.2
6.0000	50.000	116.6	110.8	93.0
6.0000	50.005	115.9	110.0	92.2
6.0001	50.010	115.4	109.5	91.6
6.0001	50.015	115.4	109.7	91.6
6.0002	50.020	115.5	109.8	91.9
6.0003	50.025	115.1	109.2	91.5
6.0003	50.030	115.2	109.5	91.4
6.0004	50.035	115.8	110.0	91.7
6.0004	50.040	116.0	110.3	92.0
6.0004	50.045	115.8	110.0	91.6
6.0005	50.050	115.8	110.0	91.4
6.0006	50.055	115.5	109.9	91.6
6.0006	50.060	115.2	109.4	91.5
6.0007	50.065	115.2	109.7	91.8
6.0007	50.070	114.7	109.3	91.8
6.0008	50.075	113.6	108.2	91.0
6.0008	50.080	113.3	108.0	90.7
6.0008	50.085	112.7	107.5	90.4
6.0009	50.090	113.4	108.1	90.5
6.0009	50.095	114.2	108.9	91.1
6.0010	50.100	115.3	109.8	92.0
6.0011	50.105	116.2	110.6	92.3
6.0011	50.110	116.7	111.2	93.0
6.0011	50.115	117.1	111.6	93.7
6.0012	50.120	117.3	111.8	93.7
6.0012	50.125	117.8	112.1	94.2
6.0013	50.130	118.6	112.9	94.5
6.0014	50.135	118.6	112.7	94.7
6.0014	50.140	118.4	112.3	94.1
6.0015	50.145	118.4	112.3	94.2
6.0015	50.150	118.1	112.2	94.2
6.0015	50.155	118.2	112.3	94.1
6.0016	50.160	118.3	112.3	94.3
6.0016	50.165	118.4	112.5	94.1
6.0017	50.170	118.9	113.1	94.5
6.0017	50.175	118.7	112.5	94.5
6.0018	50.180	118.3	112.2	93.9
6.0019	50.185	117.7	111.7	93.6
6.0019	50.190	117.7	111.8	93.4
6.0019	50.195	117.9	111.8	93.8
6.0020	50.200	117.4	111.4	93.5
6.0020	50.205	117.6	111.6	93.2
6.0021	50.210	118.0	112.0	93.7
6.0022	50.215	117.8	111.7	93.7
6.0022	50.220	117.2	111.1	93.1
6.0023	50.225	117.2	111.2	93.0
6.0023	50.230	117.6	111.6	93.6
6.0023	50.235	117.8	111.8	93.9
6.0024	50.240	117.9	111.9	93.6
6.0024	50.245	117.7	111.4	93.2
6.0025	50.250	117.3	111.3	92.7
6.0026	50.255	117.3	111.2	92.6
6.0026	50.260	117.6	111.6	92.8
6.0027	50.265	117.9	112.1	93.6
6.0027	50.270	118.4	112.4	94.1
6.0027	50.275	118.5	112.6	94.6
6.0028	50.280	118.5	112.6	94.4
6.0029	50.285	118.4	112.5	94.4
6.0029	50.290	118.4	112.5	94.3
6.0030	50.295	118.1	112.1	94.0
6.0030	50.300	117.6	111.5	93.2
6.0030	50.305	117.0	110.8	92.7
6.0031	50.310	116.8	110.7	92.3
6.0031	50.315	117.1	111.1	92.4
6.0032	50.320	117.4	111.3	92.7
6.0032	50.325	117.7	111.6	93.1
6.0033	50.330	117.9	111.9	93.4
6.0034	50.335	118.0	111.9	93.3
6.0034	50.340	117.7	111.6	93.0
6.0034	50.345	117.4	111.2	92.8
6.0035	50.350	116.9	110.9	92.4
6.0035	50.355	117.3	111.4	92.7
6.0036	50.360	116.9	111.0	92.7
6.0037	50.365	117.0	111.2	92.9
6.0037	50.370	116.5	110.8	92.9
6.0038	50.375	116.5	110.8	92.7
6.0038	50.380	116.6	110.9	92.8
6.0038	50.385	117.3	111.6	93.2
6.0039	50.390	118.2	112.5	93.8
6.0039	50.395	118.6	112.6	94.3
6.0040	50.400	118.8	112.8	94.3
6.0041	50.405	118.6	112.5	94.2
6.0041	50.410	118.0	112.0	93.4
6.0042	50.415	118.1	112.1	93.3
6.0042	50.420	118.0	112.0	93.5
6.0042	50.425	118.1	112.0	93.6
6.0043	50.430	117.8	112.0	93.6
6.0044	50.435	117.7	111.8	93.6
6.0044	50.440	117.7	111.8	93.6
6.0045	50.445	117.3	111.6	93.6
6.0045	50.450	117.2	111.5	93.1
6.0046	50.455	117.4	111.6	93.1
6.0046	50.460	117.5	111.6	93.4
6.0046	50.465	117.8	112.0	93.4
6.0047	50.470	117.6	111.7	93.3
6.0047	50.475	117.5	111.5	93.1
6.0048	50.480	117.5	111.6	93.0
6.0049	50.485	117.0	111.2	93.0
6.0049	50.490	116.5	110.9	92.4
6.0050	50.495	116.7	110.9	92.5
6.0050	50.500	117.0	111.3	92.8
6.0050	50.505	117.2	111.5	93.1
6.0051	50.510	117.3	111.4	92.9
6.0052	50.515	117.3	111.4	93.0
6.0052	50.520	117.2	111.4	92.9
6.0053	50.525	117.1	111.4	92.6
6.0053	50.530	117.1	111.2	92.5
6.0053	50.535	117.1	111.4	92.6
6.0054	50.540	117.1	111.3	92.7
6.0054	50.545	117.0	111.1	92.6
6.0055	50.550	117.1	111.2	92.4
6.0055	50.555	117.5	111.6	92.8
6.0056	50.560	117.1	111.4	92.8
6.0057	50.565	116.8	111.1	92.5
6.0057	50.570	116.9	111.0	92.5
6.0057	50.575	116.5	110.5	92.0
6.0058	50.580	115.8	109.8	91.5
6.0058	50.585	115.2	109.4	90.8
6.0059	50.590	115.4	109.8	90.8
6.0060	50.595	116.4	110.6	91.5
6.0060	50.600	116.8	110.9	92.0
6.0061	50.605	117.1	111.3	92.3
6.0061	50.610	117.2	111.4	92.4
6.0061	50.615	117.3	111.2	92.6
6.0062	50.620	117.0	111.0	92.3
6.0062	50.625	116.5	110.6	92.0
6.0063	50.630	116.1	110.3	91.5
6.0064	50.635	116.4	110.5	91.4
6.0064	50.640	116.4	110.4	91.7
6.0065	50.645	116.4	110.4	91.6
6.0065	50.650	116.3	110.3	91.5
6.0065	50.655	116.5	110.7	91.8
6.0066	50.660	117.1	111.3	92.5
6.0067	50.665	116.8	111.0	92.6
6.0067	50.670	116.8	111.0	92.1
6.0068	50.675	116.9	111.1	92.6
6.0068	50.680	116.6	110.7	92.2
6.0069	50.685	116.8	111.1	92.2
6.0069	50.690	117.1	111.2	92.4
6.0069	50.695	117.0	111.1	92.1
6.0070	50.700	116.8	110.7	91.8
6.0070	50.705	116.8	110.7	91.5
6.0071	50.710	117.1	111.2	92.2
6.0072	50.715	117.2	111.4	92.5
6.0072	50.720	117.2	111.3	92.7
6.0072	50.725	117.3	111.3	92.8
6.0073	50.730	117.1	111.1	92.5
6.0073	50.735	116.8	110.8	92.3
6.0074	50.740	116.3	110.2	91.7
6.0075	50.745	116.4	110.6	91.9
6.0075	50.750	116.1	110.3	91.7
6.0076	50.755	116.3	110.4	91.7
6.0076	50.760	116.4	110.6	92.0
6.0076	50.765	116.1	110.2	91.8
6.0077	50.770	115.9	110.0	91.5
6.0077	50.775	116.1	110.2	91.6
6.0078	50.780	116.1	110.3	91.8
6.0078	50.785	116.0	110.4	91.9
6.0079	50.790	115.8	110.0	91.5
6.0080	50.795	116.1	110.2	91.6
6.0080	50.800	116.5	110.6	91.9
6.0080	50.805	117.0	111.1	92.4
6.0081	50.810	117.4	111.5	92.8
6.0081	50.815	117.5	111.5	93.1
6.0082	50.820	116.9	111.0	92.8
6.0083	50.825	116.7	110.7	92.3
6.0083	50.830	116.9	111.1	92.7
6.0084	50.835	116.6	110.7	92.4
6.0084	50.840	116.3	110.4	92.1
6.0084	50.845	116.0	110.0	91.5
6.0085	50.850	116.0	109.9	91.6
6.0085	50.855	115.7	109.8	91.3
6.0086	50.860	115.8	110.0	91.4
6.0087	50.865	116.1	110.0	91.8
6.0087	50.870	116.4	110.4	91.9
6.0088	50.875	117.0	111.1	92.7
6.0088	50.880	117.4	111.5	93.2
6.0088	50.885	117.5	111.8	93.6
6.0089	50.890	117.5	111.7	93.5
6.0090	50.895	117.2	111.3	93.1
6.0090	50.900	117.6	111.5	93.2
6.0091	50.905	117.9	112.1	93.7
6.0091	50.910	118.1	112.4	93.8
6.0091	50.915	118.3	112.5	94.1
6.0092	50.920	117.7	112.0	93.6
6.0092	50.925	118.0	112.3	93.6
6.0093	50.930	118.8	113.1	94.2
6.0093	50.935	118.8	113.0	94.7
6.0094	50.940	118.2	112.4	94.0
6.0095	50.945	117.8	111.9	93.4
6.0095	50.950	117.5	111.7	92.9
6.0095	50.955	117.7	111.8	92.9
6.0096	50.960	117.6	111.6	93.0
6.0096	50.965	117.3	111.4	92.6
6.0097	50.970	117.5	111.6	92.9
6.0098	50.975	117.4	111.5	92.7
6.0098	50.980	117.3	111.3	92.7
6.0099	50.985	117.4	111.4	92.6
6.0099	50.990	117.0	111.1	92.3
6.0099	50.995	116.3	110.3	91.8
6.0100	51.000	116.1	110.2	91.6
6.0100	51.005	116.2	110.4	91.7
6.0101	51.010	115.6	109.6	91.3
6.0102	51.015	114.8	109.0	90.6
6.0102	51.020	115.7	109.9	90.8
6.0103	51.025	116.1	110.2	91.5
6.0103	51.030	116.5	110.6	91.8
6.0103	51.035	116.6	110.4	91.9
6.0104	51.040	116.2	110.2	91.4
6.0105	51.045	116.1	110.3	91.5
6.0105	51.050	116.2	110.3	91.5
6.0106	51.055	116.1	110.3	91.8
6.0106	51.060	116.2	110.4	91.8
6.0107	51.065	116.1	110.2	92.0
6.0107	51.070	115.4	109.5	91.3
6.0107	51.075	115.4	109.3	91.0
6.0108	51.080	115.9	110.0	91.6
6.0108	51.085	116.2	110.3	91.7
6.0109	51.090	116.3	110.5	92.0
6.0110	51.095	116.5	110.6	92.0
6.0110	51.100	116.5	110.7	92.1
6.0111	51.105	115.9	110.1	91.9
6.0111	51.110	115.4	109.7	91.7
6.0111	51.115	114.3	108.5	90.8
6.0112	51.120	114.2	108.4	90.3
6.0113	51.125	114.5	109.0	90.5
6.0113	51.130	115.1	109.4	91.3
6.0114	51.135	115.0	109.4	91.3
6.0114	51.140	114.6	108.8	90.8
6.0114	51.145	114.6	108.9	90.6
6.0115	51.150	114.5	108.8	90.5
6.0115	51.155	114.9	109.1	90.6
6.0116	51.160	115.0	109.2	91.2
6.0116	51.165	114.0	108.2	90.4
6.0117	51.170	113.7	107.9	89.8
6.0118	51.175	113.9	108.0	89.8
6.0118	51.180	113.4	107.7	89.9
6.0118	51.185	113.2	107.6	89.7
6.0119	51.190	112.7	107.0	89.5
6.0119	51.195	112.1	106.7	89.2
6.0120	51.200	112.2	106.8	89.5
6.0121	51.205	112.0	106.5	89.1
6.0121	51.210	112.2	106.8	89.3
6.0122	51.215	112.4	107.0	89.5
6.0122	51.220	112.7	107.2	89.8
6.0122	51.225	112.1	106.6	89.7
6.0123	51.230	111.6	106.3	89.1
6.0123	51.235	112.0	106.7	89.6
6.0124	51.240	111.8	106.3	89.3
6.0125	51.245	112.0	106.6	89.1
6.0125	51.250	112.4	106.9	89.3
6.0126	51.255	113.3	107.8	90.0
6.0126	51.260	113.5	107.9	90.4
6.0126	51.265	113.5	107.9	90.5
6.0127	51.270	113.3	107.8	90.2
6.0128	51.275	113.5	108.0	90.6
6.0128	51.280	113.6	108.2	90.7
6.0129	51.285	113.3	107.7	90.6
6.0129	51.290	112.9	107.4	90.2
6.0130	51.295	112.9	107.5	90.0
6.0130	51.300	113.1	107.5	90.0
6.0130	51.305	113.1	107.6	90.0
6.0131	51.310	112.6	107.0	90.0
6.0131	51.315	112.5	106.9	89.6
6.0132	51.320	113.0	107.5	89.9
6.0133	51.325	113.5	108.1	90.3
6.0133	51.330	113.9	108.6	90.9
6.0133	51.335	113.6	108.1	90.9
6.0134	51.340	113.0	107.6	90.2
6.0134	51.345	112.8	107.2	89.9
6.0135	51.350	112.4	106.9	89.5
6.0136	51.355	112.1	106.6	89.4
6.0136	51.360	111.4	106.1	88.9
6.0137	51.365	111.3	105.9	88.8
6.0137	51.370	111.8	106.5	88.7
6.0137	51.375	112.8	107.5	89.8
6.0138	51.380	113.2	107.8	90.3
6.0138	51.385	114.0	108.4	90.6
6.0139	51.390	114.2	108.6	91.0
6.0140	51.395	114.1	108.7	90.8
6.0140	51.400	114.2	108.6	91.0
6.0141	51.405	114.2	108.6	91.0
6.0141	51.410	114.1	108.4	90.9
6.0141	51.415	113.6	107.9	90.4
6.0142	51.420	113.5	107.7	90.2
6.0142	51.425	113.0	107.4	90.1
6.0143	51.430	112.6	107.0	89.7
6.0144	51.435	112.6	106.9	89.7
6.0144	51.440	113.0	107.2	89.6
6.0145	51.445	113.5	107.8	90.2
6.0145	51.450	113.2	107.4	90.4
6.0145	51.455	112.9	107.1	89.9
6.0146	51.460	112.8	107.1	89.9
6.0146	51.465	113.0	107.2	89.8
6.0147	51.470	113.4	107.6	89.8
6.0148	51.475	113.8	108.0	90.2
6.0148	51.480	114.5	108.5	90.7
6.0149	51.485	114.6	108.7	91.1
6.0149	51.490	114.7	108.8	91.1
6.0149	51.495	114.9	109.1	91.4
6.0150	51.500	114.6	108.8	91.5
6.0151	51.505	113.8	108.0	91.1
6.0151	51.510	113.6	107.9	90.7
6.0152	51.515	113.1	107.5	90.4
6.0152	51.520	113.6	107.9	90.5
6.0152	51.525	114.0	108.1	90.4
6.0153	51.530	114.5	108.7	90.7
6.0153	51.535	114.9	108.7	91.1
6.0154	51.540	115.2	109.1	91.1
6.0154	51.545	115.6	109.6	91.7
6.0155	51.550	115.8	109.8	92.1
6.0156	51.555	115.8	110.0	92.2
6.0156	51.560	115.3	109.0	91.5
6.0156	51.565	114.6	108.6	90.8
6.0157	51.570	114.7	108.7	90.8
6.0157	51.575	114.6	108.7	91.2
6.0158	51.580	114.2	108.2	90.9
6.0159	51.585	114.0	107.9	90.2
6.0159	51.590	114.6	108.4	90.5
6.0160	51.595	115.6	109.7	91.9
6.0160	51.600	115.6	109.6	92.6
6.0160	51.605	114.6	108.5	91.6
6.0161	51.610	113.7	107.7	90.7
6.0161	51.615	112.9	106.8	89.5
6.0162	51.620	112.7	106.6	89.2
6.0163	51.625	112.7	106.5	89.1
6.0163	51.630	112.5	106.5	88.9
6.0164	51.635	112.9	106.9	89.4
6.0164	51.640	112.9	106.8	89.0
6.0164	51.645	113.1	106.9	89.3
6.0165	51.650	113.6	107.6	89.8
6.0166	51.655	114.1	108.0	90.5
6.0166	51.660	113.9	107.7	90.3
6.0167	51.665	114.1	108.0	89.9
6.0167	51.670	114.0	107.7	89.7
6.0168	51.675	114.3	108.0	89.9
6.0168	51.680	114.1	107.9	90.3
6.0168	51.685	113.8	107.4	90.0
6.0169	51.690	113.5	107.3	89.4
6.0169	51.695	113.6	107.1	89.3
6.0170	51.700	113.6	107.1	89.1
6.0171	51.705	113.8	107.4	89.2
6.0171	51.710	114.1	107.6	89.5
6.0171	51.715	114.1	107.8	89.9
6.0172	51.720	114.0	107.7	89.7
6.0172	51.725	113.8	107.5	89.4
6.0173	51.730	113.7	107.4	89.2
6.0174	51.735	113.3	106.9	89.0
6.0174	51.740	112.8	106.5	88.5
6.0175	51.745	112.5	106.1	88.2
6.0175	51.750	111.7	105.5	87.7
6.0175	51.755	111.6	105.6	87.6
6.0176	51.760	111.4	105.2	87.5
6.0176	51.765	111.4	105.2	87.5
6.0177	51.770	112.0	105.7	87.4
6.0177	51.775	111.8	105.4	87.7
6.0178	51.780	111.5	105.2	87.3
6.0179	51.785	111.4	105.0	87.0
6.0179	51.790	111.8	105.4	87.1
6.0179	51.795	112.1	105.8	87.8
6.0180	51.800	111.6	105.1	87.3
6.0180	51.805	111.3	105.0	87.0
6.0181	51.810	111.1	104.9	86.9
6.0182	51.815	110.9	104.7	86.7
6.0182	51.820	110.6	104.6	86.3
6.0183	51.825	111.0	104.7	86.5
6.0183	51.830	111.2	105.0	86.7
6.0183	51.835	110.9	104.9	86.6
6.0184	51.840	111.2	104.9	86.7
6.0184	51.845	111.3	105.0	86.8
6.0185	51.850	111.1	104.7	86.5
6.0186	51.855	111.3	105.0	86.4
6.0186	51.860	111.5	105.2	86.7
6.0187	51.865	111.7	105.3	87.1
6.0187	51.870	111.2	104.7	86.6
6.0187	51.875	110.7	104.2	86.3
6.0188	51.880	110.6	104.0	86.1
6.0189	51.885	110.6	104.2	86.0
6.0189	51.890	111.0	104.6	86.5
6.0190	51.895	111.5	105.1	86.9
6.0190	51.900	111.4	105.0	87.1
6.0191	51.905	111.2	104.8	86.7
6.0191	51.910	111.1	104.5	86.6
6.0191	51.915	111.0	104.6	86.5
6.0192	51.920	111.5	105.0	86.9
6.0192	51.925	111.1	104.8	86.9
6.0193	51.930	110.5	104.1	86.4
6.0194	51.935	110.6	104.2	86.0
6.0194	51.940	111.0	104.5	86.5
6.0194	51.945	110.5	104.0	86.3
6.0195	51.950	109.6	103.2	85.4
6.0195	51.955	109.2	102.6	85.0
6.0196	51.960	108.8	102.3	84.7
6.0197	51.965	108.7	102.4	84.6
6.0197	51.970	108.8	102.6	84.7
6.0198	51.975	109.0	102.7	84.8
6.0198	51.980	108.8	102.5	84.9
6.0198	51.985	108.6	102.4	84.8
6.0199	51.990	108.0	101.6	84.3
6.0199	51.995	107.9	101.6	83.9
6.0200	52.000	108.8	102.3	84.5
6.0201	52.005	109.8	103.4	85.2
6.0201	52.010	110.8	104.4	86.3
6.0202	52.015	111.3	105.0	86.9
6.0202	52.020	110.8	104.5	87.1
6.0202	52.025	110.4	104.2	86.6
6.0203	52.030	110.7	104.4	86.7
6.0203	52.035	110.5	104.2	86.6
6.0204	52.040	110.6	104.2	86.3
6.0205	52.045	110.4	104.1	86.3
6.0205	52.050	110.7	104.3	86.4
6.0206	52.055	110.8	104.2	86.3
6.0206	52.060	111.0	104.5	86.6
6.0206	52.065	111.4	104.9	86.9
6.0207	52.070	110.8	104.5	86.7
6.0207	52.075	110.5	104.1	86.3
6.0208	52.080	110.4	103.9	86.3
6.0209	52.085	109.8	103.5	85.6
6.0209	52.090	110.0	103.7	85.7
6.0210	52.095	109.8	103.6	85.7
6.0210	52.100	109.6	103.1	85.5
6.0210	52.105	109.0	102.5	84.6
6.0211	52.110	109.0	102.7	84.7
6.0212	52.115	109.0	102.6	84.6
6.0212	52.120	109.5	103.1	84.8
6.0213	52.125	110.4	104.1	86.0
6.0213	52.130	110.4	104.0	86.1
6.0213	52.135	110.2	103.9	85.8
6.0214	52.140	110.4	103.7	85.7
6.0214	52.145	110.9	104.6	86.2
6.0215	52.150	110.9	104.4	86.6
6.0215	52.155	110.9	104.5	86.3
6.0216	52.160	110.6	104.4	86.2
6.0217	52.165	110.3	104.2	86.1
6.0217	52.170	110.4	104.1	86.1
6.0217	52.175	110.4	104.1	86.0
6.0218	52.180	110.4	104.1	86.0
6.0218	52.185	110.7	104.4	86.5
6.0219	52.190	110.5	104.1	86.2
6.0220	52.195	110.5	104.0	86.0
6.0220	52.200	110.1	103.6	85.8
6.0221	52.205	110.0	103.6	85.8
6.0221	52.210	110.1	103.7	85.9
6.0221	52.215	110.2	104.0	86.2
6.0222	52.220	109.9	103.7	86.2
6.0222	52.225	109.4	103.3	85.9
6.0223	52.230	108.8	102.7	85.4
6.0224	52.235	107.9	101.9	84.8
6.0224	52.240	107.9	101.8	84.5
6.0225	52.245	108.5	102.4	84.7
6.0225	52.250	108.4	102.3	84.8
6.0225	52.255	108.2	102.1	84.4
6.0226	52.260	108.8	102.6	84.7
6.0227	52.265	109.5	103.5	85.5
6.0227	52.270	109.8	103.9	86.2
6.0228	52.275	109.7	103.6	86.1
6.0228	52.280	109.4	103.3	85.7
6.0229	52.285	108.9	102.9	85.5
6.0229	52.290	109.4	103.5	86.1
6.0229	52.295	109.9	104.0	86.7
6.0230	52.300	110.3	104.2	86.9
6.0230	52.305	110.5	104.4	87.0
6.0231	52.310	110.4	104.1	86.8
6.0232	52.315	110.6	104.5	86.8
6.0232	52.320	110.2	103.9	86.6
6.0232	52.325	109.8	103.5	86.1
6.0233	52.330	109.3	103.1	85.6
6.0233	52.335	109.4	103.1	85.5
6.0234	52.340	109.3	103.1	85.3
6.0235	52.345	109.8	103.4	85.6
6.0235	52.350	109.8	103.4	85.5
6.0236	52.355	109.8	103.4	85.6
6.0236	52.360	109.5	103.1	85.6
6.0236	52.365	109.6	103.2	85.9
6.0237	52.370	109.5	103.2	85.8
6.0237	52.375	109.5	103.1	85.7
6.0238	52.380	109.4	103.1	85.5
6.0238	52.385	109.1	102.7	85.2
6.0239	52.390	109.2	102.8	84.9
6.0240	52.395	109.1	102.8	85.1
6.0240	52.400	108.5	102.1	84.6
6.0240	52.405	108.9	102.6	85.0
6.0241	52.410	109.1	102.9	85.2
6.0241	52.415	109.3	102.9	85.2
6.0242	52.420	109.4	102.9	85.1
6.0243	52.425	109.4	103.0	85.2
6.0243	52.430	109.4	102.9	85.0
6.0244	52.435	109.9	103.4	85.4
6.0244	52.440	110.0	103.5	85.8
6.0244	52.445	110.0	103.7	86.3
6.0245	52.450	109.5	103.1	85.7
6.0245	52.455	109.4	103.1	85.3
6.0246	52.460	109.6	103.4	85.6
6.0247	52.465	110.0	103.8	86.3
6.0247	52.470	109.6	103.4	85.9
6.0248	52.475	109.1	102.9	85.4
6.0248	52.480	108.7	102.6	85.6
6.0248	52.485	108.7	102.5	85.3
6.0249	52.490	109.6	103.6	85.8
6.0250	52.495	110.6	104.3	86.6
6.0250	52.500	110.8	104.3	86.7
6.0251	52.505	111.0	104.6	86.8
6.0251	52.510	110.7	104.1	86.7
6.0252	52.515	109.8	103.3	85.9
6.0252	52.520	109.7	103.3	85.6
6.0252	52.525	110.0	103.6	86.0
6.0253	52.530	109.7	103.4	85.9
6.0253	52.535	109.7	103.4	85.5
6.0254	52.540	109.8	103.5	85.7
6.0255	52.545	109.5	103.1	85.5
6.0255	52.550	109.5	103.2	85.4
6.0255	52.555	109.9	103.6	85.6
6.0256	52.560	110.2	103.9	86.2
6.0256	52.565	110.0	103.8	85.7
6.0257	52.570	110.2	103.9	86.0
6.0258	52.575	110.1	103.8	85.8
6.0258	52.580	110.1	103.7	86.1
6.0259	52.585	109.6	103.2	85.5
6.0259	52.590	109.6	103.2	85.5
6.0259	52.595	109.6	103.4	85.3
6.0260	52.600	109.8	103.5	85.7
6.0260	52.605	109.4	102.9	85.5
6.0261	52.610	109.3	102.9	85.1
6.0262	52.615	108.9	102.4	85.0
6.0262	52.620	108.8	102.4	84.6
6.0263	52.625	109.3	102.9	85.0
6.0263	52.630	109.1	102.6	85.1
6.0263	52.635	109.1	102.6	84.9
6.0264	52.640	109.4	103.2	85.2
6.0265	52.645	109.7	103.3	85.4
6.0265	52.650	110.0	103.6	85.8
6.0266	52.655	109.6	103.0	85.6
6.0266	52.660	109.3	102.8	85.2
6.0267	52.665	109.2	102.8	85.3
6.0267	52.670	109.2	102.9	85.3
6.0267	52.675	109.3	103.1	85.5
6.0268	52.680	109.1	102.9	85.7
6.0268	52.685	108.4	102.3	85.4
6.0269	52.690	107.4	101.5	84.7
6.0270	52.695	107.1	101.1	84.2
6.0270	52.700	107.4	101.3	84.4
6.0271	52.705	107.7	101.8	84.7
6.0271	52.710	107.6	101.5	84.8
6.0271	52.715	107.5	101.6	84.6
6.0272	52.720	107.8	101.7	84.5
6.0273	52.725	108.4	102.3	84.7
6.0273	52.730	108.3	102.0	84.8
6.0274	52.735	108.4	101.9	84.6
6.0274	52.740	108.0	101.7	84.4
6.0274	52.745	107.7	101.4	84.0
6.0275	52.750	107.3	100.8	83.4
6.0275	52.755	106.5	100.2	82.8
6.0276	52.760	106.5	100.1	82.8
6.0276	52.765	106.3	99.9	82.6
6.0277	52.770	106.0	99.6	82.4
6.0278	52.775	106.0	99.6	82.5
6.0278	52.780	106.2	100.0	82.7
6.0278	52.785	107.0	100.7	83.2
6.0279	52.790	107.6	101.2	83.9
6.0279	52.795	106.8	100.3	83.5
6.0280	52.800	106.6	100.1	82.8
6.0281	52.805	107.0	100.5	83.0
6.0281	52.810	107.0	100.5	83.3
6.0282	52.815	107.0	100.3	82.8
6.0282	52.820	106.9	100.2	82.6
6.0282	52.825	107.1	100.5	82.7
6.0283	52.830	107.3	100.7	83.0
6.0283	52.835	107.9	101.4	83.7
6.0284	52.840	108.7	102.1	84.2
6.0285	52.845	109.0	102.5	84.5
6.0285	52.850	109.5	102.9	84.8
6.0286	52.855	110.0	103.3	85.3
6.0286	52.860	110.1	103.7	85.5
6.0286	52.865	109.6	102.9	85.3
6.0287	52.870	109.2	102.7	84.8
6.0288	52.875	109.7	103.0	85.2
6.0288	52.880	109.9	103.3	85.5
6.0289	52.885	109.8	103.3	85.5
6.0289	52.890	110.2	103.7	85.7
6.0290	52.895	110.5	103.9	86.1
6.0290	52.900	110.2	103.6	86.0
6.0290	52.905	109.8	103.2	85.5
6.0291	52.910	110.0	103.6	85.9
6.0291	52.915	110.4	104.1	86.3
6.0292	52.920	110.0	103.7	86.5
6.0293	52.925	109.9	103.7	85.8
6.0293	52.930	110.5	104.1	86.4
6.0293	52.935	110.5	104.2	86.6
6.0294	52.940	110.0	103.6	86.2
6.0294	52.945	109.8	103.6	86.1
6.0295	52.950	109.5	103.5	85.9
6.0296	52.955	108.9	102.8	85.6
6.0296	52.960	108.4	102.5	85.5
6.0297	52.965	108.3	102.2	85.2
6.0297	52.970	108.5	102.5	85.1
6.0297	52.975	108.9	102.6	85.2
6.0298	52.980	109.4	103.1	85.2
6.0298	52.985	109.9	103.8	86.0
6.0299	52.990	110.1	104.1	86.6
6.0299	52.995	110.6	104.5	87.0
6.0300	53.000	110.2	103.9	86.7
6.0301	53.005	110.3	104.4	86.6
6.0301	53.010	110.9	105.0	87.2
6.0301	53.015	110.4	104.5	87.2
6.0302	53.020	110.3	104.3	86.9
6.0302	53.025	110.7	104.6	87.3
6.0303	53.030	110.7	104.6	87.1
6.0304	53.035	110.4	104.3	86.8
6.0304	53.040	110.0	103.7	86.0
6.0305	53.045	109.5	103.2	85.8
6.0305	53.050	109.0	102.9	85.3
6.0305	53.055	109.0	102.9	85.5
6.0306	53.060	109.2	103.1	85.7
6.0306	53.065	109.5	103.4	86.1
6.0307	53.070	110.0	103.9	86.4
6.0308	53.075	110.3	104.1	86.7
6.0308	53.080	110.1	104.1	86.7
6.0309	53.085	109.7	103.5	86.2
6.0309	53.090	109.1	102.9	85.7
6.0309	53.095	108.9	102.5	85.3
6.0310	53.100	108.7	102.5	85.3
6.0311	53.105	108.4	102.3	85.1
6.0311	53.110	107.5	101.3	84.1
6.0312	53.115	107.5	101.3	83.8
6.0312	53.120	108.0	101.9	84.1
6.0312	53.125	109.2	103.2	85.6
6.0313	53.130	109.7	104.0	86.6
6.0313	53.135	109.7	103.7	86.6
6.0314	53.140	109.8	103.8	86.5
6.0314	53.145	109.4	103.3	86.3
6.0315	53.150	108.8	102.8	85.6
6.0316	53.155	108.7	102.8	85.7
6.0316	53.160	109.0	103.1	86.0
6.0316	53.165	108.9	103.0	86.1
6.0317	53.170	108.9	102.9	85.8
6.0317	53.175	108.7	102.8	85.7
6.0318	53.180	108.4	102.4	85.3
6.0319	53.185	108.4	102.4	85.0
6.0319	53.190	108.6	102.8	85.2
6.0320	53.195	108.7	102.7	85.4
6.0320	53.200	108.6	102.8	85.3
6.0320	53.205	108.5	102.6	85.3
6.0321	53.210	108.2	102.1	84.9
6.0321	53.215	108.0	101.9	84.5
6.0322	53.220	107.9	102.0	84.5
6.0323	53.225	107.9	101.9	84.3
6.0323	53.230	108.2	102.2	84.5
6.0324	53.235	108.0	102.0	84.5
6.0324	53.240	107.5	101.7	84.3
6.0324	53.245	107.7	101.9	84.3
6.0325	53.250	107.6	101.8	84.6
6.0326	53.255	107.8	102.0	84.7
6.0326	53.260	107.6	101.8	84.8
6.0327	53.265	107.8	101.9	84.9
6.0327	53.270	107.3	101.4	84.8
6.0328	53.275	107.2	101.3	84.3
6.0328	53.280	106.9	101.4	84.6
6.0328	53.285	106.5	101.0	84.3
6.0329	53.290	106.5	101.0	84.4
6.0329	53.295	106.3	100.8	84.4
6.0330	53.300	106.1	100.6	83.9
6.0331	53.305	106.2	100.5	83.9
6.0331	53.310	106.5	100.9	84.0
6.0332	53.315	106.5	100.9	84.2
6.0332	53.320	106.1	100.4	83.5
6.0332	53.325	106.3	100.6	83.6
6.0333	53.330	105.8	100.1	83.3
6.0334	53.335	105.3	99.3	82.6
6.0334	53.340	104.6	98.8	82.1
6.0335	53.345	104.0	98.5	81.8
6.0335	53.350	103.4	97.8	81.3
6.0335	53.355	103.2	97.7	81.2
6.0336	53.360	104.1	98.8	81.9
6.0336	53.365	105.3	99.8	82.6
6.0337	53.370	105.9	100.4	83.3
6.0337	53.375	106.5	100.8	83.7
6.0338	53.380	106.8	101.0	84.1
6.0339	53.385	106.7	101.0	84.0
6.0339	53.390	106.5	100.6	83.6
6.0339	53.395	106.0	100.3	83.3
6.0340	53.400	106.2	100.6	83.5
6.0340	53.405	106.2	100.6	83.5
6.0341	53.410	106.3	100.6	83.6
6.0342	53.415	106.4	100.7	83.8
6.0342	53.420	106.7	101.2	83.8
6.0343	53.425	106.7	101.0	83.9
6.0343	53.430	106.5	100.7	83.7
6.0343	53.435	106.7	101.0	83.8
6.0344	53.440	106.8	101.0	83.8
6.0344	53.445	106.5	100.8	83.8
6.0345	53.450	106.0	100.3	83.4
6.0346	53.455	105.5	99.7	83.0
6.0346	53.460	105.3	99.5	82.7
6.0347	53.465	105.1	99.3	82.3
6.0347	53.470	104.5	98.9	82.4
6.0347	53.475	103.7	98.1	81.9
6.0348	53.480	103.8	98.5	82.2
6.0349	53.485	104.0	98.8	82.5
6.0349	53.490	104.2	98.9	82.6
6.0350	53.495	103.8	98.4	82.3
6.0350	53.500	103.6	98.3	81.7
6.0351	53.505	103.6	98.1	81.4
6.0351	53.510	103.4	98.0	81.1
6.0351	53.515	103.1	97.7	80.9
6.0352	53.520	103.3	98.0	81.3
6.0352	53.525	103.3	97.8	81.3
6.0353	53.530	103.3	97.8	81.2
6.0354	53.535	103.4	97.9	81.4
6.0354	53.540	103.2	97.7	81.0
6.0354	53.545	103.2	97.7	81.2
6.0355	53.550	102.5	97.2	80.8
6.0355	53.555	101.3	96.0	80.1
6.0356	53.560	100.3	95.0	79.6
6.0357	53.565	99.6	94.4	78.8
6.0357	53.570	99.8	94.6	79.1
6.0358	53.575	99.9	94.8	79.1
6.0358	53.580	100.3	94.9	79.2
6.0358	53.585	100.5	95.1	79.1
6.0359	53.590	100.9	95.6	79.4
6.0359	53.595	100.8	95.4	79.2
6.0360	53.600	100.8	95.5	79.2
6.0360	53.605	101.0	95.7	79.7
6.0361	53.610	101.7	96.3	80.0
6.0362	53.615	102.2	96.9	80.5
6.0362	53.620	102.1	96.9	80.7
6.0362	53.625	102.0	96.8	80.8
6.0363	53.630	102.1	96.8	80.7
6.0363	53.635	101.5	96.3	80.3
6.0364	53.640	101.4	96.2	80.1
6.0365	53.645	101.8	96.4	80.1
6.0365	53.650	101.8	96.6	80.4
6.0366	53.655	101.4	96.2	80.1
6.0366	53.660	101.6	96.3	79.9
6.0366	53.665	101.9	96.9	80.3
6.0367	53.670	102.3	97.1	80.5
6.0367	53.675	102.2	97.0	80.6
6.0368	53.680	102.1	96.6	80.4
6.0369	53.685	101.8	96.6	79.9
6.0369	53.690	101.9	96.7	80.2
6.0370	53.695	102.0	96.7	80.4
6.0370	53.700	101.8	96.6	80.1
6.0370	53.705	101.8	96.5	80.2
6.0371	53.710	101.7	96.5	80.2
6.0372	53.715	101.7	96.5	80.1
6.0372	53.720	101.8	96.5	80.3
6.0373	53.725	102.1	97.0	80.8
6.0373	53.730	102.3	97.0	81.2
6.0373	53.735	102.3	96.9	80.9
6.0374	53.740	102.0	96.6	80.8
6.0374	53.745	101.2	96.0	80.4
6.0375	53.750	99.8	94.4	79.7
6.0375	53.755	97.8	92.7	78.0
6.0376	53.760	96.6	91.8	76.9
6.0377	53.765	96.9	92.1	77.1
6.0377	53.770	97.1	92.2	77.0
6.0377	53.775	97.2	92.3	76.9
6.0378	53.780	97.3	92.4	77.2
6.0378	53.785	97.3	92.3	76.9
6.0379	53.790	97.6	92.6	77.3
6.0380	53.795	96.6	91.7	76.8
6.0380	53.800	94.5	89.5	75.2
6.0381	53.805	94.1	89.1	74.3
6.0381	53.810	94.3	89.5	74.7
6.0381	53.815	95.2	90.2	75.2
6.0382	53.820	95.9	91.0	75.3
6.0382	53.825	97.1	92.0	76.3
6.0383	53.830	97.5	92.6	76.9
6.0384	53.835	97.8	92.7	76.9
6.0384	53.840	98.3	93.1	77.5
6.0385	53.845	98.5	93.3	77.8
6.0385	53.850	98.4	93.0	77.6
6.0385	53.855	98.4	93.2	77.5
6.0386	53.860	98.6	93.5	78.0
6.0387	53.865	98.3	93.0	78.0
6.0387	53.870	97.7	92.5	77.5
6.0388	53.875	97.6	92.4	77.4
6.0388	53.880	97.8	92.8	77.6
6.0389	53.885	97.9	92.8	77.3
6.0389	53.890	98.0	93.0	77.5
6.0389	53.895	97.5	92.3	77.3
6.0390	53.900	97.4	92.3	77.0
6.0390	53.905	98.0	92.6	77.0
6.0391	53.910	98.2	93.1	77.1
6.0392	53.915	98.8	93.6	77.5
6.0392	53.920	99.2	94.0	77.8
6.0393	53.925	99.6	94.2	78.0
6.0393	53.930	99.9	94.4	78.3
6.0393	53.935	99.9	94.5	78.4
6.0394	53.940	100.0	94.5	78.3
6.0395	53.945	100.1	94.7	78.4
6.0395	53.950	99.7	94.3	78.2
6.0396	53.955	99.5	94.2	78.1
6.0396	53.960	99.7	94.3	77.9
6.0396	53.965	100.2	94.6	78.2
6.0397	53.970	100.8	95.3	78.8
6.0397	53.975	101.3	95.7	79.1
6.0398	53.980	101.0	95.4	78.9
6.0398	53.985	101.1	95.4	79.2
6.0399	53.990	101.1	95.4	79.4
6.0400	53.995	101.0	95.4	79.2
6.0400	54.000	101.3	95.5	79.1
6.0400	54.005	101.6	96.0	79.5
6.0401	54.010	101.6	96.0	79.5
6.0401	54.015	101.8	96.2	79.5
6.0402	54.020	101.4	95.8	79.1
6.0403	54.025	101.5	96.0	79.5
6.0403	54.030	101.6	96.1	79.5
6.0404	54.035	101.7	96.0	79.7
6.0404	54.040	100.9	95.2	79.1
6.0404	54.045	100.4	94.9	78.5
6.0405	54.050	100.9	95.3	79.0
6.0405	54.055	101.2	95.4	79.0
6.0406	54.060	101.5	95.8	79.2
6.0407	54.065	102.1	96.5	79.9
6.0407	54.070	101.8	96.3	79.9
6.0408	54.075	102.0	96.4	79.9
6.0408	54.080	101.9	96.5	79.9
6.0408	54.085	101.7	96.3	79.8
6.0409	54.090	101.8	96.4	79.9
6.0410	54.095	101.7	96.2	79.7
6.0410	54.100	102.0	96.4	80.0
6.0411	54.105	102.0	96.5	79.8
6.0411	54.110	102.0	96.1	79.6
6.0412	54.115	101.8	96.1	79.5
6.0412	54.120	101.9	96.3	79.5
6.0412	54.125	102.2	96.5	80.0
6.0413	54.130	102.2	96.6	80.2
6.0413	54.135	101.8	96.2	80.0
6.0414	54.140	101.1	95.5	79.4
6.0415	54.145	100.8	95.2	79.4
6.0415	54.150	100.5	95.2	79.3
6.0415	54.155	100.2	94.9	79.3
6.0416	54.160	99.1	93.7	78.3
6.0416	54.165	98.7	93.3	77.3
6.0417	54.170	99.5	93.9	77.6
6.0418	54.175	99.1	93.5	77.5
6.0418	54.180	98.2	92.3	76.5
6.0419	54.185	97.7	92.0	75.9
6.0419	54.190	97.8	92.2	76.1
6.0419	54.195	98.6	93.3	77.1
6.0420	54.200	99.0	93.7	78.0
6.0420	54.205	99.0	93.6	77.5
6.0421	54.210	99.2	93.6	77.7
6.0422	54.215	98.3	92.7	76.8
6.0422	54.220	98.2	92.4	76.0
6.0423	54.225	98.7	93.1	76.7
6.0423	54.230	98.8	93.2	77.3
6.0423	54.235	99.0	93.3	77.1
6.0424	54.240	99.0	93.4	77.2
6.0424	54.245	98.9	93.2	77.2
6.0425	54.250	98.3	92.6	76.8
6.0426	54.255	99.1	93.5	77.3
6.0426	54.260	99.8	94.4	78.4
6.0427	54.265	99.5	93.8	78.1
6.0427	54.270	99.7	94.0	78.0
6.0427	54.275	99.4	93.9	77.6
6.0428	54.280	100.1	94.5	78.2
6.0428	54.285	100.1	94.4	78.3
6.0429	54.290	100.4	94.8	78.8
6.0430	54.295	100.4	94.8	78.8
6.0430	54.300	100.4	94.8	78.9
6.0431	54.305	100.0	94.6	79.0
6.0431	54.310	100.1	94.5	78.7
6.0431	54.315	100.3	94.6	78.8
6.0432	54.320	100.3	94.7	78.8
6.0433	54.325	100.3	94.6	78.7
6.0433	54.330	100.1	94.4	78.4
6.0434	54.335	100.3	94.7	78.6
6.0434	54.340	100.2	94.5	78.7
6.0434	54.345	99.5	94.0	78.4
6.0435	54.350	99.1	93.5	78.0
6.0435	54.355	98.8	93.3	77.9
6.0436	54.360	98.6	93.1	77.6
6.0436	54.365	99.0	93.3	77.5
6.0437	54.370	98.7	92.9	77.2
6.0438	54.375	98.5	92.8	76.9
6.0438	54.380	98.6	93.0	77.0
6.0438	54.385	98.7	93.2	77.2
6.0439	54.390	98.8	93.2	77.4
6.0439	54.395	99.1	93.4	77.4
6.0440	54.400	99.6	94.0	77.7
6.0441	54.405	99.6	93.9	78.2
6.0441	54.410	99.5	93.8	78.0
6.0442	54.415	99.2	93.7	77.8
6.0442	54.420	99.4	93.8	77.9
6.0442	54.425	99.5	93.9	77.9
6.0443	54.430	99.5	93.9	78.0
6.0443	54.435	99.5	93.9	77.8
6.0444	54.440	99.5	93.9	77.6
6.0445	54.445	99.7	94.0	77.8
6.0445	54.450	99.3	93.7	77.6
6.0446	54.455	99.4	93.6	77.4
6.0446	54.460	99.3	93.6	77.4
6.0446	54.465	99.6	93.9	77.5
6.0447	54.470	99.7	94.0	77.6
6.0448	54.475	99.5	93.9	77.8
6.0448	54.480	99.5	93.7	77.7
6.0449	54.485	99.6	94.0	77.8
6.0449	54.490	99.8	94.2	77.9
6.0450	54.495	99.5	93.7	77.8
6.0450	54.500	99.2	93.7	77.5
6.0450	54.505	99.2	93.6	77.7
6.0451	54.510	98.7	93.2	77.5
6.0451	54.515	98.8	93.4	77.5
6.0452	54.520	99.2	93.8	77.9
6.0453	54.525	99.6	94.3	78.4
6.0453	54.530	99.4	93.8	78.1
6.0454	54.535	99.3	93.7	77.8
6.0454	54.540	99.2	93.9	77.8
6.0454	54.545	99.5	94.1	78.2
6.0455	54.550	99.1	93.7	78.0
6.0456	54.555	98.8	93.4	77.6
6.0456	54.560	99.0	93.5	77.5
6.0457	54.565	98.8	93.3	77.5
6.0457	54.570	98.3	92.8	77.2
6.0457	54.575	98.4	92.9	77.2
6.0458	54.580	98.1	92.6	76.9
6.0458	54.585	98.4	93.0	76.8
6.0459	54.590	98.8	93.4	77.2
6.0459	54.595	98.8	93.5	77.3
6.0460	54.600	98.7	93.2	77.4
6.0461	54.605	98.5	93.1	77.2
6.0461	54.610	98.4	92.8	77.1
6.0461	54.615	97.6	92.1	76.6
6.0462	54.620	97.8	92.3	76.3
6.0462	54.625	98.2	92.7	76.6
6.0463	54.630	98.6	93.0	76.9
6.0464	54.635	98.9	93.3	77.3
6.0464	54.640	98.6	93.1	77.2
6.0465	54.645	98.8	93.3	76.8
6.0465	54.650	98.9	93.5	77.3
6.0465	54.655	98.8	93.5	77.2
6.0466	54.660	98.3	92.8	77.0
6.0466	54.665	97.9	92.4	76.5
6.0467	54.670	97.1	91.6	75.9
6.0468	54.675	97.2	91.7	75.7
6.0468	54.680	97.4	91.8	75.9
6.0469	54.685	97.5	92.0	75.8
6.0469	54.690	97.7	92.3	76.0
6.0469	54.695	98.0	92.5	76.3
6.0470	54.700	98.4	92.7	76.5
6.0471	54.705	98.5	92.9	76.9
6.0471	54.710	98.2	92.6	76.5
6.0472	54.715	98.4	92.6	76.2
6.0472	54.720	98.4	92.8	76.5
6.0473	54.725	99.1	93.5	76.9
6.0473	54.730	99.2	93.6	77.3
6.0473	54.735	98.9	93.4	77.2
6.0474	54.740	98.4	92.9	76.8
6.0474	54.745	97.9	92.2	76.3
6.0475	54.750	97.0	91.3	75.6
6.0476	54.755	96.0	90.4	74.7
6.0476	54.760	95.2	89.6	74.2
6.0476	54.765	94.1	88.6	73.3
6.0477	54.770	93.5	87.9	72.9
6.0477	54.775	92.9	87.7	72.6
6.0478	54.780	93.1	87.9	73.0
6.0479	54.785	93.6	88.4	73.6
6.0479	54.790	95.0	89.8	74.6
6.0480	54.795	95.6	90.6	75.2
6.0480	54.800	96.5	91.2	75.7
6.0480	54.805	96.8	91.4	76.0
6.0481	54.810	97.2	91.9	76.4
6.0481	54.815	97.8	92.2	76.3
6.0482	54.820	98.3	92.6	76.6
6.0483	54.825	98.6	92.7	76.5
6.0483	54.830	98.7	93.2	76.5
6.0484	54.835	98.9	93.2	76.9
6.0484	54.840	99.0	93.4	77.0
6.0484	54.845	99.2	93.3	77.1
6.0485	54.850	99.0	93.1	76.7
6.0485	54.855	99.1	93.1	76.6
6.0486	54.860	98.9	93.0	76.6
6.0487	54.865	99.0	92.9	76.5
6.0487	54.870	99.1	93.2	76.6
6.0488	54.875	99.4	93.4	77.0
6.0488	54.880	99.5	93.6	77.0
6.0488	54.885	99.9	93.8	77.4
6.0489	54.890	100.1	94.1	77.5
6.0489	54.895	100.2	94.1	77.4
6.0490	54.900	100.3	94.4	77.3
6.0491	54.905	100.9	94.9	77.8
6.0491	54.910	100.9	94.9	78.2
6.0492	54.915	100.6	94.6	77.9
6.0492	54.920	100.7	94.8	77.9
6.0492	54.925	100.7	94.7	77.8
6.0493	54.930	101.0	94.8	78.1
6.0494	54.935	101.5	95.4	78.3
6.0494	54.940	101.7	95.5	78.7
6.0495	54.945	101.7	95.6	78.5
6.0495	54.950	102.3	96.2	79.0
6.0495	54.955	102.7	96.6	79.5
6.0496	54.960	102.6	96.5	79.5
6.0496	54.965	102.5	96.4	79.4
6.0497	54.970	102.8	96.7	79.7
6.0497	54.975	102.5	96.3	79.5
6.0498	54.980	101.9	95.7	79.0
6.0499	54.985	101.3	95.2	78.2
6.0499	54.990	101.4	95.4	78.2
6.0499	54.995	101.3	95.4	78.7
6.0500	55.000	101.8	95.6	78.4
6.0500	55.005	102.1	96.1	78.8
6.0501	55.010	102.4	96.4	79.4
6.0502	55.015	102.3	96.2	79.0
6.0502	55.020	102.6	96.5	79.1
6.0503	55.025	103.4	97.2	79.9
6.0503	55.030	103.6	97.7	80.3
6.0503	55.035	103.7	98.0	80.8
6.0504	55.040	103.7	97.8	80.9
6.0504	55.045	103.4	97.4	80.2
6.0505	55.050	103.7	97.8	80.3
6.0506	55.055	104.5	98.5	80.7
6.0506	55.060	105.4	99.3	81.5
6.0507	55.065	106.3	100.4	82.4
6.0507	55.070	106.7	100.7	82.9
6.0507	55.075	106.7	100.8	83.1
6.0508	55.080	106.7	100.6	83.2
6.0509	55.085	106.3	100.4	83.0
6.0509	55.090	105.9	100.0	82.7
6.0510	55.095	105.9	99.9	82.4
6.0510	55.100	106.3	100.4	82.7
6.0511	55.105	106.6	101.2	83.4
6.0511	55.110	106.6	100.9	83.6
6.0511	55.115	106.9	101.3	83.6
6.0512	55.120	107.6	101.9	84.1
6.0512	55.125	108.1	102.5	84.7
6.0513	55.130	108.4	102.9	85.0
6.0514	55.135	108.7	103.1	85.4
6.0514	55.140	108.6	103.0	85.3
6.0514	55.145	108.6	102.9	85.3
6.0515	55.150	107.8	102.3	84.9
6.0515	55.155	107.8	102.0	84.3
6.0516	55.160	107.6	101.9	84.2
6.0517	55.165	107.5	101.8	84.2
6.0517	55.170	107.6	102.0	84.1
6.0518	55.175	108.0	102.2	84.3
6.0518	55.180	107.9	102.1	84.4
6.0518	55.185	108.0	102.1	84.3
6.0519	55.190	108.1	102.5	84.5
6.0519	55.195	108.2	102.4	84.6
6.0520	55.200	108.5	102.7	84.9
6.0520	55.205	108.8	103.0	85.1
6.0521	55.210	108.8	103.2	85.2
6.0522	55.215	108.8	103.0	85.2
6.0522	55.220	108.6	103.0	85.2
6.0522	55.225	108.7	102.8	85.0
6.0523	55.230	108.5	102.6	84.9
6.0523	55.235	108.3	102.4	84.3
6.0524	55.240	108.6	102.7	84.5
6.0525	55.245	108.2	102.2	84.4
6.0525	55.250	108.3	102.3	84.2
6.0526	55.255	108.5	102.5	84.4
6.0526	55.260	108.4	102.3	84.3
6.0526	55.265	108.8	102.9	84.6
6.0527	55.270	109.3	103.4	85.3
6.0527	55.275	109.4	103.5	85.5
6.0528	55.280	109.0	103.0	85.1
6.0529	55.285	109.1	103.2	85.1
6.0529	55.290	109.3	103.3	85.3
6.0530	55.295	109.3	103.4	85.4
6.0530	55.300	108.8	102.9	85.3
6.0530	55.305	108.6	102.7	84.9
6.0531	55.310	108.0	102.2	84.7
6.0532	55.315	107.1	101.4	84.2
6.0532	55.320	106.3	100.7	83.6
6.0533	55.325	106.1	100.6	83.3
6.0533	55.330	106.5	100.7	83.0
6.0534	55.335	107.1	101.4	83.5
6.0534	55.340	107.6	101.8	84.0
6.0534	55.345	108.0	102.2	84.5
6.0535	55.350	107.8	101.9	84.2
6.0535	55.355	107.9	101.9	83.9
6.0536	55.360	108.5	102.5	84.4
6.0537	55.365	108.6	102.7	84.6
6.0537	55.370	109.1	102.9	84.9
6.0537	55.375	109.7	103.7	85.6
6.0538	55.380	110.2	104.3	85.9
6.0538	55.385	110.3	104.2	85.9
6.0539	55.390	110.1	103.9	85.7
6.0540	55.395	110.1	104.0	85.9
6.0540	55.400	110.8	104.7	86.1
6.0541	55.405	111.1	105.0	86.5
6.0541	55.410	111.4	105.4	86.8
6.0541	55.415	111.1	104.9	86.5
6.0542	55.420	110.2	104.0	85.7
6.0542	55.425	109.9	103.7	85.4
6.0543	55.430	109.6	103.5	85.4
6.0544	55.435	109.4	103.4	85.5
6.0544	55.440	109.5	103.9	85.9
6.0545	55.445	109.6	103.7	85.9
6.0545	55.450	110.0	104.2	85.9
6.0545	55.455	111.3	105.3	86.8
6.0546	55.460	112.4	106.5	87.7
6.0547	55.465	112.7	106.7	88.2
6.0547	55.470	112.3	106.4	88.1
6.0548	55.475	112.1	106.1	87.9
6.0548	55.480	112.0	105.9	87.5
6.0549	55.485	111.9	105.8	87.7
6.0549	55.490	111.3	105.3	87.2
6.0549	55.495	110.7	104.7	86.7
6.0550	55.500	110.5	104.4	86.2
6.0550	55.505	110.4	104.3	86.3
6.0551	55.510	110.2	104.1	86.0
6.0552	55.515	110.2	104.1	85.8
6.0552	55.520	110.3	104.3	85.5
6.0553	55.525	110.9	104.6	85.8
6.0553	55.530	111.2	105.0	86.1
6.0553	55.535	111.7	105.5	86.6
6.0554	55.540	112.0	105.7	86.8
6.0555	55.545	112.3	106.0	86.7
6.0555	55.550	112.8	106.6	87.5
6.0556	55.555	112.7	106.3	87.5
6.0556	55.560	112.2	105.8	87.1
6.0556	55.565	112.0	105.4	86.4
6.0557	55.570	111.9	105.3	86.4
6.0557	55.575	111.9	105.4	86.6
6.0558	55.580	111.8	105.3	86.3
6.0558	55.585	111.7	105.1	86.2
6.0559	55.590	111.4	105.0	86.1
6.0560	55.595	111.6	105.3	86.4
6.0560	55.600	111.4	105.0	86.4
6.0560	55.605	111.6	105.3	86.4
6.0561	55.610	111.7	105.4	86.7
6.0561	55.615	111.6	105.3	86.6
6.0562	55.620	111.8	105.4	86.6
6.0563	55.625	111.7	105.4	86.7
6.0563	55.630	112.2	106.0	87.0
6.0564	55.635	112.1	105.9	87.4
6.0564	55.640	111.5	105.2	86.7
6.0564	55.645	111.3	105.0	86.2
6.0565	55.650	111.4	105.2	86.5
6.0565	55.655	110.9	104.7	86.3
6.0566	55.660	110.3	104.2	85.7
6.0567	55.665	110.0	103.9	85.5
6.0567	55.670	110.0	103.9	85.3
6.0568	55.675	109.9	103.9	85.6
6.0568	55.680	110.2	104.2	85.5
6.0568	55.685	110.4	104.3	85.8
6.0569	55.690	110.6	104.5	86.0
6.0570	55.695	110.5	104.4	86.4
6.0570	55.700	110.2	104.2	86.0
6.0571	55.705	110.4	104.3	86.3
6.0571	55.710	110.4	104.4	86.1
6.0572	55.715	110.2	104.2	85.6
6.0572	55.720	110.5	104.5	85.8
6.0572	55.725	110.7	104.5	85.9
6.0573	55.730	111.2	105.1	86.4
6.0573	55.735	111.2	105.0	87.2
6.0574	55.740	109.9	103.7	86.2
6.0575	55.745	109.2	103.1	85.5
6.0575	55.750	108.3	102.3	85.0
6.0575	55.755	108.2	102.3	84.7
6.0576	55.760	109.0	103.0	85.0
6.0576	55.765	109.8	103.7	85.4
6.0577	55.770	110.8	104.7	86.5
6.0578	55.775	109.8	103.9	86.2
6.0578	55.780	109.6	103.7	85.3
6.0579	55.785	109.8	103.7	85.5
6.0579	55.790	110.0	103.9	85.5
6.0579	55.795	110.1	104.1	85.6
6.0580	55.800	110.2	104.4	85.8
6.0580	55.805	110.4	104.4	86.5
6.0581	55.810	109.7	104.0	86.0
6.0581	55.815	109.5	103.7	85.8
6.0582	55.820	109.6	103.7	85.7
6.0583	55.825	109.2	103.2	85.5
6.0583	55.830	108.8	102.9	85.0
6.0583	55.835	108.2	102.6	84.7
6.0584	55.840	107.9	101.9	84.2
6.0584	55.845	108.1	102.0	83.8
6.0585	55.850	108.9	102.7	84.1
6.0586	55.855	110.1	104.0	85.0
6.0586	55.860	110.6	104.5	85.5
6.0587	55.865	111.2	105.0	86.1
6.0587	55.870	111.3	104.9	86.3
6.0587	55.875	111.3	104.9	86.5
6.0588	55.880	111.5	105.3	86.7
6.0588	55.885	111.9	105.7	86.9
6.0589	55.890	112.1	106.0	87.2
6.0590	55.895	111.7	105.8	87.2
6.0590	55.900	111.3	105.4	87.0
6.0591	55.905	111.4	105.5	86.8
6.0591	55.910	111.3	105.4	87.0
6.0591	55.915	110.7	104.6	86.3
6.0592	55.920	110.6	104.8	86.0
6.0593	55.925	110.9	104.9	86.3
6.0593	55.930	111.0	105.0	86.3
6.0594	55.935	111.3	105.3	86.4
6.0594	55.940	111.5	105.4	86.7
6.0595	55.945	111.2	105.1	86.7
6.0595	55.950	110.6	104.7	86.2
6.0595	55.955	110.4	104.3	86.1
6.0596	55.960	109.6	103.8	85.9
6.0596	55.965	109.2	103.4	85.4
6.0597	55.970	108.8	102.8	85.0
6.0598	55.975	108.6	102.8	85.0
6.0598	55.980	108.3	102.6	85.0
6.0598	55.985	107.5	101.8	84.5
6.0599	55.990	106.9	101.3	83.9
6.0599	55.995	106.8	101.3	84.0
6.0600	56.000	107.0	101.6	84.3
6.0601	56.005	107.1	101.5	84.2
6.0601	56.010	107.4	102.0	84.4
6.0602	56.015	108.0	102.5	85.1
6.0602	56.020	107.8	102.3	85.0
6.0602	56.025	108.2	102.9	85.0
6.0603	56.030	108.9	103.6	86.0
6.0603	56.035	109.1	103.6	86.2
6.0604	56.040	109.7	104.2	86.2
6.0605	56.045	110.3	104.7	86.6
6.0605	56.050	110.2	104.4	86.4
6.0606	56.055	110.2	104.4	86.1
6.0606	56.060	110.3	104.4	85.9
6.0606	56.065	110.6	104.5	86.2
6.0607	56.070	110.4	104.3	85.8
6.0608	56.075	110.3	104.1	85.7
6.0608	56.080	110.2	104.3	85.5
6.0609	56.085	110.0	103.9	85.7
6.0609	56.090	109.4	103.3	85.0
6.0610	56.095	109.4	103.5	85.0
6.0610	56.100	109.3	103.4	85.0
6.0610	56.105	110.0	104.1	85.5
6.0611	56.110	110.8	105.0	86.5
6.0611	56.115	110.8	104.9	86.7
6.0612	56.120	109.7	103.6	85.6
6.0613	56.125	109.0	103.2	84.7
6.0613	56.130	109.3	103.4	84.9
6.0614	56.135	108.8	102.9	84.8
6.0614	56.140	109.0	102.8	84.8
6.0614	56.145	108.6	102.6	84.5
6.0615	56.150	108.5	102.6	84.0
6.0616	56.155	109.8	103.9	85.0
6.0616	56.160	110.6	104.6	86.0
6.0617	56.165	110.0	103.9	85.8
6.0617	56.170	109.8	103.8	85.3
6.0617	56.175	109.1	102.7	84.7
6.0618	56.180	108.5	102.3	83.8
6.0618	56.185	108.3	102.2	83.9
6.0619	56.190	108.3	102.3	84.1
6.0619	56.195	108.4	102.4	84.2
6.0620	56.200	108.9	102.6	84.5
6.0621	56.205	108.9	102.8	84.7
6.0621	56.210	109.3	103.0	85.0
6.0621	56.215	109.3	103.0	84.9
6.0622	56.220	109.3	103.1	84.8
6.0622	56.225	109.4	103.4	85.1
6.0623	56.230	109.5	103.5	85.2
6.0624	56.235	109.6	103.6	85.5
6.0624	56.240	109.4	103.5	85.4
6.0625	56.245	109.0	103.1	85.7
6.0625	56.250	108.2	102.4	85.1
6.0625	56.255	107.5	101.6	84.6
6.0626	56.260	107.3	101.6	84.1
6.0626	56.265	107.7	101.9	84.4
6.0627	56.270	107.8	101.9	84.5
6.0628	56.275	108.1	102.5	85.0
6.0628	56.280	108.2	102.3	85.3
6.0629	56.285	107.9	102.0	85.0
6.0629	56.290	108.1	102.5	85.0
6.0629	56.295	108.4	102.8	85.1
6.0630	56.300	108.0	102.3	84.9
6.0631	56.305	108.0	102.4	84.7
6.0631	56.310	108.2	102.4	84.8
6.0632	56.315	107.4	101.7	84.3
6.0632	56.320	107.2	101.5	83.9
6.0633	56.325	107.3	101.6	84.1
6.0633	56.330	107.8	101.9	84.3
6.0633	56.335	109.0	103.3	85.1
6.0634	56.340	109.2	103.4	86.0
6.0634	56.345	108.9	103.0	85.7
6.0635	56.350	109.0	103.3	85.6
6.0636	56.355	109.4	103.7	86.2
6.0636	56.360	109.3	103.3	86.3
6.0636	56.365	108.4	102.5	85.2
6.0637	56.370	108.8	103.1	85.2
6.0637	56.375	109.0	103.2	85.8
6.0638	56.380	108.9	103.1	86.0
6.0639	56.385	108.5	102.7	85.5
6.0639	56.390	108.0	102.0	84.8
6.0640	56.395	107.5	101.4	84.2
6.0640	56.400	106.9	100.8	83.6
6.0640	56.405	107.4	101.5	83.7
6.0641	56.410	108.2	102.2	84.7
6.0641	56.415	108.0	102.1	84.8
6.0642	56.420	107.7	102.0	84.4
6.0642	56.425	107.7	101.9	84.3
6.0643	56.430	107.6	101.6	84.2
6.0644	56.435	108.5	102.7	84.9
6.0644	56.440	108.8	103.0	85.9
6.0644	56.445	107.7	101.8	85.0
6.0645	56.450	107.4	101.5	84.0
6.0645	56.455	107.7	101.7	84.2
6.0646	56.460	108.5	102.5	84.6
6.0647	56.465	109.1	103.1	85.5
6.0647	56.470	109.0	102.8	85.2
6.0648	56.475	109.3	103.3	85.3
6.0648	56.480	110.1	104.2	86.2
6.0648	56.485	110.3	104.1	86.6
6.0649	56.490	109.4	103.5	86.4
6.0649	56.495	109.3	103.4	85.7
6.0650	56.500	109.5	103.8	86.3
6.0651	56.505	108.7	103.2	85.9
6.0651	56.510	108.3	102.6	85.7
6.0652	56.515	108.2	102.6	85.9
6.0652	56.520	107.9	102.5	86.1
6.0652	56.525	107.7	102.4	85.9
6.0653	56.530	107.7	102.4	86.0
6.0654	56.535	107.8	102.3	86.1
6.0654	56.540	107.6	102.1	85.7
6.0655	56.545	107.5	102.0	85.2
6.0655	56.550	107.6	102.0	85.1
6.0655	56.555	107.2	101.5	84.9
6.0656	56.560	106.3	100.7	83.9
6.0656	56.565	106.5	101.1	84.0
6.0657	56.570	106.8	101.6	84.8
6.0657	56.575	106.5	101.3	85.0
6.0658	56.580	106.3	100.9	84.8
6.0659	56.585	106.3	101.0	84.8
6.0659	56.590	106.8	101.4	85.1
6.0659	56.595	106.8	101.5	84.9
6.0660	56.600	107.3	101.9	85.0
6.0660	56.605	107.4	101.9	85.3
6.0661	56.610	107.7	102.0	85.1
6.0662	56.615	108.1	102.4	85.2
6.0662	56.620	108.9	103.1	85.8
6.0663	56.625	108.9	103.0	86.0
6.0663	56.630	109.0	103.0	85.6
6.0663	56.635	109.0	103.0	85.6
6.0664	56.640	108.9	102.9	85.3
6.0664	56.645	109.2	103.2	85.9
6.0665	56.650	109.2	103.2	85.7
6.0666	56.655	108.9	103.1	85.7
6.0666	56.660	108.6	102.6	85.3
6.0667	56.665	108.2	102.2	84.8
6.0667	56.670	108.7	102.5	85.1
6.0667	56.675	109.2	103.2	85.6
6.0668	56.680	109.5	103.6	86.3
6.0669	56.685	109.0	103.0	85.9
6.0669	56.690	109.1	103.0	85.5
6.0670	56.695	109.6	103.5	86.1
6.0670	56.700	109.5	103.2	86.1
6.0671	56.705	109.3	103.3	85.8
6.0671	56.710	109.6	103.5	86.0
6.0671	56.715	109.8	103.9	86.6
6.0672	56.720	109.4	103.3	86.4
6.0672	56.725	107.9	102.0	84.9
6.0673	56.730	107.3	101.3	84.3
6.0674	56.735	107.8	102.1	84.7
6.0674	56.740	108.1	102.4	85.5
6.0675	56.745	107.8	102.2	85.4
6.0675	56.750	106.8	101.1	84.9
6.0675	56.755	105.6	100.1	83.7
6.0676	56.760	105.5	100.1	83.2
6.0677	56.765	106.1	100.4	83.5
6.0677	56.770	106.9	101.2	83.8
6.0678	56.775	107.4	101.7	84.3
6.0678	56.780	107.5	101.5	84.4
6.0678	56.785	107.5	101.6	84.5
6.0679	56.790	107.4	101.6	84.5
6.0679	56.795	107.1	101.2	84.2
6.0680	56.800	107.5	101.6	84.2
6.0680	56.805	108.2	102.5	85.0
6.0681	56.810	109.2	103.5	86.2
6.0682	56.815	109.3	103.8	86.5
6.0682	56.820	109.3	103.4	86.3
6.0682	56.825	108.8	102.8	85.8
6.0683	56.830	108.8	102.8	85.6
6.0683	56.835	108.6	102.7	85.6
6.0684	56.840	107.8	101.7	84.8
6.0685	56.845	107.0	100.8	83.7
6.0685	56.850	106.4	100.6	83.6
6.0686	56.855	106.9	101.1	83.9
6.0686	56.860	106.6	100.7	83.8
6.0686	56.865	107.3	101.4	83.8
6.0687	56.870	108.2	102.3	84.7
6.0687	56.875	108.1	102.0	84.9
6.0688	56.880	108.1	101.9	84.4
6.0689	56.885	108.1	102.0	84.5
6.0689	56.890	108.0	102.2	84.7
6.0690	56.895	108.1	102.1	85.0
6.0690	56.900	108.2	102.4	85.2
6.0690	56.905	108.4	102.5	85.4
6.0691	56.910	108.9	103.3	85.8
6.0692	56.915	108.6	102.9	85.9
6.0692	56.920	107.7	101.9	84.8
6.0693	56.925	107.9	102.2	84.6
6.0693	56.930	108.3	102.7	85.1
6.0694	56.935	108.4	102.6	85.5
6.0694	56.940	108.1	102.2	85.1
6.0694	56.945	108.1	102.4	85.1
6.0695	56.950	108.6	102.6	85.4
6.0695	56.955	108.5	102.4	85.4
6.0696	56.960	107.9	102.1	85.1
6.0697	56.965	107.5	101.6	84.7
6.0697	56.970	107.0	101.2	84.2
6.0697	56.975	107.4	101.6	84.2
6.0698	56.980	108.5	102.5	85.1
6.0698	56.985	108.6	102.7	85.5
6.0699	56.990	108.6	102.7	85.4
6.0700	56.995	108.8	102.9	85.5
6.0700	57.000	109.2	103.2	86.1
6.0701	57.005	109.2	103.4	86.4
6.0701	57.010	108.8	102.7	85.9
6.0701	57.015	108.2	102.3	85.1
6.0702	57.020	108.1	102.3	85.1
6.0702	57.025	108.2	102.3	85.2
6.0703	57.030	108.4	102.4	85.3
6.0703	57.035	108.3	102.5	85.3
6.0704	57.040	108.9	103.1	85.7
6.0705	57.045	109.3	103.5	86.4
6.0705	57.050	109.1	103.3	86.2
6.0705	57.055	108.7	103.1	86.1
6.0706	57.060	108.3	102.6	85.9
6.0706	57.065	107.7	102.1	85.6
6.0707	57.070	107.1	101.6	85.2
6.0708	57.075	106.4	100.9	84.5
6.0708	57.080	106.8	101.2	84.4
6.0709	57.085	107.3	101.8	84.8
6.0709	57.090	107.7	102.2	85.5
6.0709	57.095	107.4	102.0	85.6
6.0710	57.100	107.3	101.6	84.9
6.0710	57.105	107.4	101.8	84.6
6.0711	57.110	107.6	102.0	84.8
6.0712	57.115	108.3	102.5	85.3
6.0712	57.120	108.9	103.2	85.9
6.0713	57.125	109.4	103.6	86.4
6.0713	57.130	109.2	103.3	86.4
6.0713	57.135	108.4	102.5	85.8
6.0714	57.140	108.2	102.4	85.5
6.0715	57.145	108.7	103.0	86.3
6.0715	57.150	108.8	103.2	86.7
6.0716	57.155	108.6	102.8	86.0
6.0716	57.160	109.3	103.6	86.5
6.0716	57.165	109.7	103.9	86.7
6.0717	57.170	109.6	103.7	86.7
6.0717	57.175	109.4	103.5	86.7
6.0718	57.180	109.3	103.4	86.5
6.0718	57.185	109.1	103.2	86.5
6.0719	57.190	108.5	102.7	85.8
6.0720	57.195	107.7	101.9	85.3
6.0720	57.200	107.2	101.7	84.9
6.0720	57.205	108.1	102.5	85.4
6.0721	57.210	108.3	102.6	85.7
6.0721	57.215	108.5	102.6	85.7
6.0722	57.220	108.5	102.7	85.5
6.0723	57.225	108.2	102.2	85.2
6.0723	57.230	108.0	102.1	84.8
6.0724	57.235	108.4	102.4	85.1
6.0724	57.240	108.4	102.4	85.4
6.0724	57.245	108.2	102.4	85.4
6.0725	57.250	108.2	102.4	85.1
6.0725	57.255	108.8	103.0	85.5
6.0726	57.260	108.9	103.2	86.1
6.0727	57.265	108.9	103.2	86.0
6.0727	57.270	108.7	102.8	85.7
6.0728	57.275	108.9	103.1	85.6
6.0728	57.280	109.2	103.5	86.1
6.0728	57.285	109.4	103.6	86.1
6.0729	57.290	109.2	103.3	86.1
6.0730	57.295	108.6	102.7	85.2
6.0730	57.300	108.5	102.7	85.2
6.0731	57.305	108.2	102.3	84.9
6.0731	57.310	108.4	102.6	85.1
6.0732	57.315	108.4	102.7	85.4
6.0732	57.320	109.0	103.3	85.8
6.0732	57.325	108.9	103.1	86.0
6.0733	57.330	108.7	102.9	85.5
6.0733	57.335	109.2	103.4	85.8
6.0734	57.340	109.3	103.5	85.9
6.0735	57.345	109.4	103.7	86.0
6.0735	57.350	109.1	103.4	86.0
6.0736	57.355	109.1	103.4	85.9
6.0736	57.360	109.2	103.4	86.2
6.0736	57.365	108.8	103.1	86.3
6.0737	57.370	108.4	102.8	85.6
6.0738	57.375	108.9	103.2	86.1
6.0738	57.380	108.6	102.9	86.3
6.0739	57.385	108.6	103.0	86.0
6.0739	57.390	108.5	103.0	86.2
6.0739	57.395	107.6	102.1	85.6
6.0740	57.400	107.5	102.1	85.3
6.0740	57.405	108.6	103.1	86.1
6.0741	57.410	108.3	102.9	86.3
6.0741	57.415	108.3	102.9	86.5
6.0742	57.420	108.3	102.9	86.1
6.0743	57.425	109.2	103.8	86.6
6.0743	57.430	109.9	104.2	87.3
6.0743	57.435	110.4	104.8	87.9
6.0744	57.440	110.8	105.2	88.2
6.0744	57.445	110.5	105.0	88.3
6.0745	57.450	109.4	104.1	87.6
6.0746	57.455	108.8	103.6	87.1
6.0746	57.460	108.0	102.8	86.7
6.0747	57.465	106.8	101.5	85.8
6.0747	57.470	107.0	101.8	85.5
6.0747	57.475	108.1	102.8	86.1
6.0748	57.480	108.7	103.3	86.6
6.0748	57.485	109.3	103.7	86.5
6.0749	57.490	110.4	104.8	87.5
6.0750	57.495	110.8	105.2	87.9
6.0750	57.500	111.1	105.6	88.2
6.0751	57.505	110.9	105.1	88.1
6.0751	57.510	110.3	104.6	87.4
6.0751	57.515	111.0	105.3	88.1
6.0752	57.520	111.4	105.7	88.4
6.0753	57.525	110.9	105.2	88.3
6.0753	57.530	110.5	104.7	87.7
6.0754	57.535	110.6	105.0	87.5
6.0754	57.540	111.1	105.3	87.8
6.0755	57.545	110.9	105.0	88.1
6.0755	57.550	109.7	103.6	87.0
6.0755	57.555	108.6	102.9	86.1
6.0756	57.560	108.9	103.2	86.2
6.0756	57.565	109.4	103.4	86.7
6.0757	57.570	109.4	103.6	86.8
6.0758	57.575	109.6	104.0	87.2
6.0758	57.580	109.8	104.2	87.3
6.0758	57.585	109.7	104.2	87.2
6.0759	57.590	109.7	104.2	87.1
6.0759	57.595	109.4	103.7	86.8
6.0760	57.600	109.2	103.4	86.3
6.0761	57.605	109.3	103.4	86.4
6.0761	57.610	109.5	103.6	86.5
6.0762	57.615	109.7	103.9	86.6
6.0762	57.620	109.4	103.4	86.3
6.0762	57.625	109.5	103.4	85.8
6.0763	57.630	110.1	104.0	86.3
6.0763	57.635	111.1	105.0	87.0
6.0764	57.640	111.3	105.1	87.5
6.0765	57.645	111.5	105.3	87.5
6.0765	57.650	111.7	105.5	87.4
6.0766	57.655	112.0	105.8	87.8
6.0766	57.660	112.0	105.9	88.1
6.0766	57.665	112.1	106.0	88.0
6.0767	57.670	112.1	106.1	88.1
6.0767	57.675	112.0	105.9	87.9
6.0768	57.680	111.3	105.3	87.8
6.0769	57.685	111.5	105.5	87.7
6.0769	57.690	112.2	106.1	88.2
6.0770	57.695	113.0	107.0	88.8
6.0770	57.700	113.4	107.4	89.3
6.0770	57.705	113.7	107.7	89.6
6.0771	57.710	113.9	107.8	89.7
6.0771	57.715	114.2	108.3	90.2
6.0772	57.720	114.1	107.9	89.8
6.0773	57.725	113.5	107.4	89.6
6.0773	57.730	113.0	107.1	89.0
6.0774	57.735	113.1	107.0	88.8
6.0774	57.740	113.5	107.4	89.2
6.0774	57.745	113.3	107.3	89.1
6.0775	57.750	112.6	106.4	88.8
6.0776	57.755	112.3	106.2	88.2
6.0776	57.760	112.6	106.7	88.6
6.0777	57.765	112.5	106.5	88.7
6.0777	57.770	112.2	106.3	88.5
6.0777	57.775	111.6	105.7	88.3
6.0778	57.780	111.2	105.4	87.7
6.0778	57.785	111.1	105.3	87.6
6.0779	57.790	111.2	105.4	87.8
6.0779	57.795	111.3	105.4	87.7
6.0780	57.800	111.8	106.1	88.3
6.0781	57.805	112.1	106.2	88.2
6.0781	57.810	112.3	106.4	88.7
6.0781	57.815	112.0	105.9	88.2
6.0782	57.820	111.6	105.8	87.7
6.0782	57.825	111.8	105.9	88.1
6.0783	57.830	112.4	106.4	88.6
6.0784	57.835	112.8	106.6	88.7
6.0784	57.840	112.5	106.3	88.3
6.0785	57.845	112.6	106.4	88.2
6.0785	57.850	112.9	106.6	88.7
6.0785	57.855	112.6	106.2	88.3
6.0786	57.860	112.8	106.3	88.1
6.0786	57.865	113.2	106.8	88.6
6.0787	57.870	113.1	106.9	88.8
6.0788	57.875	112.7	106.5	88.5
6.0788	57.880	112.9	106.5	88.7
6.0789	57.885	113.2	107.0	89.2
6.0789	57.890	113.2	107.2	89.4
6.0789	57.895	113.1	106.8	89.1
6.0790	57.900	113.7	107.5	89.3
6.0791	57.905	114.8	108.6	90.2
6.0791	57.910	115.6	109.6	91.3
6.0792	57.915	116.1	109.9	91.9
6.0792	57.920	116.4	110.2	92.2
6.0793	57.925	116.4	110.1	92.1
6.0793	57.930	116.0	109.7	91.8
6.0793	57.935	115.2	108.9	90.9
6.0794	57.940	114.8	108.4	90.5
6.0794	57.945	114.7	108.2	90.3
6.0795	57.950	114.5	108.1	89.9
6.0796	57.955	115.0	108.7	90.0
6.0796	57.960	115.5	109.2	90.8
6.0796	57.965	115.4	109.0	90.6
6.0797	57.970	115.3	108.7	90.3
6.0797	57.975	115.1	108.4	90.0
6.0798	57.980	115.2	108.6	89.9
6.0799	57.985	115.1	108.5	90.0
6.0799	57.990	115.1	108.5	89.7
6.0800	57.995	115.0	108.2	89.5
6.0800	58.000	114.7	108.1	89.2
6.0800	58.005	115.2	108.5	89.4
6.0801	58.010	115.3	108.4	89.7
6.0801	58.015	114.9	108.2	89.3
6.0802	58.020	115.0	108.4	89.4
6.0802	58.025	115.1	108.5	89.6
6.0803	58.030	115.1	108.6	89.7
6.0804	58.035	115.4	108.9	89.8
6.0804	58.040	115.9	109.3	90.3
6.0804	58.045	115.8	109.3	90.2
6.0805	58.050	115.9	109.4	90.1
6.0805	58.055	116.2	109.7	90.5
6.0806	58.060	115.9	109.5	90.6
6.0807	58.065	115.7	109.2	90.5
6.0807	58.070	115.3	109.0	90.2
6.0808	58.075	115.4	108.9	90.0
6.0808	58.080	115.4	109.0	90.4
6.0808	58.085	115.4	108.8	90.2
6.0809	58.090	115.0	108.5	90.1
6.0809	58.095	114.7	108.5	89.6
6.0810	58.100	114.4	108.0	89.6
6.0811	58.105	113.7	107.5	89.4
6.0811	58.110	112.2	106.0	88.8
6.0812	58.115	110.5	104.6	87.7
6.0812	58.120	109.4	103.9	87.2
6.0812	58.125	107.6	102.0	85.6
6.0813	58.130	106.3	100.9	84.3
6.0814	58.135	106.6	101.2	84.1
6.0814	58.140	107.6	102.1	84.8
6.0815	58.145	108.6	103.2	85.6
6.0815	58.150	109.8	104.3	86.5
6.0816	58.155	110.8	105.2	87.3
6.0816	58.160	111.0	105.5	88.0
6.0816	58.165	111.3	105.6	87.6
6.0817	58.170	112.2	106.4	88.3
6.0817	58.175	112.7	106.9	88.3
6.0818	58.180	112.9	106.9	88.6
6.0819	58.185	113.1	107.1	88.7
6.0819	58.190	113.4	107.4	88.9
6.0819	58.195	113.6	107.6	89.2
6.0820	58.200	114.6	108.6	89.8
6.0820	58.205	115.2	109.2	90.8
6.0821	58.210	114.3	108.2	90.2
6.0822	58.215	114.2	108.3	89.7
6.0822	58.220	114.1	108.2	89.9
6.0823	58.225	114.0	108.1	89.8
6.0823	58.230	114.1	108.2	90.0
6.0823	58.235	114.2	108.2	90.0
6.0824	58.240	114.4	108.4	89.9
6.0824	58.245	114.8	109.1	90.5
6.0825	58.250	114.9	108.9	90.5
6.0826	58.255	115.4	109.5	90.8
6.0826	58.260	116.2	110.3	91.5
6.0827	58.265	116.3	110.3	92.2
6.0827	58.270	115.2	109.2	90.9
6.0827	58.275	114.9	108.8	90.5
6.0828	58.280	114.5	108.6	89.8
6.0828	58.285	114.4	108.4	89.8
6.0829	58.290	113.7	107.7	89.6
6.0830	58.295	113.0	107.0	88.6
6.0830	58.300	113.0	107.2	88.7
6.0831	58.305	113.3	107.4	88.9
6.0831	58.310	113.1	107.1	89.2
6.0831	58.315	112.1	106.0	88.1
6.0832	58.320	112.3	106.2	87.8
6.0832	58.325	111.9	105.8	87.6
6.0833	58.330	112.0	106.1	87.5
6.0834	58.335	111.8	105.7	87.6
6.0834	58.340	112.0	106.1	87.8
6.0835	58.345	112.1	106.3	88.4
6.0835	58.350	112.0	106.5	88.5
6.0835	58.355	111.9	106.1	88.4
6.0836	58.360	112.1	106.2	88.2
6.0837	58.365	112.5	106.7	88.7
6.0837	58.370	113.0	107.0	88.8
6.0838	58.375	113.6	107.5	89.4
6.0838	58.380	114.0	108.2	89.8
6.0838	58.385	114.2	108.1	90.3
6.0839	58.390	113.7	107.7	89.8
6.0839	58.395	113.8	108.0	89.8
6.0840	58.400	113.6	107.7	89.9
6.0840	58.405	113.2	107.4	89.4
6.0841	58.410	114.1	108.5	90.0
6.0842	58.415	114.1	108.1	90.3
6.0842	58.420	113.7	107.8	89.5
6.0842	58.425	113.6	107.7	89.5
6.0843	58.430	114.1	108.1	89.8
6.0843	58.435	114.5	108.6	90.3
6.0844	58.440	114.3	108.5	90.3
6.0845	58.445	113.9	107.9	90.0
6.0845	58.450	113.8	108.0	89.8
6.0846	58.455	113.3	107.4	89.3
6.0846	58.460	113.4	107.5	89.1
6.0846	58.465	113.4	107.6	89.5
6.0847	58.470	113.3	107.4	89.1
6.0847	58.475	113.1	107.0	88.8
6.0848	58.480	113.1	107.3	88.7
6.0849	58.485	113.3	107.4	89.4
6.0849	58.490	112.9	107.0	88.8
6.0850	58.495	112.9	107.0	88.9
6.0850	58.500	112.6	106.7	88.6
6.0850	58.505	112.3	106.5	88.6
6.0851	58.510	111.9	106.0	88.3
6.0852	58.515	111.3	105.4	87.6
6.0852	58.520	111.8	105.8	88.1
6.0853	58.525	112.1	106.1	88.5
6.0853	58.530	112.1	106.3	88.7
6.0854	58.535	111.9	106.0	88.5
6.0854	58.540	111.7	105.8	88.3
6.0854	58.545	111.9	106.0	88.4
6.0855	58.550	112.0	106.1	88.6
6.0855	58.555	112.1	106.1	88.7
6.0856	58.560	112.5	106.4	89.0
6.0857	58.565	112.3	106.5	89.1
6.0857	58.570	112.1	106.1	88.9
6.0857	58.575	111.6	105.7	88.4
6.0858	58.580	111.9	106.0	88.3
6.0858	58.585	112.3	106.3	88.8
6.0859	58.590	111.9	106.0	88.6
6.0860	58.595	111.8	106.0	88.7
6.0860	58.600	111.0	105.2	88.5
6.0861	58.605	110.1	104.4	87.5
6.0861	58.610	110.1	104.6	87.6
6.0861	58.615	109.9	104.5	87.6
6.0862	58.620	110.4	104.8	88.1
6.0862	58.625	110.0	104.4	87.8
6.0863	58.630	109.8	104.1	87.5
6.0863	58.635	109.8	104.4	87.6
6.0864	58.640	110.2	104.7	88.3
6.0865	58.645	109.5	104.0	87.9
6.0865	58.650	109.0	103.6	87.2
6.0865	58.655	109.7	104.2	87.6
6.0866	58.660	110.3	104.9	88.3
6.0866	58.665	110.5	104.9	88.3
6.0867	58.670	110.8	105.1	88.3
6.0868	58.675	111.2	105.3	88.4
6.0868	58.680	111.6	106.0	88.6
6.0869	58.685	111.5	105.6	88.6
6.0869	58.690	111.0	105.0	87.9
6.0869	58.695	111.1	105.3	87.6
6.0870	58.700	111.4	105.5	88.1
6.0870	58.705	111.4	105.4	88.1
6.0871	58.710	111.6	105.7	88.3
6.0872	58.715	111.5	105.5	88.2
6.0872	58.720	111.4	105.5	88.1
6.0873	58.725	111.4	105.4	88.3
6.0873	58.730	111.4	105.4	88.1
6.0873	58.735	111.6	105.9	88.3
6.0874	58.740	111.9	106.0	88.8
6.0875	58.745	111.4	105.9	88.7
6.0875	58.750	110.7	105.0	88.3
6.0876	58.755	110.2	104.7	87.8
6.0876	58.760	109.6	104.2	87.7
6.0877	58.765	109.2	103.8	87.2
6.0877	58.770	109.9	104.4	87.3
6.0877	58.775	110.4	104.6	87.6
6.0878	58.780	110.5	104.5	87.1
6.0878	58.785	110.7	104.7	87.2
6.0879	58.790	111.0	105.1	87.7
6.0880	58.795	111.1	105.2	87.6
6.0880	58.800	111.0	105.1	87.7
6.0880	58.805	111.1	105.1	87.6
6.0881	58.810	111.9	106.1	88.6
6.0881	58.815	112.1	106.4	89.5
6.0882	58.820	112.2	106.3	89.4
6.0883	58.825	111.9	105.8	89.0
6.0883	58.830	111.2	105.2	88.2
6.0884	58.835	111.0	104.9	87.8
6.0884	58.840	111.0	104.9	87.7
6.0884	58.845	111.1	105.0	87.7
6.0885	58.850	111.1	105.0	87.5
6.0885	58.855	111.6	105.6	88.0
6.0886	58.860	111.7	105.7	88.4
6.0887	58.865	111.6	105.5	88.2
6.0887	58.870	111.5	105.2	88.0
6.0888	58.875	111.6	105.5	88.1
6.0888	58.880	111.7	105.7	88.2
6.0888	58.885	111.3	105.4	88.1
6.0889	58.890	110.8	104.9	87.8
6.0890	58.895	110.7	104.6	87.2
6.0890	58.900	110.4	104.4	87.2
6.0891	58.905	110.5	104.5	87.0
6.0891	58.910	110.8	104.7	87.2
6.0892	58.915	110.8	104.6	87.4
6.0892	58.920	110.7	104.7	87.1
6.0892	58.925	110.5	104.4	87.2
6.0893	58.930	110.3	104.3	87.0
6.0893	58.935	109.8	104.0	86.8
6.0894	58.940	109.8	104.2	86.9
6.0895	58.945	109.3	103.7	87.1
6.0895	58.950	108.5	102.8	86.5
6.0896	58.955	108.0	102.4	85.7
6.0896	58.960	108.2	102.6	86.0
6.0896	58.965	108.7	103.2	86.7
6.0897	58.970	109.1	103.7	87.1
6.0898	58.975	109.2	103.7	87.4
6.0898	58.980	108.8	103.2	87.1
6.0899	58.985	107.8	102.2	86.3
6.0899	58.990	107.3	101.8	85.8
6.0899	58.995	107.7	102.2	85.7
6.0900	59.000	108.0	102.5	86.0
6.0900	59.005	108.6	102.9	86.3
6.0901	59.010	108.7	102.8	86.3
6.0901	59.015	109.1	103.5	86.4
6.0902	59.020	109.2	103.4	86.6
6.0903	59.025	109.1	103.3	86.4
6.0903	59.030	108.7	102.8	86.2
6.0903	59.035	109.0	103.3	86.1
6.0904	59.040	108.8	103.2	86.4
6.0904	59.045	108.0	102.4	85.7
6.0905	59.050	107.6	102.0	85.2
6.0906	59.055	107.6	101.9	85.4
6.0906	59.060	107.6	101.9	85.1
6.0907	59.065	107.8	102.1	85.3
6.0907	59.070	108.1	102.5	85.4
6.0907	59.075	108.4	102.8	85.8
6.0908	59.080	108.5	102.9	86.2
6.0908	59.085	108.0	102.3	85.8
6.0909	59.090	107.9	102.3	85.7
6.0910	59.095	107.7	102.1	85.5
6.0910	59.100	107.5	102.0	85.4
6.0911	59.105	107.1	101.5	85.1
6.0911	59.110	106.4	100.7	84.4
6.0911	59.115	106.4	100.6	84.3
6.0912	59.120	106.7	101.1	84.5
6.0913	59.125	106.5	100.8	84.4
6.0913	59.130	106.6	101.0	84.4
6.0914	59.135	106.7	101.1	84.7
6.0914	59.140	107.0	101.5	84.8
6.0915	59.145	107.0	101.4	85.0
6.0915	59.150	106.4	100.7	84.6
6.0915	59.155	105.6	100.1	83.6
6.0916	59.160	105.1	99.6	83.3
6.0916	59.165	105.3	99.7	83.3
6.0917	59.170	105.6	100.1	83.9
6.0918	59.175	105.1	99.7	83.9
6.0918	59.180	104.6	99.2	83.3
6.0918	59.185	104.4	99.0	83.0
6.0919	59.190	104.4	99.1	83.1
6.0919	59.195	104.7	99.4	83.5
6.0920	59.200	104.8	99.5	83.5
6.0921	59.205	105.0	99.6	83.7
6.0921	59.210	104.4	99.0	83.3
6.0922	59.215	103.8	98.5	82.6
6.0922	59.220	103.5	97.8	81.9
6.0922	59.225	103.2	97.7	81.5
6.0923	59.230	102.6	97.2	81.5
6.0923	59.235	101.9	96.5	80.8
6.0924	59.240	101.5	96.0	80.5
6.0924	59.245	101.7	96.5	80.7
6.0925	59.250	102.1	96.7	80.9
6.0926	59.255	101.9	96.4	80.8
6.0926	59.260	101.6	96.2	80.6
6.0926	59.265	101.6	96.2	80.4
6.0927	59.270	101.7	96.3	80.3
6.0927	59.275	101.9	96.4	80.3
6.0928	59.280	101.9	96.5	80.4
6.0929	59.285	102.3	96.9	80.5
6.0929	59.290	102.1	96.6	80.8
6.0930	59.295	102.1	96.6	80.7
6.0930	59.300	102.1	96.6	80.5
6.0930	59.305	102.2	96.7	80.5
6.0931	59.310	102.2	96.6	80.4
6.0931	59.315	101.6	96.2	80.2
6.0932	59.320	101.6	96.0	80.1
6.0933	59.325	100.7	95.3	79.6
6.0933	59.330	100.2	94.9	79.1
6.0934	59.335	100.1	94.8	79.0
6.0934	59.340	100.2	94.9	79.0
6.0934	59.345	100.7	95.4	79.6
6.0935	59.350	101.2	95.9	79.8
6.0936	59.355	101.1	95.8	79.9
6.0936	59.360	101.3	96.0	80.0
6.0937	59.365	101.2	95.9	79.9
6.0937	59.370	100.9	95.5	79.5
6.0937	59.375	100.9	95.7	79.3
6.0938	59.380	101.5	95.8	79.7
6.0938	59.385	102.0	96.7	80.2
6.0939	59.390	102.6	97.2	80.8
6.0939	59.395	102.8	97.4	81.2
6.0940	59.400	102.9	97.5	81.2
6.0941	59.405	103.3	97.8	81.5
6.0941	59.410	103.6	98.0	81.7
6.0941	59.415	103.4	98.0	82.0
6.0942	59.420	103.3	98.1	82.1
6.0942	59.425	103.5	98.1	82.1
6.0943	59.430	103.0	97.8	82.3
6.0944	59.435	101.4	96.3	81.2
6.0944	59.440	100.5	95.5	80.3
6.0945	59.445	100.4	95.5	80.3
6.0945	59.450	100.6	95.3	80.4
6.0945	59.455	100.0	94.6	79.5
6.0946	59.460	99.9	94.5	79.0
6.0946	59.465	99.8	94.5	78.9
6.0947	59.470	99.9	94.5	78.7
6.0948	59.475	100.6	95.4	79.4
6.0948	59.480	101.5	96.1	80.1
6.0949	59.485	102.2	96.9	80.7
6.0949	59.490	103.1	97.9	81.6
6.0949	59.495	103.3	98.0	82.0
6.0950	59.500	103.5	98.3	82.2
6.0951	59.505	103.8	98.5	82.2
6.0951	59.510	103.9	98.7	82.5
6.0952	59.515	104.1	98.9	82.3
6.0952	59.520	104.0	98.8	82.4
6.0953	59.525	104.3	99.1	82.7
6.0953	59.530	104.8	99.6	83.0
6.0953	59.535	105.1	99.8	83.3
6.0954	59.540	105.3	100.2	83.8
6.0954	59.545	105.4	99.9	83.6
6.0955	59.550	104.8	99.4	83.1
6.0956	59.555	104.1	98.5	82.0
6.0956	59.560	104.3	98.8	82.1
6.0957	59.565	104.1	98.7	82.1
6.0957	59.570	104.0	98.5	82.1
6.0957	59.575	103.9	98.5	81.8
6.0958	59.580	104.4	99.0	82.5
6.0959	59.585	104.7	99.2	82.5
6.0959	59.590	104.8	99.3	82.5
6.0960	59.595	105.1	99.6	82.8
6.0960	59.600	104.8	99.1	82.7
6.0960	59.605	104.6	98.9	82.2
6.0961	59.610	104.7	99.1	82.3
6.0961	59.615	104.7	98.9	82.2
6.0962	59.620	104.3	98.6	81.8
6.0962	59.625	104.5	98.8	81.8
6.0963	59.630	104.5	98.8	81.9
6.0964	59.635	104.3	98.6	82.0
6.0964	59.640	104.0	98.5	81.6
6.0964	59.645	103.8	98.3	81.5
6.0965	59.650	103.8	98.0	81.3
6.0965	59.655	103.4	97.8	81.2
6.0966	59.660	103.0	97.2	80.7
6.0967	59.665	102.7	97.0	80.5
6.0967	59.670	103.1	97.3	80.5
6.0968	59.675	103.2	97.6	81.0
6.0968	59.680	103.4	97.9	80.9
6.0968	59.685	103.7	98.0	81.3
6.0969	59.690	103.1	97.3	81.0
6.0969	59.695	102.2	96.6	80.2
6.0970	59.700	101.9	96.5	79.8
6.0971	59.705	102.4	96.8	80.0
6.0971	59.710	102.8	97.2	80.2
6.0972	59.715	103.4	97.6	80.7
6.0972	59.720	103.4	97.7	81.0
6.0972	59.725	103.7	98.1	81.1
6.0973	59.730	104.5	98.8	82.0
6.0974	59.735	104.5	98.9	82.5
6.0974	59.740	103.7	98.1	82.1
6.0975	59.745	103.5	97.8	81.4
6.0975	59.750	103.7	98.1	81.7
6.0976	59.755	104.2	98.7	82.0
6.0976	59.760	103.8	97.9	81.5
6.0976	59.765	103.0	97.1	80.7
6.0977	59.770	103.4	97.6	80.7
6.0977	59.775	103.8	98.1	81.1
6.0978	59.780	103.8	98.1	81.3
6.0979	59.785	103.2	97.6	80.9
6.0979	59.790	102.6	97.0	80.4
6.0979	59.795	102.4	97.2	80.4
6.0980	59.800	101.7	96.5	80.7
6.0980	59.805	100.6	95.4	79.9
6.0981	59.810	100.8	95.7	79.6
6.0982	59.815	101.8	96.6	80.2
6.0982	59.820	102.2	97.0	80.4
6.0983	59.825	102.6	97.4	81.0
6.0983	59.830	103.6	98.2	81.6
6.0983	59.835	104.4	98.8	82.1
6.0984	59.840	104.8	99.2	82.5
6.0984	59.845	105.1	99.6	82.9
6.0985	59.850	104.8	99.2	82.7
6.0985	59.855	103.9	98.3	81.9
6.0986	59.860	103.4	97.8	81.2
6.0987	59.865	103.1	97.5	81.3
6.0987	59.870	102.8	97.3	81.0
6.0987	59.875	102.8	97.5	81.0
6.0988	59.880	102.9	97.6	81.3
6.0988	59.885	103.5	98.2	81.7
6.0989	59.890	103.8	98.3	82.1
6.0990	59.895	104.0	98.5	82.0
6.0990	59.900	104.6	99.0	82.4
6.0991	59.905	104.9	99.3	82.7
6.0991	59.910	105.2	99.6	83.0
6.0991	59.915	105.2	99.6	83.1
6.0992	59.920	104.3	98.5	82.7
6.0992	59.925	103.2	97.8	81.6
6.0993	59.930	103.0	97.5	81.7
6.0994	59.935	103.3	97.9	81.5
6.0994	59.940	103.7	98.4	82.2
6.0995	59.945	103.6	98.2	82.3
6.0995	59.950	104.2	98.9	82.6
6.0995	59.955	104.5	99.1	82.9
6.0996	59.960	104.9	99.6	82.8
6.0997	59.965	105.1	99.7	83.0
6.0997	59.970	105.3	99.8	83.3
6.0998	59.975	105.0	99.3	82.9
6.0998	59.980	104.8	99.2	82.6
6.0998	59.985	104.7	99.2	82.7
6.0999	59.990	104.9	99.3	82.8
6.0999	59.995	104.8	99.4	82.9
6.1000	60.000	105.1	99.6	83.0
6.1000	60.005	104.7	99.3	83.2
6.1001	60.010	104.1	98.9	82.8
6.1002	60.015	103.1	97.9	82.1
6.1002	60.020	102.1	97.0	81.5
6.1002	60.025	101.7	96.6	81.0
6.1003	60.030	101.4	96.5	80.8
6.1003	60.035	101.6	96.5	80.9
6.1004	60.040	101.3	96.3	80.7
6.1005	60.045	101.8	96.9	80.8
6.1005	60.050	102.8	97.9	81.6
6.1006	60.055	104.2	99.1	82.4
6.1006	60.060	105.1	99.8	83.2
6.1006	60.065	105.4	100.1	83.2
6.1007	60.070	105.9	100.5	83.5
6.1007	60.075	106.1	100.6	84.0
6.1008	60.080	106.6	101.1	84.2
6.1009	60.085	107.0	101.6	84.6
6.1009	60.090	106.9	101.3	84.5
6.1010	60.095	106.6	101.0	84.1
6.1010	60.100	106.1	100.4	83.6
6.1010	60.105	105.8	100.1	83.1
6.1011	60.110	105.8	100.1	83.0
6.1012	60.115	105.7	100.0	83.0
6.1012	60.120	105.9	100.2	82.9
6.1013	60.125	106.1	100.4	83.1
6.1013	60.130	105.9	100.1	83.3
6.1014	60.135	106.0	100.0	83.0
6.1014	60.140	106.3	100.4	83.2
6.1014	60.145	106.5	100.6	83.7
6.1015	60.150	105.9	100.1	83.4
6.1015	60.155	105.7	99.9	82.8
6.1016	60.160	105.6	99.8	82.9
6.1017	60.165	105.6	100.0	83.1
6.1017	60.170	105.6	100.0	83.3
6.1018	60.175	105.7	100.3	83.3
6.1018	60.180	106.0	100.4	83.7
6.1018	60.185	105.8	100.2	83.6
6.1019	60.190	106.0	100.4	83.4
6.1020	60.195	106.1	100.2	83.4
6.1020	60.200	106.0	100.0	83.0
6.1021	60.205	106.2	100.3	83.1
6.1021	60.210	106.3	100.2	83.3
6.1021	60.215	106.3	100.5	83.1
6.1022	60.220	106.3	100.4	83.4
6.1022	60.225	106.2	100.3	83.4
6.1023	60.230	106.0	100.2	83.1
6.1023	60.235	106.2	100.3	83.2
6.1024	60.240	105.9	99.9	82.8
6.1025	60.245	105.9	99.7	82.7
6.1025	60.250	105.8	99.8	82.5
6.1025	60.255	106.4	100.3	83.0
6.1026	60.260	106.7	100.5	83.2
6.1026	60.265	106.7	100.6	83.3
6.1027	60.270	106.4	100.6	83.4
6.1028	60.275	105.6	99.8	83.1
6.1028	60.280	105.1	99.3	82.5
6.1029	60.285	105.5	99.7	82.8
6.1029	60.290	105.9	100.3	83.5
6.1029	60.295	106.1	100.4	84.0
6.1030	60.300	105.9	100.3	83.9
6.1030	60.305	105.6	100.2	83.7
6.1031	60.310	106.1	100.6	83.7
6.1032	60.315	106.4	100.8	83.8
6.1032	60.320	106.7	101.0	83.8
6.1033	60.325	107.3	101.7	84.4
6.1033	60.330	106.0	100.5	84.2
6.1033	60.335	104.8	99.6	83.6
6.1034	60.340	104.4	99.1	83.2
6.1035	60.345	103.4	98.1	82.8
6.1035	60.350	101.9	96.7	81.7
6.1036	60.355	101.2	96.0	80.9
6.1036	60.360	102.1	96.9	81.0
6.1037	60.365	103.7	98.2	82.1
6.1037	60.370	104.5	99.0	82.5
6.1037	60.375	105.3	99.7	82.6
6.1038	60.380	106.2	100.4	82.9
6.1038	60.385	106.3	100.3	83.2
6.1039	60.390	105.8	99.9	82.6
6.1040	60.395	105.9	99.8	82.5
6.1040	60.400	106.0	100.1	82.5
6.1040	60.405	106.7	100.6	83.1
6.1041	60.410	107.2	101.2	83.4
6.1041	60.415	107.5	101.4	83.7
6.1042	60.420	107.7	101.5	83.7
6.1043	60.425	107.8	101.7	83.9
6.1043	60.430	108.0	102.0	84.3
6.1044	60.435	108.1	102.0	84.4
6.1044	60.440	107.1	101.1	83.7
6.1044	60.445	106.6	100.6	82.8
6.1045	60.450	106.7	100.7	82.9
6.1045	60.455	106.6	100.5	82.7
6.1046	60.460	106.6	100.5	82.9
6.1047	60.465	106.2	100.1	82.6
6.1047	60.470	106.2	99.9	82.2
6.1048	60.475	106.4	100.1	82.2
6.1048	60.480	106.2	100.0	82.3
6.1048	60.485	106.6	100.4	82.2
6.1049	60.490	107.1	100.7	82.6
6.1049	60.495	107.3	101.1	83.0
6.1050	60.500	107.6	101.5	83.6
6.1051	60.505	107.4	101.3	83.8
6.1051	60.510	106.8	100.8	83.3
6.1052	60.515	106.8	100.9	83.3
6.1052	60.520	106.6	100.6	83.2
6.1052	60.525	106.3	100.3	82.8
6.1053	60.530	106.1	99.9	82.3
6.1053	60.535	105.4	99.3	81.9
6.1054	60.540	105.2	99.0	81.2
6.1055	60.545	105.4	99.2	81.3
6.1055	60.550	105.4	99.3	81.3
6.1056	60.555	106.0	99.9	81.8
6.1056	60.560	106.2	100.1	82.5
6.1056	60.565	106.0	99.7	82.0
6.1057	60.570	106.2	100.1	82.1
6.1058	60.575	106.8	100.7	82.8
6.1058	60.580	106.7	100.6	83.1
6.1059	60.585	106.5	100.3	82.9
6.1059	60.590	106.3	100.1	82.7
6.1059	60.595	106.6	100.7	82.8
6.1060	60.600	107.3	101.2	83.5
6.1060	60.605	107.1	101.1	83.6
6.1061	60.610	107.2	101.3	83.7
6.1061	60.615	107.0	100.9	83.5
6.1062	60.620	106.7	100.5	83.1
6.1063	60.625	106.4	100.3	82.9
6.1063	60.630	106.2	100.1	82.5
6.1063	60.635	106.4	100.3	82.7
6.1064	60.640	106.7	100.5	82.8
6.1064	60.645	107.3	101.1	83.1
6.1065	60.650	108.0	101.9	83.9
6.1066	60.655	108.3	102.2	84.3
6.1066	60.660	108.1	101.8	84.3
6.1067	60.665	107.6	101.6	84.0
6.1067	60.670	107.5	101.4	84.0
6.1067	60.675	106.6	100.5	83.5
6.1068	60.680	106.4	100.3	82.6
6.1068	60.685	106.1	99.9	82.5
6.1069	60.690	105.8	99.7	82.4
6.1070	60.695	105.7	99.5	82.1
6.1070	60.700	105.9	99.7	82.2
6.1071	60.705	105.9	99.7	82.4
6.1071	60.710	105.8	99.6	82.1
6.1071	60.715	106.2	99.9	82.2
6.1072	60.720	106.4	100.2	82.6
6.1073	60.725	106.4	100.1	82.5
6.1073	60.730	106.2	100.0	82.4
6.1074	60.735	106.4	100.2	82.3
6.1074	60.740	106.8	100.7	82.8
6.1075	60.745	106.8	100.6	83.2
6.1075	60.750	107.0	100.7	83.0
6.1075	60.755	106.5	100.2	82.8
6.1076	60.760	106.2	100.0	82.3
6.1076	60.765	106.6	100.3	82.5
6.1077	60.770	107.0	100.8	83.0
6.1078	60.775	106.8	100.6	83.0
6.1078	60.780	106.9	100.7	83.1
6.1079	60.785	107.0	100.7	83.2
6.1079	60.790	107.0	100.8	83.1
6.1079	60.795	106.4	100.2	82.7
6.1080	60.800	106.4	100.2	82.6
6.1081	60.805	106.6	100.4	82.5
6.1081	60.810	107.4	101.3	83.5
6.1082	60.815	107.4	101.3	83.7
6.1082	60.820	107.3	101.1	83.5
6.1082	60.825	107.4	101.2	83.3
6.1083	60.830	107.4	101.2	83.2
6.1083	60.835	107.6	101.5	83.3
6.1084	60.840	108.0	101.9	83.6
6.1084	60.845	108.4	102.3	83.8
6.1085	60.850	109.5	103.2	84.8
6.1086	60.855	109.7	103.6	85.4
6.1086	60.860	109.5	103.3	85.3
6.1086	60.865	109.3	103.0	85.2
6.1087	60.870	109.2	103.0	85.1
6.1087	60.875	109.8	103.5	85.2
6.1088	60.880	110.1	103.7	85.8
6.1089	60.885	110.3	103.9	85.8
6.1089	60.890	110.4	104.0	85.9
6.1090	60.895	110.1	103.7	85.8
6.1090	60.900	109.6	103.2	85.3
6.1090	60.905	109.8	103.5	85.2
6.1091	60.910	110.1	103.9	85.7
6.1091	60.915	110.4	104.0	85.9
6.1092	60.920	110.2	104.0	86.0
6.1093	60.925	110.1	103.8	85.7
6.1093	60.930	110.7	104.5	86.3
6.1094	60.935	111.4	105.0	87.0
6.1094	60.940	111.9	105.7	87.5
6.1094	60.945	112.2	106.0	87.8
6.1095	60.950	112.1	105.9	87.5
6.1096	60.955	112.3	105.9	87.5
6.1096	60.960	112.6	106.2	87.7
6.1097	60.965	112.7	106.2	87.8
6.1097	60.970	112.4	105.9	87.6
6.1098	60.975	112.2	105.7	87.4
6.1098	60.980	112.4	105.9	87.2
6.1098	60.985	112.8	106.4	87.6
6.1099	60.990	112.9	106.5	87.9
6.1099	60.995	112.9	106.6	88.0
6.1100	61.000	113.1	106.9	88.4
6.1101	61.005	113.5	107.1	88.6
6.1101	61.010	113.6	107.1	88.5
6.1101	61.015	114.1	107.8	89.3
6.1102	61.020	114.2	107.8	89.4
6.1102	61.025	114.5	108.2	89.6
6.1103	61.030	114.5	108.4	89.9
6.1104	61.035	114.7	108.4	90.1
6.1104	61.040	115.0	108.8	90.2
6.1105	61.045	115.2	108.8	90.6
6.1105	61.050	115.0	108.9	90.3
6.1105	61.055	115.3	109.1	90.5
6.1106	61.060	115.1	109.0	90.6
6.1106	61.065	115.0	108.9	90.6
6.1107	61.070	114.7	108.5	90.2
6.1108	61.075	114.4	108.0	89.9
6.1108	61.080	114.3	108.1	89.7
6.1109	61.085	114.6	108.4	90.2
6.1109	61.090	114.3	108.2	89.8
6.1109	61.095	114.1	107.9	89.6
6.1110	61.100	114.4	108.3	89.8
6.1110	61.105	114.9	108.6	90.2
6.1111	61.110	114.8	108.5	90.2
6.1112	61.115	114.5	108.4	89.9
6.1112	61.120	114.9	108.8	90.2
6.1113	61.125	115.2	109.0	90.9
6.1113	61.130	114.5	108.2	90.1
6.1113	61.135	114.2	107.9	89.5
6.1114	61.140	113.2	106.9	89.1
6.1114	61.145	112.4	106.3	88.1
6.1115	61.150	113.0	106.9	88.4
6.1116	61.155	113.1	107.1	89.1
6.1116	61.160	112.5	106.5	88.7
6.1117	61.165	112.2	106.3	88.5
6.1117	61.170	111.5	105.6	88.1
6.1117	61.175	111.2	105.3	87.6
6.1118	61.180	111.5	105.5	87.7
6.1119	61.185	112.0	105.8	88.1
6.1119	61.190	112.0	105.8	88.0
6.1120	61.195	111.9	105.9	88.1
6.1120	61.200	111.4	105.4	87.6
6.1120	61.205	111.3	105.3	87.3
6.1121	61.210	111.4	105.5	87.7
6.1121	61.215	111.0	105.1	87.2
6.1122	61.220	110.9	105.0	86.9
6.1122	61.225	110.9	104.9	87.1
6.1123	61.230	110.7	104.7	86.9
6.1124	61.235	110.2	104.3	86.5
6.1124	61.240	109.8	104.0	86.2
6.1124	61.245	109.7	103.9	86.2
6.1125	61.250	109.6	103.7	86.2
6.1125	61.255	108.5	102.5	85.3
6.1126	61.260	108.0	102.1	84.5
6.1127	61.265	107.8	101.8	84.3
6.1127	61.270	107.3	101.4	83.9
6.1128	61.275	106.8	101.1	83.4
6.1128	61.280	106.6	100.6	83.2
6.1128	61.285	106.8	100.8	83.1
6.1129	61.290	107.1	101.2	83.7
6.1129	61.295	107.0	101.0	83.5
6.1130	61.300	106.4	100.6	83.4
6.1131	61.305	105.4	99.6	82.8
6.1131	61.310	103.8	98.1	81.9
6.1132	61.315	102.0	96.4	80.5
6.1132	61.320	101.0	95.6	79.4
6.1132	61.325	101.6	96.4	80.2
6.1133	61.330	101.5	96.4	80.9
6.1134	61.335	101.4	96.2	80.5
6.1134	61.340	102.0	96.7	80.7
6.1135	61.345	102.7	97.3	81.1
6.1135	61.350	104.0	98.6	82.0
6.1136	61.355	106.6	101.0	83.3
6.1136	61.360	108.7	103.0	85.4
6.1136	61.365	110.0	104.2	86.6
6.1137	61.370	111.0	105.1	87.7
6.1137	61.375	111.4	105.2	87.8
6.1138	61.380	112.0	105.8	88.0
6.1139	61.385	112.3	106.2	88.6
6.1139	61.390	111.9	105.7	88.0
6.1139	61.395	112.1	105.9	88.0
6.1140	61.400	111.9	105.5	87.7
6.1140	61.405	111.6	105.3	87.2
6.1141	61.410	112.0	105.6	87.4
6.1142	61.415	112.2	105.7	87.8
6.1142	61.420	112.2	105.9	87.7
6.1143	61.425	112.2	105.7	87.8
6.1143	61.430	112.0	105.5	87.5
6.1143	61.435	111.8	105.4	87.3
6.1144	61.440	111.7	105.4	87.3
6.1144	61.445	111.8	105.4	87.3
6.1145	61.450	111.9	105.7	87.7
6.1145	61.455	112.5	106.3	88.3
6.1146	61.460	112.8	106.7	88.7
6.1147	61.465	112.3	106.0	88.3
6.1147	61.470	112.0	105.5	87.8
6.1147	61.475	111.6	105.2	87.7
6.1148	61.480	111.3	105.0	87.2
6.1148	61.485	111.2	104.8	86.9
6.1149	61.490	110.9	104.5	86.9
6.1150	61.495	110.4	104.3	86.7
6.1150	61.500	110.3	104.1	86.4
6.1151	61.505	110.3	104.3	86.5
6.1151	61.510	110.4	104.3	86.6
6.1151	61.515	110.2	104.0	86.6
6.1152	61.520	110.4	104.4	86.7
6.1152	61.525	110.5	104.4	86.8
6.1153	61.530	110.5	104.3	86.6
6.1154	61.535	110.5	104.3	86.6
6.1154	61.540	110.7	104.6	86.9
6.1155	61.545	110.8	104.7	87.2
6.1155	61.550	110.7	104.6	87.1
6.1155	61.555	110.1	104.1	86.6
6.1156	61.560	109.9	103.7	86.0
6.1157	61.565	109.9	103.7	86.3
6.1157	61.570	109.2	103.0	85.6
6.1158	61.575	109.1	102.8	85.4
6.1158	61.580	108.5	102.3	85.0
6.1159	61.585	108.5	102.4	85.1
6.1159	61.590	108.6	102.5	85.4
6.1159	61.595	108.0	101.9	85.1
6.1160	61.600	107.0	100.9	84.0
6.1160	61.605	107.0	100.9	83.6
6.1161	61.610	107.0	101.1	83.8
6.1162	61.615	106.8	100.7	83.8
6.1162	61.620	106.4	100.3	83.2
6.1162	61.625	105.7	99.6	82.8
6.1163	61.630	105.8	99.6	82.7
6.1163	61.635	105.8	99.6	82.6
6.1164	61.640	106.1	100.1	82.8
6.1165	61.645	106.0	99.8	82.8
6.1165	61.650	106.1	100.0	82.8
6.1166	61.655	105.8	99.7	82.8
6.1166	61.660	105.4	99.2	82.2
6.1166	61.665	105.6	99.5	82.1
6.1167	61.670	105.6	99.5	82.3
6.1167	61.675	105.4	99.4	82.2
6.1168	61.680	105.2	99.1	82.0
6.1169	61.685	105.0	98.9	81.6
6.1169	61.690	105.3	99.1	81.5
6.1170	61.695	105.6	99.5	81.8
6.1170	61.700	105.6	99.4	81.9
6.1170	61.705	105.9	99.6	82.1
6.1171	61.710	106.2	99.7	82.2
6.1172	61.715	106.6	100.3	82.7
6.1172	61.720	106.9	100.5	83.1
6.1173	61.725	106.5	100.0	82.8
6.1173	61.730	105.8	99.3	82.2
6.1174	61.735	105.6	99.1	81.7
6.1174	61.740	105.5	99.0	81.7
6.1174	61.745	104.9	98.4	81.2
6.1175	61.750	104.7	98.2	80.8
6.1175	61.755	104.8	98.4	80.8
6.1176	61.760	105.5	99.0	81.8
6.1177	61.765	105.7	99.2	82.0
6.1177	61.770	105.7	99.3	82.3
6.1178	61.775	105.6	99.2	81.9
6.1178	61.780	105.3	98.8	81.7
6.1178	61.785	105.5	99.0	81.4
6.1179	61.790	106.3	99.7	81.9
6.1180	61.795	107.0	100.5	82.6
6.1180	61.800	107.4	101.1	83.1
6.1181	61.805	107.9	101.5	83.8
6.1181	61.810	108.0	101.7	84.0
6.1181	61.815	108.3	101.6	84.0
6.1182	61.820	108.6	102.2	84.6
6.1182	61.825	108.7	102.2	84.8
6.1183	61.830	108.1	101.6	84.4
6.1183	61.835	107.3	100.8	83.6
6.1184	61.840	106.8	100.5	83.2
6.1185	61.845	106.5	100.2	83.0
6.1185	61.850	106.4	100.1	82.7
6.1185	61.855	106.4	100.2	82.9
6.1186	61.860	106.8	100.5	83.0
6.1186	61.865	107.3	100.9	83.5
6.1187	61.870	107.5	101.2	83.8
6.1188	61.875	107.5	101.0	83.9
6.1188	61.880	107.3	100.9	83.5
6.1189	61.885	107.5	101.3	83.7
6.1189	61.890	108.2	101.9	84.1
6.1189	61.895	108.5	102.2	84.5
6.1190	61.900	108.1	102.1	84.4
6.1190	61.905	107.8	101.6	84.4
6.1191	61.910	107.1	100.9	83.5
6.1192	61.915	106.5	100.2	82.9
6.1192	61.920	106.2	100.0	82.5
6.1193	61.925	106.3	100.0	82.5
6.1193	61.930	106.6	100.3	82.6
6.1193	61.935	106.6	100.3	82.5
6.1194	61.940	106.8	100.4	82.7
6.1195	61.945	107.1	100.8	83.0
6.1195	61.950	107.6	101.4	83.4
6.1196	61.955	108.0	101.7	84.3
6.1196	61.960	108.1	101.8	84.2
6.1197	61.965	107.8	101.5	84.1
6.1197	61.970	107.5	101.3	83.9
6.1197	61.975	107.6	101.5	84.0
6.1198	61.980	107.7	101.5	84.4
6.1198	61.985	107.2	101.0	84.0
6.1199	61.990	106.8	100.8	83.4
6.1200	61.995	106.6	100.7	83.4
6.1200	62.000	106.4	100.3	83.2
6.1200	62.005	105.5	99.7	82.6
6.1201	62.010	105.2	99.4	82.3
6.1201	62.015	105.0	99.1	82.0
6.1202	62.020	104.3	98.4	81.5
6.1203	62.025	103.9	98.0	81.0
6.1203	62.030	103.9	98.1	81.0
6.1204	62.035	103.8	98.1	81.4
6.1204	62.040	102.9	97.2	81.2
6.1204	62.045	102.2	96.6	80.1
6.1205	62.050	102.8	96.9	80.1
6.1205	62.055	103.4	97.6	80.7
6.1206	62.060	103.6	97.8	80.9
6.1206	62.065	104.0	98.2	81.3
6.1207	62.070	103.8	98.2	81.6
6.1208	62.075	103.7	98.0	81.6
6.1208	62.080	102.6	96.9	80.9
6.1208	62.085	102.6	97.0	80.3
6.1209	62.090	103.3	97.7	81.1
6.1209	62.095	103.4	97.6	81.0
6.1210	62.100	103.4	97.7	81.0
6.1211	62.105	103.3	97.4	80.9
6.1211	62.110	103.4	97.6	80.9
6.1212	62.115	103.4	97.7	81.1
6.1212	62.120	103.2	97.5	81.1
6.1212	62.125	103.6	98.0	81.4
6.1213	62.130	103.6	98.0	81.9
6.1213	62.135	103.8	98.2	81.7
6.1214	62.140	104.2	98.6	82.2
6.1215	62.145	103.9	98.4	82.3
6.1215	62.150	103.9	98.4	82.1
6.1216	62.155	104.0	98.4	82.0
6.1216	62.160	104.1	98.4	81.8
6.1216	62.165	104.7	98.9	81.9
6.1217	62.170	105.7	99.9	82.7
6.1218	62.175	105.6	99.8	83.1
6.1218	62.180	105.5	99.6	82.6
6.1219	62.185	105.5	99.5	82.4
6.1219	62.190	105.4	99.6	82.3
6.1220	62.195	105.9	100.0	82.5
6.1220	62.200	106.4	100.5	83.0
6.1220	62.205	106.8	100.8	83.3
6.1221	62.210	107.3	101.4	84.0
6.1221	62.215	107.3	101.2	84.1
6.1222	62.220	107.5	101.5	84.1
6.1223	62.225	107.6	101.5	84.2
6.1223	62.230	107.1	101.1	84.0
6.1223	62.235	107.0	101.0	83.5
6.1224	62.240	107.3	101.3	84.0
6.1224	62.245	107.0	100.9	83.8
6.1225	62.250	106.8	100.8	83.4
6.1226	62.255	106.7	100.7	83.3
6.1226	62.260	106.7	100.6	83.1
6.1227	62.265	106.7	100.5	83.3
6.1227	62.270	107.0	101.0	83.7
6.1227	62.275	106.4	100.3	83.3
6.1228	62.280	106.9	100.7	83.5
6.1228	62.285	107.1	100.9	83.7
6.1229	62.290	107.4	101.3	83.8
6.1230	62.295	106.9	100.7	83.6
6.1230	62.300	106.5	100.2	83.0
6.1231	62.305	106.2	100.0	82.8
6.1231	62.310	105.7	99.4	82.3
6.1231	62.315	105.7	99.6	82.1
6.1232	62.320	106.0	100.0	82.6
6.1233	62.325	105.8	99.8	82.5
6.1233	62.330	105.9	99.7	82.6
6.1234	62.335	106.2	99.9	82.6
6.1234	62.340	106.8	100.7	82.9
6.1235	62.345	107.6	101.1	83.8
6.1235	62.350	107.6	101.2	83.7
6.1235	62.355	107.6	101.3	83.8
6.1236	62.360	107.3	101.1	83.6
6.1236	62.365	107.9	101.7	84.1
6.1237	62.370	108.4	102.2	84.5
6.1238	62.375	109.0	102.6	85.2
6.1238	62.380	108.5	102.4	85.2
6.1239	62.385	108.0	101.7	84.4
6.1239	62.390	107.5	101.1	83.8
6.1239	62.395	107.4	101.2	83.7
6.1240	62.400	107.4	101.0	83.7
6.1241	62.405	107.6	101.4	83.7
6.1241	62.410	108.0	101.8	83.9
6.1242	62.415	108.1	101.8	84.2
6.1242	62.420	107.7	101.4	83.8
6.1242	62.425	107.2	100.8	83.2
6.1243	62.430	106.9	100.6	82.9
6.1243	62.435	106.5	100.1	82.5
6.1244	62.440	106.7	100.3	82.5
6.1244	62.445	107.3	100.9	83.0
6.1245	62.450	107.5	101.2	83.6
6.1246	62.455	107.8	101.5	83.8
6.1246	62.460	108.1	101.8	84.1
6.1246	62.465	108.4	102.1	84.2
6.1247	62.470	108.8	102.5	84.8
6.1247	62.475	108.8	102.6	84.9
6.1248	62.480	108.1	101.9	84.3
6.1249	62.485	107.9	101.8	84.1
6.1249	62.490	107.9	101.6	83.9
6.1250	62.495	108.2	101.7	83.7
6.1250	62.500	108.4	102.0	84.2
6.1250	62.505	108.7	102.4	84.4
6.1251	62.510	108.8	102.6	84.7
6.1251	62.515	109.0	102.7	84.9
6.1252	62.520	109.4	102.9	85.1
6.1253	62.525	109.0	102.6	85.0
6.1253	62.530	108.6	102.1	84.5
6.1254	62.535	108.2	101.9	84.2
6.1254	62.540	108.3	102.0	83.9
6.1254	62.545	108.0	101.7	84.1
6.1255	62.550	107.9	101.6	84.1
6.1256	62.555	107.7	101.3	84.0
6.1256	62.560	107.4	101.1	83.8
6.1257	62.565	107.6	101.4	83.9
6.1257	62.570	108.2	101.9	84.4
6.1258	62.575	108.2	101.8	84.8
6.1258	62.580	108.2	101.8	84.8
6.1258	62.585	108.7	102.4	84.9
6.1259	62.590	109.2	102.9	85.5
6.1259	62.595	109.1	102.9	85.7
6.1260	62.600	109.2	102.9	85.5
6.1261	62.605	109.1	102.8	85.6
6.1261	62.610	109.3	103.1	85.7
6.1261	62.615	109.5	103.2	86.0
6.1262	62.620	109.3	103.1	85.7
6.1262	62.625	109.2	103.0	85.8
6.1263	62.630	109.0	102.6	85.4
6.1264	62.635	108.9	102.5	85.0
6.1264	62.640	108.2	102.0	84.6
6.1265	62.645	108.6	102.3	84.5
6.1265	62.650	109.1	102.9	85.3
6.1265	62.655	109.3	103.0	85.5
6.1266	62.660	109.2	102.8	85.4
6.1266	62.665	109.3	102.8	85.3
6.1267	62.670	109.4	103.1	85.8
6.1267	62.675	109.4	103.0	85.9
6.1268	62.680	109.4	103.0	85.4
6.1269	62.685	109.7	103.3	85.5
6.1269	62.690	109.8	103.4	85.8
6.1269	62.695	109.3	102.8	85.4
6.1270	62.700	109.3	103.0	85.3
6.1270	62.705	109.3	103.0	85.6
6.1271	62.710	109.7	103.5	85.9
6.1272	62.715	109.4	103.2	86.1
6.1272	62.720	108.5	102.2	85.5
6.1273	62.725	107.7	101.6	84.4
6.1273	62.730	108.0	101.8	84.5
6.1273	62.735	108.0	101.7	84.4
6.1274	62.740	108.0	101.7	84.4
6.1274	62.745	108.2	101.8	84.3
6.1275	62.750	107.9	101.7	84.3
6.1276	62.755	108.4	102.2	84.5
6.1276	62.760	108.7	102.4	85.1
6.1277	62.765	109.0	102.7	85.2
6.1277	62.770	109.4	103.1	85.8
6.1277	62.775	109.4	103.1	85.8
6.1278	62.780	109.3	103.0	85.7
6.1279	62.785	108.7	102.5	85.4
6.1279	62.790	108.4	102.0	84.9
6.1280	62.795	107.9	101.6	84.2
6.1280	62.800	107.9	101.6	83.8
6.1280	62.805	108.4	102.1	84.2
6.1281	62.810	109.3	103.0	85.1
6.1281	62.815	109.9	103.6	85.7
6.1282	62.820	110.4	103.9	86.3
6.1282	62.825	110.2	103.8	86.3
6.1283	62.830	109.8	103.4	86.0
6.1284	62.835	109.9	103.9	86.0
6.1284	62.840	109.9	103.8	86.2
6.1284	62.845	110.2	104.2	86.4
6.1285	62.850	110.8	104.7	86.8
6.1285	62.855	110.8	104.6	87.1
6.1286	62.860	110.7	104.5	86.6
6.1287	62.865	110.6	104.5	86.9
6.1287	62.870	111.2	105.0	86.8
6.1288	62.875	111.9	105.8	87.7
6.1288	62.880	112.2	105.9	88.1
6.1288	62.885	111.7	105.4	88.0
6.1289	62.890	111.6	105.4	87.6
6.1289	62.895	111.4	105.2	87.6
6.1290	62.900	111.0	104.7	87.3
6.1291	62.905	110.9	104.6	87.0
6.1291	62.910	110.9	104.7	87.1
6.1292	62.915	111.1	104.8	87.0
6.1292	62.920	111.0	104.7	86.9
6.1292	62.925	111.0	104.8	87.0
6.1293	62.930	111.0	104.7	86.9
6.1294	62.935	111.1	104.8	87.2
6.1294	62.940	110.8	104.5	86.9
6.1295	62.945	110.5	104.4	86.6
6.1295	62.950	110.6	104.3	86.5
6.1296	62.955	110.5	104.4	86.5
6.1296	62.960	110.7	104.4	86.5
6.1296	62.965	110.5	104.2	86.5
6.1297	62.970	110.1	103.9	86.1
6.1297	62.975	110.3	104.0	86.1
6.1298	62.980	110.2	104.0	86.3
6.1299	62.985	110.5	104.1	86.3
6.1299	62.990	110.8	104.4	86.3
6.1300	62.995	111.2	104.9	86.9
6.1300	63.000	111.0	104.5	86.7
6.1300	63.005	110.9	104.7	86.8
6.1301	63.010	111.1	105.0	87.0
6.1302	63.015	111.1	104.9	86.9
6.1302	63.020	110.9	104.5	86.7
6.1303	63.025	110.4	104.0	86.4
6.1303	63.030	110.4	104.0	86.1
6.1303	63.035	110.5	104.3	86.4
6.1304	63.040	110.8	104.4	86.6
6.1304	63.045	110.6	104.3	86.5
6.1305	63.050	110.4	104.2	86.3
6.1305	63.055	110.1	103.8	86.1
6.1306	63.060	109.9	103.6	86.0
6.1307	63.065	110.1	104.0	86.1
6.1307	63.070	110.1	104.0	86.1
6.1307	63.075	110.5	104.3	86.3
6.1308	63.080	110.5	104.4	86.5
6.1308	63.085	110.1	103.9	86.2
6.1309	63.090	109.7	103.6	85.9
6.1310	63.095	109.8	103.5	85.7
6.1310	63.100	109.9	103.9	85.6
6.1311	63.105	110.6	104.4	86.3
6.1311	63.110	110.9	104.8	86.9
6.1311	63.115	110.8	104.6	86.8
6.1312	63.120	110.7	104.6	86.8
6.1312	63.125	110.5	104.4	86.8
6.1313	63.130	110.2	104.4	86.6
6.1314	63.135	110.2	104.2	86.8
6.1314	63.140	109.8	103.7	86.3
6.1315	63.145	110.3	104.2	86.5
6.1315	63.150	110.7	104.6	87.0
6.1315	63.155	111.1	105.1	87.1
6.1316	63.160	110.9	104.7	87.1
6.1317	63.165	110.2	103.8	86.1
6.1317	63.170	109.9	103.5	85.6
6.1318	63.175	110.2	104.0	85.9
6.1318	63.180	110.6	104.5	86.2
6.1319	63.185	111.0	104.9	86.7
6.1319	63.190	111.3	105.2	87.2
6.1319	63.195	111.3	105.3	87.5
6.1320	63.200	111.0	105.0	87.2
6.1320	63.205	111.0	105.0	87.0
6.1321	63.210	111.2	104.8	87.1
6.1322	63.215	111.3	105.2	87.2
6.1322	63.220	111.4	105.1	87.2
6.1322	63.225	111.3	105.2	87.0
6.1323	63.230	111.2	105.1	87.0
6.1323	63.235	111.1	105.0	86.8
6.1324	63.240	111.6	105.3	87.1
6.1325	63.245	111.8	105.7	87.2
6.1325	63.250	111.4	105.3	87.3
6.1326	63.255	110.8	104.5	86.5
6.1326	63.260	110.7	104.6	86.4
6.1326	63.265	110.9	105.0	86.9
6.1327	63.270	110.8	104.6	87.0
6.1327	63.275	110.4	104.2	86.4
6.1328	63.280	110.8	104.6	86.7
6.1328	63.285	110.4	104.3	86.9
6.1329	63.290	110.1	103.9	86.6
6.1330	63.295	110.1	104.0	86.5
6.1330	63.300	110.3	104.3	86.6
6.1330	63.305	110.7	104.6	86.7
6.1331	63.310	110.7	104.9	87.1
6.1331	63.315	110.8	104.9	87.2
6.1332	63.320	110.9	105.0	87.4
6.1333	63.325	110.7	104.7	87.4
6.1333	63.330	110.6	104.6	86.9
6.1334	63.335	110.9	104.8	87.1
6.1334	63.340	111.1	104.9	87.0
6.1334	63.345	111.3	105.2	87.2
6.1335	63.350	111.5	105.4	87.2
6.1335	63.355	112.1	105.9	87.9
6.1336	63.360	111.8	105.6	87.7
6.1337	63.365	112.0	105.8	87.8
6.1337	63.370	112.4	106.3	88.1
6.1338	63.375	112.5	106.4	88.5
6.1338	63.380	112.5	106.3	88.5
6.1338	63.385	112.7	106.6	88.7
6.1339	63.390	112.7	106.6	88.7
6.1340	63.395	112.6	106.5	88.6
6.1340	63.400	112.6	106.5	88.6
6.1341	63.405	112.3	106.2	88.5
6.1341	63.410	112.0	105.7	88.0
6.1341	63.415	111.9	105.5	87.5
6.1342	63.420	112.0	105.8	87.7
6.1342	63.425	111.8	105.6	87.7
6.1343	63.430	112.0	105.9	87.6
6.1343	63.435	112.3	106.1	87.7
6.1344	63.440	112.5	106.4	88.1
6.1345	63.445	113.0	106.9	88.8
6.1345	63.450	112.7	106.8	88.9
6.1345	63.455	112.9	106.8	88.7
6.1346	63.460	112.9	106.7	88.7
6.1346	63.465	112.9	106.7	88.7
6.1347	63.470	112.9	107.0	88.6
6.1348	63.475	113.0	106.8	89.0
6.1348	63.480	112.9	106.7	88.6
6.1349	63.485	112.9	106.9	88.7
6.1349	63.490	112.9	106.8	88.9
6.1349	63.495	112.6	106.4	88.5
6.1350	63.500	112.6	106.6	88.3
6.1350	63.505	113.0	106.9	88.9
6.1351	63.510	113.1	107.1	89.0
6.1352	63.515	112.9	106.8	88.8
6.1352	63.520	113.1	107.0	89.1
6.1353	63.525	112.8	106.8	89.1
6.1353	63.530	112.4	106.5	88.5
6.1353	63.535	112.5	106.5	88.6
6.1354	63.540	112.2	106.3	88.4
6.1355	63.545	111.5	105.6	87.9
6.1355	63.550	111.6	105.5	87.3
6.1356	63.555	112.2	106.0	88.2
6.1356	63.560	112.6	106.5	88.7
6.1357	63.565	112.7	106.6	88.8
6.1357	63.570	112.5	106.6	88.9
6.1357	63.575	112.2	106.1	88.4
6.1358	63.580	111.9	106.0	88.0
6.1358	63.585	111.9	106.0	88.1
6.1359	63.590	112.3	106.2	88.2
6.1360	63.595	112.3	106.4	88.2
6.1360	63.600	112.7	106.7	88.7
6.1361	63.605	112.7	106.6	88.7
6.1361	63.610	112.8	106.8	88.7
6.1361	63.615	113.0	107.0	88.8
6.1362	63.620	113.5	107.5	89.1
6.1363	63.625	114.3	108.2	90.1
6.1363	63.630	114.8	108.7	90.6
6.1364	63.635	114.7	108.5	90.6
6.1364	63.640	114.4	108.2	90.4
6.1364	63.645	113.8	107.8	90.0
6.1365	63.650	113.4	107.5	89.8
6.1365	63.655	112.8	106.9	89.7
6.1366	63.660	111.9	106.0	88.7
6.1366	63.665	112.1	106.4	88.6
6.1367	63.670	112.9	107.0	89.2
6.1368	63.675	113.2	107.3	89.8
6.1368	63.680	113.5	107.5	89.9
6.1368	63.685	113.8	108.0	90.2
6.1369	63.690	114.6	108.7	90.8
6.1369	63.695	115.5	109.5	91.4
6.1370	63.700	115.9	109.7	91.7
6.1371	63.705	115.5	109.3	91.5
6.1371	63.710	115.2	108.9	91.1
6.1372	63.715	115.0	108.6	90.7
6.1372	63.720	114.8	108.3	90.6
6.1372	63.725	114.7	108.2	90.4
6.1373	63.730	114.1	107.8	90.1
6.1373	63.735	113.9	107.5	89.5
6.1374	63.740	113.6	107.2	89.5
6.1375	63.745	113.6	107.4	89.5
6.1375	63.750	113.7	107.5	89.5
6.1376	63.755	113.5	107.2	89.4
6.1376	63.760	113.5	107.3	89.5
6.1376	63.765	113.7	107.5	89.6
6.1377	63.770	114.2	108.2	90.0
6.1378	63.775	114.4	108.3	90.4
6.1378	63.780	114.3	108.1	90.3
6.1379	63.785	114.4	108.2	90.4
6.1379	63.790	113.7	107.7	90.3
6.1380	63.795	113.4	107.3	89.6
6.1380	63.800	113.9	107.9	89.8
6.1380	63.805	114.3	108.4	90.6
6.1381	63.810	114.5	108.4	90.7
6.1381	63.815	114.6	108.5	90.8
6.1382	63.820	114.6	108.5	90.6
6.1383	63.825	114.7	108.6	90.7
6.1383	63.830	114.6	108.2	90.6
6.1383	63.835	114.5	108.4	90.4
6.1384	63.840	114.2	107.9	90.1
6.1384	63.845	114.3	108.0	89.9
6.1385	63.850	114.6	108.4	90.2
6.1386	63.855	115.2	109.0	90.9
6.1386	63.860	115.5	109.3	91.2
6.1387	63.865	115.7	109.5	91.7
6.1387	63.870	115.8	109.7	91.9
6.1387	63.875	115.5	109.4	91.7
6.1388	63.880	114.8	108.7	91.2
6.1388	63.885	114.4	108.2	90.8
6.1389	63.890	114.0	107.9	90.1
6.1390	63.895	113.4	107.3	89.8
6.1390	63.900	113.3	107.0	89.6
6.1391	63.905	113.5	107.3	89.7
6.1391	63.910	113.5	107.5	89.6
6.1391	63.915	114.1	108.0	90.2
6.1392	63.920	114.3	108.2	90.6
6.1392	63.925	114.7	108.7	91.0
6.1393	63.930	114.8	108.6	91.1
6.1394	63.935	114.7	108.5	90.8
6.1394	63.940	114.6	108.5	90.9
6.1395	63.945	114.2	108.1	90.6
6.1395	63.950	114.2	108.1	90.7
6.1395	63.955	113.7	107.6	90.4
6.1396	63.960	114.3	108.3	90.8
6.1396	63.965	114.2	108.2	90.8
6.1397	63.970	114.1	107.9	90.6
6.1398	63.975	114.3	107.8	90.3
6.1398	63.980	114.4	108.1	90.1
6.1399	63.985	114.2	107.8	89.9
6.1399	63.990	113.8	107.4	89.6
6.1399	63.995	113.1	106.9	88.9
6.1400	64.000	112.9	106.7	88.6
6.1401	64.005	112.9	106.6	88.5
6.1401	64.010	113.0	106.8	88.7
6.1402	64.015	113.3	106.9	88.6
6.1402	64.020	113.0	106.6	88.6
6.1402	64.025	113.0	106.6	88.3
6.1403	64.030	113.2	106.9	88.5
6.1403	64.035	113.0	106.5	88.7
6.1404	64.040	112.8	106.3	88.1
6.1404	64.045	112.7	106.3	88.1
6.1405	64.050	112.9	106.3	88.0
6.1406	64.055	112.6	106.1	87.9
6.1406	64.060	112.5	106.0	87.8
6.1406	64.065	112.3	106.0	87.9
6.1407	64.070	112.5	106.3	88.1
6.1407	64.075	112.3	106.0	88.1
6.1408	64.080	112.2	105.9	88.0
6.1409	64.085	112.8	106.6	88.4
6.1409	64.090	113.2	107.0	88.9
6.1410	64.095	113.2	106.7	88.9
6.1410	64.100	113.6	107.1	88.9
6.1410	64.105	114.0	107.6	89.6
6.1411	64.110	113.6	107.2	89.3
6.1411	64.115	113.3	106.7	88.7
6.1412	64.120	113.2	106.8	88.6
6.1413	64.125	112.9	106.5	88.8
6.1413	64.130	112.4	106.0	88.4
6.1414	64.135	112.4	106.0	88.1
6.1414	64.140	112.2	105.9	88.0
6.1414	64.145	112.4	106.0	88.3
6.1415	64.150	112.4	105.9	87.9
6.1416	64.155	112.8	106.3	88.2
6.1416	64.160	113.4	107.0	88.9
6.1417	64.165	113.4	107.0	89.2
6.1417	64.170	113.7	107.2	89.3
6.1418	64.175	113.6	107.2	89.5
6.1418	64.180	112.7	106.3	88.9
6.1418	64.185	111.8	105.5	87.9
6.1419	64.190	111.4	105.2	87.4
6.1419	64.195	111.2	105.0	87.4
6.1420	64.200	110.3	104.0	87.0
6.1421	64.205	109.5	103.3	86.1
6.1421	64.210	109.9	103.8	86.4
6.1421	64.215	110.0	103.8	86.7
6.1422	64.220	109.6	103.4	86.4
6.1422	64.225	109.3	103.3	86.1
6.1423	64.230	109.3	103.3	86.2
6.1424	64.235	108.2	102.4	85.8
6.1424	64.240	107.3	101.3	84.7
6.1425	64.245	107.1	101.1	84.6
6.1425	64.250	106.9	101.0	84.4
6.1425	64.255	107.1	101.3	84.6
6.1426	64.260	107.8	102.0	85.0
6.1426	64.265	108.0	102.0	85.2
6.1427	64.270	108.3	102.0	84.9
6.1428	64.275	108.5	102.3	84.8
6.1428	64.280	109.0	102.8	85.3
6.1429	64.285	109.2	103.2	85.6
6.1429	64.290	109.6	103.2	85.7
6.1429	64.295	109.9	103.8	86.3
6.1430	64.300	109.8	103.7	86.4
6.1431	64.305	109.5	103.3	86.4
6.1431	64.310	109.4	103.3	86.2
6.1432	64.315	109.2	102.9	86.0
6.1432	64.320	109.0	102.8	85.9
6.1433	64.325	108.5	102.5	85.5
6.1433	64.330	108.5	102.5	85.7
6.1433	64.335	108.0	101.9	85.2
6.1434	64.340	107.9	101.9	84.9
6.1434	64.345	107.4	101.5	85.0
6.1435	64.350	107.0	101.1	84.7
6.1436	64.355	106.8	101.0	84.4
6.1436	64.360	106.5	100.7	84.0
6.1437	64.365	106.1	100.2	83.6
6.1437	64.370	105.6	99.8	83.4
6.1437	64.375	105.2	99.3	83.2
6.1438	64.380	105.3	99.4	83.3
6.1439	64.385	105.4	99.6	83.1
6.1439	64.390	106.1	100.4	83.7
6.1440	64.395	106.5	100.7	84.0
6.1440	64.400	107.0	101.0	84.3
6.1441	64.405	107.5	101.5	84.5
6.1441	64.410	108.0	101.9	85.1
6.1441	64.415	107.5	101.2	84.6
6.1442	64.420	107.2	100.9	84.1
6.1442	64.425	107.2	101.0	83.9
6.1443	64.430	107.9	101.7	84.5
6.1444	64.435	107.8	101.7	84.8
6.1444	64.440	107.9	101.7	84.7
6.1444	64.445	107.9	101.7	84.8
6.1445	64.450	107.6	101.4	84.6
6.1445	64.455	107.3	101.2	84.1
6.1446	64.460	107.8	101.7	84.3
6.1447	64.465	108.0	101.7	84.8
6.1447	64.470	108.0	101.9	84.8
6.1448	64.475	107.9	101.7	84.6
6.1448	64.480	108.3	102.1	85.0
6.1448	64.485	108.3	102.2	85.2
6.1449	64.490	108.5	102.3	85.2
6.1449	64.495	108.7	102.4	85.4
6.1450	64.500	108.7	102.5	85.5
6.1450	64.505	108.4	102.2	85.2
6.1451	64.510	108.5	102.3	85.2
6.1452	64.515	108.7	102.7	85.8
6.1452	64.520	108.6	102.3	85.6
6.1452	64.525	108.8	102.5	85.5
6.1453	64.530	108.7	102.6	85.8
6.1453	64.535	108.4	102.3	85.6
6.1454	64.540	107.9	101.7	85.0
6.1455	64.545	107.9	101.7	84.8
6.1455	64.550	107.8	101.6	84.8
6.1456	64.555	107.8	101.6	84.7
6.1456	64.560	107.9	101.7	84.8
6.1456	64.565	108.3	102.2	85.1
6.1457	64.570	108.7	102.5	85.7
6.1457	64.575	108.6	102.6	85.7
6.1458	64.580	108.5	102.6	85.7
6.1459	64.585	108.7	102.7	85.8
6.1459	64.590	108.4	102.4	85.7
6.1460	64.595	107.8	101.9	85.4
6.1460	64.600	107.6	101.7	85.0
6.1460	64.605	106.9	100.9	84.7
6.1461	64.610	105.8	100.0	83.7
6.1462	64.615	105.8	100.1	83.4
6.1462	64.620	106.1	100.5	84.1
6.1463	64.625	105.8	100.0	83.8
6.1463	64.630	106.0	100.2	83.5
6.1463	64.635	106.9	101.1	84.3
6.1464	64.640	107.4	101.5	85.0
6.1464	64.645	107.1	101.3	84.5
6.1465	64.650	107.1	101.2	84.5
6.1465	64.655	106.8	100.9	84.4
6.1466	64.660	106.2	100.4	83.8
6.1467	64.665	105.9	100.3	83.6
6.1467	64.670	106.0	100.3	83.6
6.1467	64.675	106.2	100.4	83.8
6.1468	64.680	105.7	100.1	83.3
6.1468	64.685	105.8	99.8	83.2
6.1469	64.690	105.6	100.0	83.4
6.1470	64.695	105.5	99.7	83.2
6.1470	64.700	105.4	99.6	82.9
6.1471	64.705	105.5	99.8	83.2
6.1471	64.710	106.1	100.3	83.6
6.1471	64.715	106.1	100.2	83.7
6.1472	64.720	105.5	99.5	83.2
6.1472	64.725	105.6	99.8	83.1
6.1473	64.730	105.8	99.8	83.4
6.1474	64.735	105.5	99.6	82.9
6.1474	64.740	105.9	100.0	83.0
6.1475	64.745	106.3	100.2	83.4
6.1475	64.750	106.0	100.0	83.3
6.1475	64.755	106.0	100.0	83.2
6.1476	64.760	106.3	100.3	83.4
6.1477	64.765	106.5	100.5	83.7
6.1477	64.770	106.6	100.6	83.8
6.1478	64.775	106.6	100.5	83.7
6.1478	64.780	106.5	100.4	83.5
6.1479	64.785	106.3	100.0	83.1
6.1479	64.790	106.3	100.3	83.2
6.1479	64.795	106.4	100.5	83.5
6.1480	64.800	106.4	100.3	83.4
6.1480	64.805	106.3	100.3	83.4
6.1481	64.810	106.2	100.2	83.3
6.1482	64.815	106.4	100.6	83.7
6.1482	64.820	106.2	100.4	83.8
6.1482	64.825	105.7	99.9	83.6
6.1483	64.830	105.3	99.8	83.1
6.1483	64.835	105.4	99.8	83.1
6.1484	64.840	105.8	100.1	83.2
6.1485	64.845	105.9	100.1	83.1
6.1485	64.850	106.0	100.3	83.4
6.1486	64.855	106.1	100.3	83.5
6.1486	64.860	105.9	100.3	83.5
6.1486	64.865	106.2	100.4	83.7
6.1487	64.870	106.7	100.7	83.7
6.1487	64.875	106.8	100.7	83.8
6.1488	64.880	107.2	101.5	84.0
6.1489	64.885	107.6	101.6	84.4
6.1489	64.890	107.8	101.7	84.5
6.1490	64.895	108.0	102.0	84.9
6.1490	64.900	108.4	102.4	85.1
6.1490	64.905	108.8	102.7	85.4
6.1491	64.910	108.9	102.7	85.7
6.1492	64.915	109.0	102.9	85.5
6.1492	64.920	109.1	103.0	85.6
6.1493	64.925	109.3	103.1	85.9
6.1493	64.930	109.3	103.3	85.9
6.1494	64.935	109.5	103.3	86.0
6.1494	64.940	109.4	103.1	85.9
6.1494	64.945	109.3	102.9	85.6
6.1495	64.950	109.5	103.3	85.7
6.1495	64.955	110.3	104.2	86.3
6.1496	64.960	110.5	104.3	87.0
6.1497	64.965	110.6	104.4	87.2
6.1497	64.970	110.5	104.3	87.2
6.1498	64.975	109.9	103.7	86.7
6.1498	64.980	109.7	103.6	86.6
6.1498	64.985	108.9	102.8	86.2
6.1499	64.990	108.6	102.7	85.9
6.1500	64.995	109.1	103.1	86.1
6.1500	65.000	109.6	103.5	86.3
6.1501	65.005	109.5	103.3	86.4
6.1501	65.010	109.0	102.8	85.7
6.1502	65.015	109.2	103.0	85.9
6.1502	65.020	109.5	103.1	86.1
6.1502	65.025	109.9	103.7	86.3
6.1503	65.030	110.2	104.0	86.8
6.1503	65.035	110.3	103.9	86.8
6.1504	65.040	110.8	104.3	86.9
6.1505	65.045	111.2	104.9	87.5
6.1505	65.050	111.2	104.9	88.1
6.1505	65.055	110.8	104.3	87.7
6.1506	65.060	110.1	103.7	86.9
6.1506	65.065	109.9	103.6	86.5
6.1507	65.070	109.8	103.3	86.4
6.1508	65.075	109.9	103.7	86.3
6.1508	65.080	109.8	103.7	86.7
6.1509	65.085	109.7	103.4	86.7
6.1509	65.090	109.6	103.8	86.8
6.1509	65.095	109.4	103.5	86.7
6.1510	65.100	109.2	103.4	86.8
6.1510	65.105	108.9	103.4	87.0
6.1511	65.110	108.3	102.7	86.7
6.1511	65.115	107.5	101.9	86.0
6.1512	65.120	107.6	102.2	85.8
6.1513	65.125	107.9	102.3	86.2
6.1513	65.130	108.4	102.8	86.3
6.1513	65.135	108.7	103.1	86.2
6.1514	65.140	109.5	103.8	86.7
6.1514	65.145	109.8	103.8	87.1
6.1515	65.150	109.8	103.9	87.0
6.1516	65.155	109.9	104.0	87.2
6.1516	65.160	110.2	104.2	87.2
6.1517	65.165	110.5	104.6	87.6
6.1517	65.170	110.1	104.1	87.4
6.1517	65.175	109.8	104.0	87.0
6.1518	65.180	109.6	103.5	86.6
6.1518	65.185	109.8	103.9	86.8
6.1519	65.190	109.7	104.0	86.8
6.1520	65.195	110.1	104.1	86.8
6.1520	65.200	110.3	104.5	87.2
6.1521	65.205	110.7	104.9	87.6
6.1521	65.210	111.3	105.2	87.9
6.1521	65.215	111.7	105.6	88.3
6.1522	65.220	111.9	105.7	88.5
6.1523	65.225	111.5	105.4	88.3
6.1523	65.230	111.3	105.2	87.9
6.1524	65.235	111.3	105.2	87.9
6.1524	65.240	111.3	105.3	87.8
6.1524	65.245	111.6	105.5	88.0
6.1525	65.250	111.9	105.8	88.4
6.1525	65.255	112.2	106.0	88.8
6.1526	65.260	112.0	105.9	88.8
6.1526	65.265	111.8	105.6	88.4
6.1527	65.270	111.8	105.7	88.1
6.1528	65.275	112.4	106.4	88.9
6.1528	65.280	112.3	106.2	88.8
6.1528	65.285	112.2	105.9	88.5
6.1529	65.290	112.0	105.7	88.1
6.1529	65.295	112.2	106.0	88.2
6.1530	65.300	112.2	105.9	88.5
6.1531	65.305	111.5	105.2	87.8
6.1531	65.310	111.6	105.3	87.3
6.1532	65.315	112.1	105.9	87.7
6.1532	65.320	112.9	106.7	88.6
6.1532	65.325	113.2	106.7	88.9
6.1533	65.330	113.1	106.7	88.6
6.1533	65.335	113.4	107.1	88.9
6.1534	65.340	113.5	106.9	88.9
6.1535	65.345	113.3	107.0	88.9
6.1535	65.350	113.3	106.8	88.9
6.1536	65.355	113.0	106.7	88.7
6.1536	65.360	113.0	106.8	88.8
6.1536	65.365	112.9	106.7	88.8
6.1537	65.370	112.9	106.5	88.8
6.1538	65.375	112.9	106.5	88.7
6.1538	65.380	113.1	106.5	88.5
6.1539	65.385	112.9	106.4	88.2
6.1539	65.390	112.6	106.1	88.1
6.1540	65.395	113.0	106.4	88.3
6.1540	65.400	112.8	106.3	88.4
6.1540	65.405	112.5	105.9	87.8
6.1541	65.410	112.6	106.2	87.7
6.1541	65.415	112.6	106.1	87.9
6.1542	65.420	112.3	105.9	87.9
6.1543	65.425	112.1	105.8	87.8
6.1543	65.430	112.1	106.1	88.1
6.1543	65.435	112.5	106.4	88.7
6.1544	65.440	112.4	106.4	89.0
6.1544	65.445	113.1	107.0	89.2
6.1545	65.450	113.2	107.0	89.5
6.1546	65.455	113.0	106.8	89.2
6.1546	65.460	112.7	106.5	89.0
6.1547	65.465	113.0	106.9	89.1
6.1547	65.470	113.3	107.4	90.0
6.1547	65.475	112.8	106.7	89.7
6.1548	65.480	112.0	106.1	88.8
6.1548	65.485	112.1	106.1	88.8
6.1549	65.490	112.4	106.3	88.8
6.1550	65.495	112.4	106.1	88.6
6.1550	65.500	112.1	105.9	88.4
6.1551	65.505	111.7	105.7	88.2
6.1551	65.510	111.8	105.6	88.0
6.1551	65.515	111.7	105.6	88.1
6.1552	65.520	111.7	105.5	87.8
6.1553	65.525	112.3	106.2	88.5
6.1553	65.530	111.9	105.7	88.2
6.1554	65.535	112.0	106.0	88.4
6.1554	65.540	112.7	106.5	88.7
6.1555	65.545	112.6	106.5	88.9
6.1555	65.550	112.3	106.1	88.5
6.1555	65.555	112.5	106.3	88.4
6.1556	65.560	112.6	106.4	88.6
6.1556	65.565	112.6	106.5	88.7
6.1557	65.570	112.0	105.7	88.2
6.1558	65.575	112.0	105.9	87.8
6.1558	65.580	112.0	105.7	87.8
6.1559	65.585	112.4	106.3	88.0
6.1559	65.590	112.7	106.5	88.7
6.1559	65.595	112.4	106.2	88.4
6.1560	65.600	112.5	106.3	88.3
6.1561	65.605	112.9	106.6	88.4
6.1561	65.610	113.4	107.2	89.3
6.1562	65.615	113.7	107.5	89.4
6.1562	65.620	113.7	107.4	89.6
6.1562	65.625	114.1	107.7	89.8
6.1563	65.630	114.1	108.0	90.1
6.1563	65.635	113.6	107.3	89.7
6.1564	65.640	113.7	107.4	89.5
6.1564	65.645	113.6	107.3	89.5
6.1565	65.650	113.3	106.9	89.2
6.1566	65.655	112.8	106.3	88.4
6.1566	65.660	113.1	106.5	88.2
6.1566	65.665	113.6	107.1	88.9
6.1567	65.670	113.6	107.1	89.1
6.1567	65.675	113.5	107.1	88.9
6.1568	65.680	113.6	107.2	89.0
6.1569	65.685	113.8	107.2	89.1
6.1569	65.690	113.8	107.3	89.4
6.1570	65.695	113.2	106.8	89.1
6.1570	65.700	113.3	107.0	88.8
6.1570	65.705	113.4	107.0	89.3
6.1571	65.710	113.2	107.0	89.3
6.1571	65.715	112.8	106.5	89.1
6.1572	65.720	112.3	106.2	88.6
6.1572	65.725	112.9	106.7	89.0
6.1573	65.730	113.6	107.2	89.3
6.1574	65.735	113.5	107.3	89.1
6.1574	65.740	113.3	106.9	89.2
6.1574	65.745	112.6	106.4	88.7
6.1575	65.750	112.5	106.2	88.5
6.1575	65.755	112.3	106.1	88.8
6.1576	65.760	112.2	106.1	88.7
6.1577	65.765	112.2	106.1	88.7
6.1577	65.770	112.3	106.3	88.8
6.1578	65.775	112.5	106.5	88.8
6.1578	65.780	112.9	106.7	89.2
6.1578	65.785	112.8	106.5	89.0
6.1579	65.790	113.3	107.1	89.2
6.1579	65.795	113.7	107.5	89.6
6.1580	65.800	114.0	107.7	89.7
6.1581	65.805	113.9	107.5	89.8
6.1581	65.810	113.5	107.0	89.2
6.1582	65.815	112.9	106.4	88.5
6.1582	65.820	112.4	106.0	88.4
6.1582	65.825	111.9	105.6	87.9
6.1583	65.830	111.9	105.7	87.8
6.1584	65.835	112.2	106.1	88.1
6.1584	65.840	112.7	106.4	88.6
6.1585	65.845	113.3	107.0	89.1
6.1585	65.850	113.5	107.2	89.4
6.1585	65.855	113.0	106.7	89.0
6.1586	65.860	113.1	106.7	88.5
6.1586	65.865	113.4	107.1	89.0
6.1587	65.870	113.1	106.7	88.9
6.1587	65.875	112.9	106.6	88.5
6.1588	65.880	112.7	106.3	88.5
6.1589	65.885	112.9	106.5	88.4
6.1589	65.890	112.7	106.2	88.4
6.1589	65.895	112.6	106.2	88.1
6.1590	65.900	112.7	106.3	88.1
6.1590	65.905	112.7	106.3	88.0
6.1591	65.910	113.4	107.0	89.0
6.1592	65.915	113.3	106.8	88.8
6.1592	65.920	113.2	106.8	88.7
6.1593	65.925	113.2	106.8	88.9
6.1593	65.930	112.5	106.0	88.2
6.1593	65.935	112.7	106.3	87.9
6.1594	65.940	112.7	106.4	88.0
6.1594	65.945	113.4	107.1	88.8
6.1595	65.950	113.5	107.0	89.0
6.1596	65.955	113.8	107.2	89.0
6.1596	65.960	114.0	107.7	89.2
6.1597	65.965	113.9	107.4	89.2
6.1597	65.970	113.8	107.4	88.9
6.1597	65.975	114.1	107.7	89.2
6.1598	65.980	113.6	107.1	89.1
6.1599	65.985	113.0	106.6	88.4
6.1599	65.990	112.8	106.5	88.1
6.1600	65.995	112.7	106.4	87.9
6.1600	66.000	112.7	106.5	87.8
6.1601	66.005	112.5	106.3	87.9
6.1601	66.010	111.6	105.4	87.6
6.1601	66.015	110.4	104.2	86.3
6.1602	66.020	109.4	103.2	85.8
6.1602	66.025	108.3	102.2	85.0
6.1603	66.030	108.1	102.3	84.7
6.1604	66.035	106.9	101.1	84.4
6.1604	66.040	104.4	98.4	82.5
6.1604	66.045	100.9	95.1	79.9
6.1605	66.050	97.2	91.7	77.0
6.1605	66.055	94.9	89.9	75.3
6.1606	66.060	94.0	89.1	74.2
6.1607	66.065	94.2	89.2	74.1
6.1607	66.070	95.6	90.5	74.8
6.1608	66.075	97.8	92.6	76.0
6.1608	66.080	99.9	94.2	77.3
6.1608	66.085	102.6	96.7	78.9
6.1609	66.090	105.9	99.9	81.3
6.1609	66.095	109.3	103.2	84.3
6.1610	66.100	110.9	104.6	86.1
6.1611	66.105	111.6	105.3	87.2
6.1611	66.110	111.8	105.5	87.6
6.1612	66.115	111.2	105.1	87.4
6.1612	66.120	110.0	103.7	86.2
6.1612	66.125	109.2	103.2	85.9
6.1613	66.130	107.8	101.8	84.9
6.1614	66.135	107.3	101.2	84.3
6.1614	66.140	107.4	101.6	84.2
6.1615	66.145	108.4	102.4	84.6
6.1615	66.150	108.5	102.5	85.1
6.1616	66.155	108.3	102.5	85.4
6.1616	66.160	107.9	101.9	84.9
6.1616	66.165	107.9	101.9	84.4
6.1617	66.170	108.9	102.8	84.8
6.1617	66.175	109.3	102.9	84.9
6.1618	66.180	109.7	103.3	85.3
6.1619	66.185	109.3	103.0	85.2
6.1619	66.190	109.0	102.5	84.6
6.1620	66.195	109.0	102.6	84.2
6.1620	66.200	109.3	103.0	84.7
6.1620	66.205	109.0	102.6	84.5
6.1621	66.210	108.5	102.2	84.1
6.1622	66.215	108.2	101.9	83.6
6.1622	66.220	108.5	102.2	83.9
6.1623	66.225	108.4	102.3	84.2
6.1623	66.230	108.5	102.3	84.4
6.1623	66.235	108.7	102.4	84.5
6.1624	66.240	108.6	102.4	84.4
6.1624	66.245	109.2	102.9	84.7
6.1625	66.250	109.7	103.4	84.9
6.1625	66.255	109.8	103.3	84.8
6.1626	66.260	110.1	103.6	85.2
6.1627	66.265	110.5	104.1	85.5
6.1627	66.270	110.8	104.5	86.0
6.1627	66.275	110.2	103.7	85.4
6.1628	66.280	110.3	104.0	85.4
6.1628	66.285	110.6	104.2	85.9
6.1629	66.290	110.6	104.2	85.8
6.1630	66.295	110.9	104.6	86.2
6.1630	66.300	111.5	105.3	87.0
6.1631	66.305	111.6	105.2	87.0
6.1631	66.310	111.0	104.7	86.4
6.1631	66.315	111.1	104.7	86.4
6.1632	66.320	111.4	105.0	86.5
6.1632	66.325	111.3	105.0	86.4
6.1633	66.330	111.4	105.2	86.6
6.1633	66.335	111.7	105.3	87.0
6.1634	66.340	110.0	103.6	86.2
6.1635	66.345	107.7	101.4	84.2
6.1635	66.350	105.6	99.8	82.8
6.1635	66.355	105.5	99.7	82.0
6.1636	66.360	105.6	99.5	82.0
6.1636	66.365	105.6	99.5	81.9
6.1637	66.370	106.1	99.9	82.1
6.1638	66.375	106.4	100.1	82.2
6.1638	66.380	106.7	100.6	82.5
6.1639	66.385	107.3	101.1	82.8
6.1639	66.390	108.0	101.7	83.5
6.1639	66.395	108.3	101.8	83.5
6.1640	66.400	108.0	101.7	83.2
6.1640	66.405	108.3	101.9	83.4
6.1641	66.410	107.7	101.2	83.3
6.1642	66.415	106.8	100.4	82.5
6.1642	66.420	106.4	100.2	82.0
6.1643	66.425	107.2	100.8	82.3
6.1643	66.430	108.2	102.1	83.2
6.1643	66.435	108.5	102.4	84.0
6.1644	66.440	108.0	101.7	83.7
6.1645	66.445	108.2	102.0	83.8
6.1645	66.450	108.6	102.3	84.0
6.1646	66.455	108.5	102.3	83.9
6.1646	66.460	108.5	102.2	83.8
6.1646	66.465	109.2	103.0	84.4
6.1647	66.470	109.7	103.5	85.3
6.1647	66.475	110.1	104.0	85.5
6.1648	66.480	110.2	103.9	85.5
6.1648	66.485	110.0	103.8	85.3
6.1649	66.490	110.1	103.9	85.5
6.1650	66.495	110.1	103.8	85.4
6.1650	66.500	109.8	103.7	85.3
6.1650	66.505	110.0	103.7	85.4
6.1651	66.510	110.2	104.0	85.8
6.1651	66.515	110.1	104.0	85.7
6.1652	66.520	109.5	103.3	85.5
6.1653	66.525	109.2	103.1	84.9
6.1653	66.530	109.4	103.3	85.1
6.1654	66.535	109.4	103.2	84.9
6.1654	66.540	109.6	103.5	85.2
6.1654	66.545	110.2	104.1	85.4
6.1655	66.550	110.4	104.4	86.1
6.1655	66.555	110.2	104.0	85.9
6.1656	66.560	110.1	104.1	86.0
6.1657	66.565	109.8	104.0	86.0
6.1657	66.570	109.8	103.8	86.0
6.1658	66.575	110.0	103.9	86.2
6.1658	66.580	110.1	104.1	86.1
6.1658	66.585	110.9	104.9	86.4
6.1659	66.590	111.2	105.0	86.6
6.1660	66.595	111.3	104.9	86.6
6.1660	66.600	111.4	104.9	86.5
6.1661	66.605	111.4	105.0	86.3
6.1661	66.610	111.6	105.1	86.5
6.1662	66.615	112.1	105.7	86.8
6.1662	66.620	112.1	105.6	87.2
6.1662	66.625	111.8	105.5	86.9
6.1663	66.630	111.9	105.6	86.9
6.1663	66.635	111.7	105.3	87.0
6.1664	66.640	111.3	105.1	86.6
6.1665	66.645	111.3	105.1	86.7
6.1665	66.650	110.9	104.7	86.6
6.1665	66.655	110.8	104.8	86.6
6.1666	66.660	110.9	104.6	86.4
6.1666	66.665	110.7	104.4	86.1
6.1667	66.670	110.7	104.6	86.1
6.1668	66.675	110.7	104.4	86.0
6.1668	66.680	110.8	104.5	86.3
6.1669	66.685	111.2	105.0	86.4
6.1669	66.690	111.4	105.2	86.9
6.1669	66.695	111.2	104.9	86.7
6.1670	66.700	110.7	104.5	86.4
6.1670	66.705	110.5	104.1	85.8
6.1671	66.710	110.3	104.0	85.7
6.1672	66.715	109.3	103.0	85.3
6.1672	66.720	108.1	102.0	84.6
6.1673	66.725	107.3	101.2	83.8
6.1673	66.730	106.5	100.6	83.3
6.1673	66.735	106.3	100.4	83.0
6.1674	66.740	107.5	101.6	83.5
6.1675	66.745	109.0	103.0	84.6
6.1675	66.750	110.0	103.9	85.3
6.1676	66.755	110.5	104.2	85.8
6.1676	66.760	110.2	103.8	85.5
6.1677	66.765	110.7	104.5	85.9
6.1677	66.770	110.9	104.5	86.3
6.1677	66.775	110.9	104.7	86.3
6.1678	66.780	110.8	104.5	86.2
6.1678	66.785	110.4	104.1	86.1
6.1679	66.790	110.0	103.7	85.6
6.1680	66.795	109.6	103.3	85.2
6.1680	66.800	109.5	103.4	85.1
6.1681	66.805	110.1	103.8	85.6
6.1681	66.810	110.6	104.4	85.6
6.1681	66.815	111.7	105.4	86.3
6.1682	66.820	112.3	105.9	87.3
6.1683	66.825	112.2	105.8	87.3
6.1683	66.830	112.3	105.8	87.3
6.1684	66.835	112.0	105.6	87.2
6.1684	66.840	112.2	105.8	87.3
6.1684	66.845	111.8	105.4	87.0
6.1685	66.850	111.8	105.4	86.8
6.1685	66.855	112.0	105.6	86.9
6.1686	66.860	111.8	105.5	87.1
6.1686	66.865	111.4	105.2	86.7
6.1687	66.870	111.2	104.8	86.4
6.1688	66.875	111.4	105.1	86.4
6.1688	66.880	111.8	105.7	86.9
6.1688	66.885	112.1	105.9	87.5
6.1689	66.890	111.7	105.4	87.1
6.1689	66.895	111.1	105.0	86.7
6.1690	66.900	110.7	104.6	86.6
6.1691	66.905	109.8	103.7	86.3
6.1691	66.910	108.5	102.6	85.3
6.1692	66.915	107.5	101.9	84.8
6.1692	66.920	106.8	101.4	84.4
6.1692	66.925	106.3	101.1	84.7
6.1693	66.930	105.9	100.7	84.3
6.1693	66.935	106.6	101.2	84.4
6.1694	66.940	106.6	101.3	84.6
6.1694	66.945	106.8	101.3	84.5
6.1695	66.950	106.6	101.1	84.6
6.1696	66.955	107.0	101.5	84.7
6.1696	66.960	107.6	101.9	85.0
6.1696	66.965	108.5	102.8	85.1
6.1697	66.970	109.6	103.6	85.6
6.1697	66.975	110.4	104.4	86.0
6.1698	66.980	112.2	106.1	86.9
6.1699	66.985	113.4	107.3	88.7
6.1699	66.990	113.6	107.4	89.1
6.1700	66.995	113.3	107.1	88.8
6.1700	67.000	113.3	107.0	88.5
6.1700	67.005	113.2	106.9	88.6
6.1701	67.010	113.5	107.0	88.3
6.1701	67.015	113.6	106.9	88.3
6.1702	67.020	113.7	107.1	88.2
6.1703	67.025	113.3	106.6	88.0
6.1703	67.030	112.9	106.3	87.5
6.1704	67.035	113.1	106.4	87.4
6.1704	67.040	112.8	106.2	87.3
6.1704	67.045	112.6	106.1	87.0
6.1705	67.050	112.8	106.2	87.3
6.1706	67.055	112.6	106.0	87.2
6.1706	67.060	112.6	106.0	87.3
6.1707	67.065	112.6	106.1	87.3
6.1707	67.070	113.0	106.4	87.7
6.1707	67.075	113.6	107.1	88.2
6.1708	67.080	113.9	107.2	88.9
6.1708	67.085	113.0	106.4	88.1
6.1709	67.090	112.1	105.7	87.4
6.1709	67.095	111.7	105.2	86.9
6.1710	67.100	111.8	105.4	87.0
6.1711	67.105	112.3	106.1	87.3
6.1711	67.110	112.7	106.4	87.9
6.1711	67.115	112.7	106.2	87.6
6.1712	67.120	112.5	106.0	87.4
6.1712	67.125	112.6	106.3	87.6
6.1713	67.130	112.5	106.0	87.6
6.1714	67.135	112.7	106.0	87.1
6.1714	67.140	112.9	106.3	87.4
6.1715	67.145	112.9	106.4	87.5
6.1715	67.150	113.0	106.3	87.7
6.1715	67.155	112.9	106.4	87.6
6.1716	67.160	113.0	106.3	87.5
6.1716	67.165	112.8	106.3	87.2
6.1717	67.170	112.8	106.3	87.5
6.1718	67.175	113.0	106.4	87.7
6.1718	67.180	112.7	106.0	87.3
6.1719	67.185	112.8	106.0	87.0
6.1719	67.190	113.1	106.4	87.1
6.1719	67.195	113.0	106.3	87.2
6.1720	67.200	112.8	106.1	87.2
6.1721	67.205	112.9	106.3	87.5
6.1721	67.210	112.9	106.4	87.4
6.1722	67.215	112.9	106.3	87.6
6.1722	67.220	112.3	105.9	87.2
6.1723	67.225	112.6	106.1	87.3
6.1723	67.230	112.6	106.1	87.5
6.1723	67.235	112.4	106.0	87.5
6.1724	67.240	112.1	105.8	87.5
6.1724	67.245	111.3	105.0	87.0
6.1725	67.250	111.0	104.7	86.8
6.1726	67.255	111.3	105.2	86.9
6.1726	67.260	111.8	105.6	87.5
6.1726	67.265	112.3	105.8	87.3
6.1727	67.270	112.3	106.0	87.2
6.1727	67.275	112.0	105.7	86.9
6.1728	67.280	111.8	105.5	86.6
6.1729	67.285	111.8	105.6	86.7
6.1729	67.290	111.7	105.3	86.7
6.1730	67.295	111.7	105.2	86.5
6.1730	67.300	111.8	105.3	86.5
6.1730	67.305	111.5	105.2	86.5
6.1731	67.310	111.8	105.3	86.7
6.1731	67.315	111.9	105.6	87.1
6.1732	67.320	111.9	105.6	87.0
6.1733	67.325	111.8	105.4	86.7
6.1733	67.330	111.4	105.1	86.7
6.1734	67.335	111.0	104.6	86.2
6.1734	67.340	110.8	104.3	85.7
6.1734	67.345	110.9	104.7	85.8
6.1735	67.350	110.9	104.6	85.6
6.1736	67.355	111.5	105.3	86.1
6.1736	67.360	111.9	105.5	86.6
6.1737	67.365	111.7	105.2	86.7
6.1737	67.370	111.6	105.3	86.8
6.1738	67.375	111.7	105.5	86.8
6.1738	67.380	111.8	105.6	86.7
6.1738	67.385	112.4	106.2	87.0
6.1739	67.390	112.8	106.4	87.6
6.1739	67.395	112.2	105.9	87.5
6.1740	67.400	111.8	105.2	86.8
6.1741	67.405	111.5	105.0	86.6
6.1741	67.410	111.4	104.9	86.5
6.1742	67.415	111.5	105.0	86.2
6.1742	67.420	111.7	105.2	86.3
6.1742	67.425	112.0	105.6	86.9
6.1743	67.430	112.7	106.4	87.5
6.1744	67.435	112.6	106.1	87.8
6.1744	67.440	112.4	105.9	87.4
6.1745	67.445	112.5	106.1	87.7
6.1745	67.450	112.2	105.8	87.4
6.1745	67.455	112.1	105.8	87.3
6.1746	67.460	112.3	106.0	87.3
6.1746	67.465	112.2	105.8	87.4
6.1747	67.470	112.3	106.0	87.4
6.1747	67.475	112.7	106.4	87.9
6.1748	67.480	113.3	106.9	88.5
6.1749	67.485	113.1	106.7	88.4
6.1749	67.490	113.1	106.6	88.1
6.1749	67.495	113.2	106.6	88.2
6.1750	67.500	113.0	106.6	88.1
6.1750	67.505	113.0	106.8	88.3
6.1751	67.510	112.8	106.5	88.2
6.1752	67.515	112.4	106.2	88.0
6.1752	67.520	112.5	106.5	88.2
6.1753	67.525	112.0	106.0	87.9
6.1753	67.530	112.3	106.3	87.9
6.1753	67.535	112.4	106.3	87.9
6.1754	67.540	112.4	106.4	87.9
6.1754	67.545	112.1	105.8	87.7
6.1755	67.550	111.9	105.7	87.4
6.1756	67.555	111.7	105.7	87.3
6.1756	67.560	111.7	105.7	87.2
6.1757	67.565	112.0	106.0	87.5
6.1757	67.570	111.9	105.9	87.5
6.1757	67.575	111.7	105.6	87.4
6.1758	67.580	112.0	106.1	87.3
6.1758	67.585	112.6	106.5	87.9
6.1759	67.590	113.5	107.6	89.0
6.1760	67.595	113.8	107.9	89.6
6.1760	67.600	114.0	107.9	89.6
6.1761	67.605	114.1	107.9	89.5
6.1761	67.610	114.0	107.8	89.1
6.1761	67.615	114.2	108.1	89.2
6.1762	67.620	114.3	108.2	89.4
6.1762	67.625	113.9	107.8	89.4
6.1763	67.630	113.2	107.2	89.0
6.1764	67.635	112.5	106.5	88.5
6.1764	67.640	112.5	106.5	88.6
6.1764	67.645	112.7	106.6	88.5
6.1765	67.650	113.2	107.1	88.6
6.1765	67.655	113.2	107.1	88.7
6.1766	67.660	113.2	107.1	88.8
6.1767	67.665	112.5	106.4	88.9
6.1767	67.670	112.0	106.2	88.4
6.1768	67.675	111.5	105.5	88.3
6.1768	67.680	111.1	105.2	87.7
6.1768	67.685	111.3	105.2	87.5
6.1769	67.690	111.7	105.5	87.9
6.1769	67.695	111.8	105.8	87.7
6.1770	67.700	111.8	105.5	87.7
6.1770	67.705	112.0	105.8	87.6
6.1771	67.710	111.9	105.6	87.5
6.1772	67.715	111.9	105.6	87.3
6.1772	67.720	112.0	105.7	87.3
6.1772	67.725	112.4	106.0	87.8
6.1773	67.730	112.0	105.9	87.6
6.1773	67.735	111.6	105.3	87.2
6.1774	67.740	111.2	104.9	86.7
6.1775	67.745	110.9	104.5	86.4
6.1775	67.750	110.6	104.2	86.0
6.1776	67.755	110.4	104.2	86.1
6.1776	67.760	109.9	103.6	85.7
6.1776	67.765	109.0	102.8	85.3
6.1777	67.770	108.3	102.2	85.0
6.1777	67.775	107.2	101.2	84.6
6.1778	67.780	105.9	99.9	83.1
6.1779	67.785	107.4	101.5	83.8
6.1779	67.790	108.6	102.7	85.0
6.1780	67.795	109.4	103.5	85.6
6.1780	67.800	110.3	104.4	86.5
6.1780	67.805	110.9	104.9	87.2
6.1781	67.810	111.4	105.2	87.5
6.1782	67.815	111.9	105.7	88.0
6.1782	67.820	111.8	105.6	87.7
6.1783	67.825	111.5	105.4	87.4
6.1783	67.830	110.3	104.1	86.7
6.1784	67.835	108.2	102.0	85.5
6.1784	67.840	106.4	100.3	83.4
6.1784	67.845	105.8	100.0	82.7
6.1785	67.850	105.7	100.0	82.9
6.1785	67.855	105.8	100.0	83.2
6.1786	67.860	105.5	99.7	82.9
6.1787	67.865	105.7	100.0	83.0
6.1787	67.870	106.9	101.1	83.7
6.1787	67.875	108.2	102.3	85.1
6.1788	67.880	108.9	102.8	85.8
6.1788	67.885	108.8	102.7	85.9
6.1789	67.890	109.0	103.0	85.9
6.1790	67.895	109.6	103.4	86.2
6.1790	67.900	110.3	104.1	86.9
6.1791	67.905	109.9	103.8	86.7
6.1791	67.910	110.1	103.9	86.6
6.1791	67.915	110.8	104.4	86.8
6.1792	67.920	110.4	104.1	86.7
6.1792	67.925	110.7	104.3	86.5
6.1793	67.930	111.0	104.7	86.6
6.1794	67.935	111.8	105.3	87.1
6.1794	67.940	112.2	105.8	87.7
6.1795	67.945	112.5	106.1	88.0
6.1795	67.950	112.8	106.4	88.5
6.1795	67.955	112.4	106.1	88.1
6.1796	67.960	112.3	105.7	87.8
6.1797	67.965	112.0	105.5	87.3
6.1797	67.970	111.9	105.6	87.4
6.1798	67.975	112.1	105.9	87.7
6.1798	67.980	112.3	106.0	87.9
6.1799	67.985	111.9	105.6	87.6
6.1799	67.990	111.6	105.2	87.3
6.1799	67.995	111.4	105.1	87.1
6.1800	68.000	111.5	105.1	87.1
6.1800	68.005	112.1	105.7	87.2
6.1801	68.010	112.6	106.2	87.8
6.1802	68.015	112.7	106.2	88.0
6.1802	68.020	113.3	106.9	88.6
6.1803	68.025	113.4	106.9	88.6
6.1803	68.030	112.9	106.6	88.5
6.1803	68.035	112.3	105.9	88.0
6.1804	68.040	112.1	105.8	87.5
6.1805	68.045	112.4	106.0	88.0
6.1805	68.050	112.4	105.9	87.9
6.1806	68.055	112.0	105.5	87.6
6.1806	68.060	112.1	105.7	87.4
6.1806	68.065	112.1	105.6	87.5
6.1807	68.070	111.6	105.3	87.3
6.1807	68.075	111.7	105.4	87.1
6.1808	68.080	111.8	105.5	87.4
6.1808	68.085	111.6	105.3	87.0
6.1809	68.090	111.4	105.1	86.6
6.1810	68.095	111.9	105.5	87.0
6.1810	68.100	112.0	105.8	87.5
6.1810	68.105	111.5	105.2	86.9
6.1811	68.110	111.4	105.1	86.6
6.1811	68.115	112.2	105.9	87.2
6.1812	68.120	112.2	105.7	87.4
6.1813	68.125	112.2	105.6	87.1
6.1813	68.130	112.2	105.5	87.0
6.1814	68.135	111.8	105.3	86.7
6.1814	68.140	111.6	105.0	86.3
6.1814	68.145	111.9	105.3	86.4
6.1815	68.150	112.1	105.7	86.8
6.1815	68.155	112.2	105.8	87.1
6.1816	68.160	111.9	105.2	86.9
6.1817	68.165	111.9	105.4	86.9
6.1817	68.170	112.1	105.4	86.8
6.1818	68.175	112.1	105.4	86.9
6.1818	68.180	112.0	105.3	86.6
6.1818	68.185	112.4	105.9	86.8
6.1819	68.190	112.7	106.1	87.4
6.1819	68.195	112.5	105.9	87.4
6.1820	68.200	111.8	105.4	87.0
6.1821	68.205	111.4	104.8	86.7
6.1821	68.210	111.3	104.8	86.4
6.1822	68.215	111.4	105.1	86.4
6.1822	68.220	111.2	104.9	86.3
6.1822	68.225	111.4	104.9	86.2
6.1823	68.230	111.6	105.1	86.6
6.1823	68.235	111.6	105.1	86.7
6.1824	68.240	111.4	105.0	86.8
6.1825	68.245	111.6	105.3	86.8
6.1825	68.250	112.0	105.7	87.1
6.1825	68.255	111.7	105.6	87.3
6.1826	68.260	111.1	105.0	86.8
6.1826	68.265	111.2	105.0	86.9
6.1827	68.270	111.0	104.9	86.9
6.1828	68.275	110.8	104.5	86.5
6.1828	68.280	110.7	104.5	86.3
6.1829	68.285	110.9	104.6	86.4
6.1829	68.290	110.8	104.6	86.3
6.1829	68.295	111.1	104.8	86.2
6.1830	68.300	111.3	105.1	86.3
6.1830	68.305	111.4	105.1	86.7
6.1831	68.310	111.3	104.8	86.1
6.1831	68.315	111.4	105.2	86.3
6.1832	68.320	111.7	105.3	86.8
6.1833	68.325	111.8	105.5	87.0
6.1833	68.330	111.2	105.0	87.0
6.1833	68.335	110.4	104.0	86.0
6.1834	68.340	110.7	104.3	85.9
6.1834	68.345	111.2	104.8	86.3
6.1835	68.350	111.3	105.0	86.6
6.1836	68.355	111.1	104.9	86.5
6.1836	68.360	111.4	105.4	86.5
6.1837	68.365	112.0	105.8	87.2
6.1837	68.370	111.7	105.4	87.0
6.1837	68.375	111.4	105.2	86.4
6.1838	68.380	111.3	105.0	86.5
6.1838	68.385	111.2	105.1	86.5
6.1839	68.390	111.5	105.2	86.7
6.1840	68.395	111.2	105.0	86.6
6.1840	68.400	111.1	104.9	86.8
6.1841	68.405	110.9	104.8	86.6
6.1841	68.410	110.3	104.1	86.3
6.1841	68.415	110.5	104.4	85.9
6.1842	68.420	111.4	105.3	86.4
6.1843	68.425	112.2	106.0	87.3
6.1843	68.430	112.4	106.3	87.6
6.1844	68.435	112.5	106.1	87.8
6.1844	68.440	112.1	105.9	87.7
6.1845	68.445	112.1	105.9	87.6
6.1845	68.450	112.4	106.4	87.9
6.1845	68.455	112.4	106.2	88.0
6.1846	68.460	112.7	106.5	88.0
6.1846	68.465	112.7	106.6	88.3
6.1847	68.470	113.2	107.2	88.6
6.1848	68.475	113.5	107.5	88.9
6.1848	68.480	113.4	107.0	88.8
6.1848	68.485	112.9	106.5	88.2
6.1849	68.490	112.8	106.7	88.2
6.1849	68.495	112.8	106.7	88.4
6.1850	68.500	112.6	106.5	88.2
6.1851	68.505	112.6	106.6	88.3
6.1851	68.510	112.9	106.8	88.7
6.1852	68.515	112.4	106.2	88.6
6.1852	68.520	111.7	105.7	87.7
6.1852	68.525	111.2	105.3	87.5
6.1853	68.530	110.9	105.0	87.1
6.1853	68.535	111.1	105.3	87.5
6.1854	68.540	111.1	105.3	87.8
6.1855	68.545	110.3	104.4	87.4
6.1855	68.550	109.9	104.1	86.8
6.1856	68.555	110.0	104.2	86.6
6.1856	68.560	110.0	104.1	86.7
6.1856	68.565	109.8	103.9	86.1
6.1857	68.570	110.2	104.3	86.7
6.1858	68.575	110.6	104.7	87.0
6.1858	68.580	111.2	105.1	87.2
6.1859	68.585	111.9	105.8	87.6
6.1859	68.590	112.3	106.3	88.3
6.1860	68.595	112.4	106.4	88.4
6.1860	68.600	112.5	106.2	88.1
6.1860	68.605	112.8	106.6	88.5
6.1861	68.610	112.7	106.6	88.7
6.1861	68.615	112.5	106.4	88.1
6.1862	68.620	112.7	106.5	88.2
6.1863	68.625	112.7	106.6	88.1
6.1863	68.630	112.6	106.3	88.0
6.1864	68.635	112.7	106.7	88.2
6.1864	68.640	112.8	106.5	88.4
6.1864	68.645	112.5	106.4	88.3
6.1865	68.650	112.4	106.1	87.9
6.1866	68.655	112.6	106.3	87.9
6.1866	68.660	112.6	106.3	88.1
6.1867	68.665	112.1	105.8	87.7
6.1867	68.670	111.6	105.4	87.2
6.1867	68.675	111.2	105.1	87.1
6.1868	68.680	110.8	104.6	86.8
6.1868	68.685	110.7	104.5	86.6
6.1869	68.690	110.4	104.3	86.2
6.1869	68.695	109.7	103.7	85.9
6.1870	68.700	109.5	103.3	85.3
6.1871	68.705	109.8	103.8	85.7
6.1871	68.710	110.2	104.2	86.1
6.1871	68.715	109.9	103.9	86.1
6.1872	68.720	109.7	103.7	85.7
6.1872	68.725	109.4	103.3	85.1
6.1873	68.730	109.4	103.3	85.3
6.1874	68.735	109.2	103.0	84.9
6.1874	68.740	109.1	103.1	84.7
6.1875	68.745	109.2	103.0	85.0
6.1875	68.750	109.8	103.4	85.0
6.1875	68.755	110.3	104.2	85.5
6.1876	68.760	110.2	104.0	85.5
6.1876	68.765	110.0	103.8	85.3
6.1877	68.770	110.4	104.2	85.6
6.1878	68.775	110.6	104.4	86.0
6.1878	68.780	110.7	104.5	86.2
6.1879	68.785	111.0	104.7	86.4
6.1879	68.790	111.3	105.1	86.8
6.1879	68.795	111.2	104.8	86.8
6.1880	68.800	111.3	105.0	86.6
6.1881	68.805	111.7	105.4	87.1
6.1881	68.810	111.5	105.4	87.3
6.1882	68.815	111.2	104.8	86.8
6.1882	68.820	111.4	105.0	86.7
6.1883	68.825	111.5	105.2	87.1
6.1883	68.830	111.0	104.7	86.6
6.1883	68.835	111.1	104.7	86.6
6.1884	68.840	111.1	105.0	86.7
6.1884	68.845	111.3	105.3	87.2
6.1885	68.850	111.4	105.5	87.4
6.1886	68.855	111.2	105.2	87.4
6.1886	68.860	110.7	104.7	87.0
6.1886	68.865	109.8	104.0	86.5
6.1887	68.870	109.7	104.1	86.3
6.1887	68.875	109.5	103.7	86.1
6.1888	68.880	109.2	103.5	85.8
6.1889	68.885	108.4	102.6	85.2
6.1889	68.890	108.3	102.4	84.9
6.1890	68.895	108.3	102.5	84.8
6.1890	68.900	108.4	102.7	85.2
6.1890	68.905	108.4	102.7	85.3
6.1891	68.910	108.3	102.7	85.5
6.1891	68.915	107.1	101.6	84.8
6.1892	68.920	106.6	101.0	84.1
6.1892	68.925	106.8	101.4	84.2
6.1893	68.930	107.5	102.1	84.9
6.1894	68.935	108.1	102.8	85.5
6.1894	68.940	109.2	103.8	86.4
6.1894	68.945	109.3	104.0	86.8
6.1895	68.950	109.7	104.1	86.7
6.1895	68.955	110.5	104.9	87.2
6.1896	68.960	111.1	105.5	87.9
6.1897	68.965	111.6	106.1	88.4
6.1897	68.970	111.7	106.1	88.6
6.1898	68.975	112.1	106.6	89.0
6.1898	68.980	112.5	106.7	89.2
6.1898	68.985	112.7	107.0	89.2
6.1899	68.990	112.5	106.8	89.2
6.1899	68.995	113.2	107.4	89.4
6.1900	69.000	113.1	107.3	89.8
6.1901	69.005	112.8	107.0	89.4
6.1901	69.010	112.7	107.0	89.3
6.1902	69.015	112.5	106.7	89.3
6.1902	69.020	112.0	106.5	89.0
6.1902	69.025	112.1	106.4	88.7
6.1903	69.030	112.4	106.7	89.1
6.1904	69.035	112.1	106.3	89.1
6.1904	69.040	112.1	106.4	88.8
6.1905	69.045	112.4	106.8	89.2
6.1905	69.050	112.8	107.3	89.6
6.1905	69.055	113.1	107.3	89.7
6.1906	69.060	113.2	107.3	89.7
6.1906	69.065	113.3	107.4	89.9
6.1907	69.070	112.9	107.1	89.8
6.1907	69.075	112.7	106.8	89.8
6.1908	69.080	112.6	106.9	89.2
6.1909	69.085	113.1	107.3	89.5
6.1909	69.090	113.1	107.1	89.6
6.1909	69.095	112.6	106.8	89.4
6.1910	69.100	112.6	106.8	89.5
6.1910	69.105	112.7	107.0	89.5
6.1911	69.110	112.7	106.8	89.5
6.1912	69.115	112.9	107.3	89.6
6.1912	69.120	113.0	107.2	89.8
6.1913	69.125	113.0	107.3	89.8
6.1913	69.130	113.0	107.4	89.7
6.1913	69.135	113.5	107.9	89.9
6.1914	69.140	113.6	108.1	90.4
6.1914	69.145	113.6	108.1	90.6
6.1915	69.150	113.6	108.2	90.7
6.1916	69.155	113.7	108.2	90.9
6.1916	69.160	114.4	108.7	91.3
6.1917	69.165	114.2	108.8	91.6
6.1917	69.170	114.1	108.7	91.4
6.1917	69.175	113.9	108.3	90.9
6.1918	69.180	114.1	108.5	91.0
6.1919	69.185	114.4	109.0	91.2
6.1919	69.190	114.6	109.1	91.7
6.1920	69.195	114.2	108.7	91.0
6.1920	69.200	114.2	108.6	91.3
6.1921	69.205	113.3	108.1	91.1
6.1921	69.210	112.3	107.2	90.6
6.1921	69.215	111.7	106.7	90.2
6.1922	69.220	111.3	106.6	90.0
6.1922	69.225	111.8	107.1	90.3
6.1923	69.230	112.9	108.1	90.9
6.1924	69.235	113.8	108.6	91.8
6.1924	69.240	113.4	108.3	91.3
6.1925	69.245	112.7	107.7	90.7
6.1925	69.250	112.4	107.2	90.1
6.1925	69.255	112.4	107.3	89.9
6.1926	69.260	113.3	108.0	90.5
6.1927	69.265	113.1	107.8	90.5
6.1927	69.270	113.8	108.3	90.6
6.1928	69.275	114.3	109.0	91.2
6.1928	69.280	114.8	109.3	91.7
6.1928	69.285	115.0	109.6	92.0
6.1929	69.290	114.4	109.0	91.7
6.1929	69.295	114.1	108.9	91.5
6.1930	69.300	113.9	108.5	91.3
6.1931	69.305	113.9	108.4	91.1
6.1931	69.310	113.3	107.7	90.4
6.1932	69.315	113.4	107.8	90.3
6.1932	69.320	113.6	107.9	90.0
6.1932	69.325	113.9	108.3	90.6
6.1933	69.330	114.1	108.6	90.6
6.1933	69.335	114.0	108.5	90.8
6.1934	69.340	113.3	107.9	90.5
6.1935	69.345	112.5	107.2	90.0
6.1935	69.350	112.0	106.9	89.5
6.1936	69.355	112.5	107.4	89.8
6.1936	69.360	113.0	107.7	90.2
6.1936	69.365	113.0	107.4	90.2
6.1937	69.370	112.9	107.2	89.4
6.1937	69.375	113.2	107.5	89.6
6.1938	69.380	113.3	107.7	89.8
6.1939	69.385	113.4	107.9	90.1
6.1939	69.390	112.9	107.3	89.9
6.1940	69.395	112.7	107.2	89.8
6.1940	69.400	113.0	107.5	90.1
6.1940	69.405	113.0	107.6	90.1
6.1941	69.410	112.9	107.5	90.1
6.1942	69.415	112.3	106.8	89.8
6.1942	69.420	111.7	106.3	89.3
6.1943	69.425	111.2	105.8	89.0
6.1943	69.430	111.1	105.8	89.0
6.1944	69.435	111.2	105.8	89.1
6.1944	69.440	111.7	106.3	89.1
6.1944	69.445	112.3	106.8	89.7
6.1945	69.450	112.3	106.6	89.1
6.1945	69.455	113.0	107.3	89.5
6.1946	69.460	113.6	108.0	90.0
6.1947	69.465	114.0	108.4	90.3
6.1947	69.470	114.7	108.9	90.9
6.1947	69.475	115.1	109.4	91.3
6.1948	69.480	115.7	110.0	91.8
6.1948	69.485	115.6	109.8	91.7
6.1949	69.490	115.5	109.8	91.7
6.1950	69.495	115.2	109.6	91.5
6.1950	69.500	114.9	109.4	91.5
6.1951	69.505	114.4	108.8	91.0
6.1951	69.510	113.9	108.3	90.6
6.1951	69.515	113.7	108.1	90.1
6.1952	69.520	113.7	107.9	89.9
6.1952	69.525	113.5	107.7	89.8
6.1953	69.530	113.3	107.7	89.6
6.1953	69.535	113.1	107.4	89.5
6.1954	69.540	112.7	106.8	89.3
6.1955	69.545	112.3	106.4	88.7
6.1955	69.550	112.1	106.3	88.8
6.1955	69.555	111.9	106.1	88.6
6.1956	69.560	111.3	105.5	87.9
6.1956	69.565	111.5	105.8	88.0
6.1957	69.570	111.2	105.7	87.9
6.1958	69.575	111.7	106.0	87.9
6.1958	69.580	112.6	106.9	88.7
6.1959	69.585	113.1	107.5	89.7
6.1959	69.590	113.2	107.6	89.5
6.1959	69.595	113.5	107.7	89.9
6.1960	69.600	113.4	107.5	89.7
6.1960	69.605	113.3	107.4	89.6
6.1961	69.610	113.0	107.1	89.4
6.1962	69.615	112.4	106.6	88.9
6.1962	69.620	112.1	106.4	88.7
6.1963	69.625	111.8	106.0	88.5
6.1963	69.630	111.8	105.9	88.4
6.1963	69.635	111.8	105.8	88.1
6.1964	69.640	111.9	106.1	88.2
6.1965	69.645	111.8	105.8	88.3
6.1965	69.650	112.1	106.2	88.0
6.1966	69.655	112.9	106.9	88.7
6.1966	69.660	112.6	106.6	88.8
6.1966	69.665	112.6	106.6	88.5
6.1967	69.670	112.3	106.2	88.3
6.1967	69.675	112.1	106.0	88.1
6.1968	69.680	112.4	106.3	88.2
6.1968	69.685	112.8	106.7	88.4
6.1969	69.690	113.3	107.1	89.0
6.1970	69.695	113.6	107.8	89.6
6.1970	69.700	114.0	108.0	89.9
6.1970	69.705	114.5	108.6	90.4
6.1971	69.710	114.5	108.5	90.4
6.1971	69.715	114.3	108.4	90.3
6.1972	69.720	114.3	108.4	90.4
6.1973	69.725	114.4	108.5	90.3
6.1973	69.730	114.5	108.5	90.5
6.1974	69.735	114.5	108.5	90.6
6.1974	69.740	114.0	108.1	90.1
6.1974	69.745	113.8	107.7	89.7
6.1975	69.750	113.7	107.9	89.6
6.1975	69.755	113.3	107.4	89.5
6.1976	69.760	112.9	107.1	89.3
6.1977	69.765	112.6	106.7	89.0
6.1977	69.770	112.1	106.3	88.7
6.1978	69.775	111.4	105.6	87.9
6.1978	69.780	111.7	105.9	87.6
6.1978	69.785	112.3	106.3	88.2
6.1979	69.790	112.6	106.8	88.6
6.1980	69.795	113.4	107.4	89.4
6.1980	69.800	113.7	107.8	89.7
6.1981	69.805	114.1	108.2	90.1
6.1981	69.810	113.9	108.0	90.2
6.1982	69.815	113.7	107.9	89.7
6.1982	69.820	114.1	108.0	90.0
6.1982	69.825	114.1	108.1	90.3
6.1983	69.830	113.9	107.8	90.2
6.1983	69.835	112.7	106.7	89.2
6.1984	69.840	112.4	106.5	88.5
6.1985	69.845	112.9	107.3	89.3
6.1985	69.850	113.6	107.8	89.9
6.1986	69.855	113.8	108.0	90.3
6.1986	69.860	113.5	107.6	90.2
6.1986	69.865	113.7	107.9	89.8
6.1987	69.870	114.0	108.0	90.3
6.1988	69.875	113.6	107.8	90.3
6.1988	69.880	113.5	107.8	90.2
6.1989	69.885	112.9	107.1	89.8
6.1989	69.890	112.5	106.7	89.3
6.1989	69.895	112.1	106.4	88.9
6.1990	69.900	111.8	106.1	88.6
6.1990	69.905	111.8	106.1	88.4
6.1991	69.910	111.4	105.6	88.1
6.1992	69.915	111.5	105.7	87.8
6.1992	69.920	112.0	106.2	88.1
6.1993	69.925	111.9	106.1	88.5
6.1993	69.930	111.4	105.6	88.0
6.1993	69.935	110.9	105.1	87.5
6.1994	69.940	109.9	104.2	86.9
6.1994	69.945	109.3	103.6	85.9
6.1995	69.950	109.0	103.6	86.3
6.1996	69.955	108.3	102.8	85.6
6.1996	69.960	107.8	102.4	85.3
6.1997	69.965	107.7	102.2	85.0
6.1997	69.970	108.0	102.7	85.3
6.1997	69.975	108.5	103.3	85.9
6.1998	69.980	108.6	103.4	85.9
6.1998	69.985	108.9	103.4	86.3
6.1999	69.990	108.7	103.2	85.8
6.2000	69.995	108.9	103.4	86.3
6.2000	70.000	109.0	103.3	86.0
6.2001	70.005	109.4	103.9	86.1
6.2001	70.010	109.7	104.3	86.7
6.2001	70.015	109.1	103.6	86.4
6.2002	70.020	108.7	103.5	86.0
6.2003	70.025	108.3	102.8	85.7
6.2003	70.030	108.1	102.3	84.9
6.2004	70.035	108.5	103.2	85.5
6.2004	70.040	108.9	103.4	86.0
6.2005	70.045	108.4	102.9	85.8
6.2005	70.050	108.1	102.7	85.3
6.2005	70.055	108.7	103.1	85.2
6.2006	70.060	109.0	103.5	85.8
6.2006	70.065	109.0	103.7	85.9
6.2007	70.070	109.4	103.7	86.3
6.2008	70.075	109.6	104.0	86.6
6.2008	70.080	109.8	104.0	86.8
6.2008	70.085	110.3	104.6	87.1
6.2009	70.090	110.7	105.0	87.8
6.2009	70.095	110.7	105.1	87.9
6.2010	70.100	110.2	104.6	87.6
6.2011	70.105	109.8	104.3	87.0
6.2011	70.110	109.5	103.7	86.6
6.2012	70.115	109.7	104.1	86.1
6.2012	70.120	110.8	105.2	87.0
6.2012	70.125	110.7	105.0	87.4
6.2013	70.130	110.5	104.7	87.0
6.2013	70.135	110.6	105.0	87.2
6.2014	70.140	110.3	104.5	87.1
6.2014	70.145	109.9	104.3	86.9
6.2015	70.150	109.8	104.0	86.4
6.2016	70.155	110.1	104.3	86.5
6.2016	70.160	110.9	105.2	87.2
6.2016	70.165	110.8	105.1	87.6
6.2017	70.170	110.7	104.9	87.0
6.2017	70.175	111.1	105.2	87.3
6.2018	70.180	111.0	105.1	87.2
6.2019	70.185	110.6	104.5	86.8
6.2019	70.190	110.4	104.4	86.4
6.2020	70.195	110.8	104.6	86.5
6.2020	70.200	110.8	104.8	86.7
6.2020	70.205	110.3	104.3	86.5
6.2021	70.210	110.3	104.3	86.2
6.2021	70.215	110.7	104.8	86.7
6.2022	70.220	110.3	104.6	86.9
6.2023	70.225	110.0	104.2	86.5
6.2023	70.230	109.6	103.9	86.2
6.2024	70.235	109.3	103.6	85.9
6.2024	70.240	109.2	103.3	85.4
6.2024	70.245	109.2	103.3	85.5
6.2025	70.250	108.4	102.6	84.9
6.2026	70.255	108.4	102.7	84.7
6.2026	70.260	108.5	102.8	85.0
6.2027	70.265	107.5	101.7	84.0
6.2027	70.270	108.0	102.3	84.1
6.2027	70.275	108.8	103.1	84.9
6.2028	70.280	109.1	103.4	85.6
6.2028	70.285	109.3	103.5	85.4
6.2029	70.290	109.9	104.2	86.2
6.2029	70.295	109.7	104.0	86.4
6.2030	70.300	110.1	104.5	86.3
6.2031	70.305	110.8	105.0	87.0
6.2031	70.310	110.8	105.1	87.1
6.2031	70.315	110.2	104.5	86.7
6.2032	70.320	110.2	104.5	86.7
6.2032	70.325	110.5	104.8	86.8
6.2033	70.330	111.3	105.6	87.3
6.2034	70.335	111.6	105.9	87.9
6.2034	70.340	111.6	105.8	87.9
6.2035	70.345	111.5	105.6	87.6
6.2035	70.350	111.2	105.4	87.5
6.2035	70.355	110.8	104.9	87.0
6.2036	70.360	110.5	104.6	86.5
6.2036	70.365	110.8	105.0	86.3
6.2037	70.370	111.7	105.8	87.3
6.2038	70.375	112.1	106.3	88.2
6.2038	70.380	112.9	107.1	88.8
6.2039	70.385	112.7	107.0	89.0
6.2039	70.390	112.6	106.9	89.0
6.2039	70.395	112.9	107.1	89.3
6.2040	70.400	112.7	106.9	89.0
6.2041	70.405	112.3	106.6	88.9
6.2041	70.410	112.0	106.2	88.3
6.2042	70.415	112.0	106.2	88.3
6.2042	70.420	112.3	106.6	88.7
6.2043	70.425	112.1	106.3	88.5
6.2043	70.430	111.8	105.9	88.0
6.2043	70.435	111.7	106.0	87.5
6.2044	70.440	112.1	106.4	88.3
6.2044	70.445	111.5	105.6	87.9
6.2045	70.450	111.1	105.4	87.4
6.2046	70.455	111.6	105.8	87.7
6.2046	70.460	112.1	106.4	88.2
6.2046	70.465	112.1	106.1	88.0
6.2047	70.470	112.1	106.2	88.0
6.2047	70.475	112.3	106.2	87.9
6.2048	70.480	112.4	106.2	87.7
6.2049	70.485	112.8	106.6	88.1
6.2049	70.490	112.9	106.9	88.1
6.2050	70.495	113.2	107.1	88.7
6.2050	70.500	113.1	106.9	88.6
6.2050	70.505	113.0	106.9	88.3
6.2051	70.510	113.0	106.7	88.4
6.2051	70.515	112.7	106.5	88.2
6.2052	70.520	112.7	106.9	88.3
6.2053	70.525	112.6	106.8	88.5
6.2053	70.530	112.1	106.3	88.0
6.2054	70.535	112.1	106.1	87.9
6.2054	70.540	111.6	105.8	87.7
6.2054	70.545	111.4	105.7	87.4
6.2055	70.550	111.5	105.8	87.5
6.2056	70.555	111.5	105.7	87.2
6.2056	70.560	112.0	106.3	87.6
6.2057	70.565	112.6	106.7	88.2
6.2057	70.570	112.6	106.8	88.2
6.2058	70.575	112.9	107.1	88.4
6.2058	70.580	113.1	107.2	88.9
6.2058	70.585	112.4	106.6	88.4
6.2059	70.590	112.3	106.5	87.9
6.2059	70.595	112.7	107.0	88.3
6.2060	70.600	112.9	107.1	88.8
6.2061	70.605	113.3	107.6	89.0
6.2061	70.610	113.0	107.2	89.1
6.2062	70.615	112.0	106.3	88.2
6.2062	70.620	111.8	106.0	87.9
6.2062	70.625	111.9	106.3	87.9
6.2063	70.630	112.5	106.9	88.4
6.2064	70.635	112.3	106.7	88.5
6.2064	70.640	112.2	106.6	88.4
6.2065	70.645	112.2	106.4	88.3
6.2065	70.650	112.6	107.1	88.6
6.2066	70.655	113.1	107.6	89.5
6.2066	70.660	113.7	108.3	90.1
6.2066	70.665	114.1	108.4	90.3
6.2067	70.670	114.5	108.7	90.7
6.2067	70.675	114.5	109.0	91.1
6.2068	70.680	114.7	109.2	91.3
6.2069	70.685	114.5	108.7	90.9
6.2069	70.690	114.1	108.3	90.5
6.2069	70.695	114.1	108.5	90.2
6.2070	70.700	114.3	108.8	90.5
6.2070	70.705	114.1	108.5	90.6
6.2071	70.710	114.3	108.6	90.4
6.2072	70.715	114.5	108.8	90.4
6.2072	70.720	114.7	109.1	90.9
6.2073	70.725	114.9	109.2	90.9
6.2073	70.730	114.5	108.7	90.6
6.2073	70.735	113.8	107.9	89.9
6.2074	70.740	113.7	107.9	89.6
6.2074	70.745	113.5	107.5	89.7
6.2075	70.750	112.8	106.8	88.6
6.2075	70.755	113.5	107.6	89.0
6.2076	70.760	115.0	109.0	90.4
6.2077	70.765	115.2	109.3	91.3
6.2077	70.770	115.0	109.0	91.1
6.2077	70.775	114.8	108.9	90.6
6.2078	70.780	114.7	108.8	90.8
6.2078	70.785	114.8	108.9	90.8
6.2079	70.790	115.3	109.5	91.5
6.2080	70.795	115.5	109.6	91.7
6.2080	70.800	115.7	109.7	91.8
6.2081	70.805	116.1	110.3	92.0
6.2081	70.810	116.3	110.3	92.1
6.2081	70.815	116.4	110.5	92.3
6.2082	70.820	116.8	110.9	92.5
6.2082	70.825	116.8	111.0	92.8
6.2083	70.830	116.7	110.9	92.7
6.2084	70.835	116.6	110.7	92.8
6.2084	70.840	116.1	110.4	92.5
6.2085	70.845	116.1	110.4	92.5
6.2085	70.850	115.9	110.2	92.3
6.2085	70.855	115.8	110.0	92.1
6.2086	70.860	115.8	110.1	91.9
6.2087	70.865	116.3	110.5	92.4
6.2087	70.870	116.9	111.1	92.8
6.2088	70.875	117.5	111.7	93.3
6.2088	70.880	117.5	111.4	93.2
6.2088	70.885	117.4	111.5	93.0
6.2089	70.890	117.3	111.3	93.1
6.2089	70.895	117.3	111.3	93.1
6.2090	70.900	117.0	111.2	92.9
6.2090	70.905	116.9	110.9	92.7
6.2091	70.910	116.8	110.7	92.4
6.2092	70.915	116.9	110.8	92.1
6.2092	70.920	116.9	111.1	92.6
6.2092	70.925	117.3	111.4	93.0
6.2093	70.930	117.0	111.0	93.0
6.2093	70.935	116.8	110.8	92.4
6.2094	70.940	116.6	110.7	92.6
6.2095	70.945	116.0	110.2	92.0
6.2095	70.950	115.6	109.5	91.4
6.2096	70.955	115.6	109.6	91.1
6.2096	70.960	115.8	109.7	91.3
6.2096	70.965	116.0	110.0	91.4
6.2097	70.970	116.3	110.3	91.6
6.2097	70.975	116.8	110.8	92.3
6.2098	70.980	116.6	110.6	92.1
6.2099	70.985	116.6	110.7	92.2
6.2099	70.990	116.9	110.8	92.2
6.2100	70.995	116.9	111.1	92.5
6.2100	71.000	117.2	111.2	92.5
6.2100	71.005	117.1	111.1	92.6
6.2101	71.010	116.6	110.5	92.4
6.2102	71.015	116.2	110.1	91.5
6.2102	71.020	116.3	110.3	91.5
6.2103	71.025	116.2	110.3	91.7
6.2103	71.030	116.7	110.6	91.9
6.2104	71.035	116.6	110.5	91.9
6.2104	71.040	117.0	110.9	92.1
6.2104	71.045	116.8	110.6	92.0
6.2105	71.050	116.4	110.4	91.5
6.2105	71.055	116.6	110.6	91.7
6.2106	71.060	116.7	110.8	92.0
6.2107	71.065	116.6	110.6	92.0
6.2107	71.070	116.3	110.5	91.5
6.2107	71.075	117.0	110.9	92.1
6.2108	71.080	116.3	110.1	91.7
6.2108	71.085	116.3	110.1	91.4
6.2109	71.090	116.7	110.7	91.9
6.2110	71.095	116.4	110.5	91.7
6.2110	71.100	116.4	110.3	91.3
6.2111	71.105	116.7	110.8	91.8
6.2111	71.110	116.2	110.1	91.2
6.2111	71.115	116.1	110.1	91.3
6.2112	71.120	116.2	110.2	91.6
6.2112	71.125	116.3	110.3	91.6
6.2113	71.130	115.9	109.9	91.4
6.2114	71.135	115.4	109.5	91.1
6.2114	71.140	115.5	109.6	91.0
6.2115	71.145	115.6	109.4	91.1
6.2115	71.150	115.9	109.7	91.1
6.2115	71.155	115.9	109.9	91.2
6.2116	71.160	115.9	109.7	91.1
6.2117	71.165	115.2	108.9	90.6
6.2117	71.170	114.0	107.6	89.4
6.2118	71.175	113.6	107.6	89.1
6.2118	71.180	113.1	106.8	88.7
6.2119	71.185	112.7	106.4	88.0
6.2119	71.190	113.0	106.8	88.2
6.2119	71.195	113.5	107.3	88.7
6.2120	71.200	113.8	107.5	89.2
6.2120	71.205	114.2	108.0	89.6
6.2121	71.210	114.1	108.1	89.6
6.2122	71.215	114.9	108.8	89.8
6.2122	71.220	115.7	109.4	90.4
6.2123	71.225	115.6	109.4	90.5
6.2123	71.230	114.9	108.7	90.2
6.2123	71.235	114.3	108.3	89.7
6.2124	71.240	114.1	107.9	89.5
6.2125	71.245	113.2	107.2	88.7
6.2125	71.250	113.4	107.4	88.3
6.2126	71.255	114.1	108.0	89.0
6.2126	71.260	114.4	108.4	89.6
6.2127	71.265	114.4	108.3	89.6
6.2127	71.270	114.5	108.6	89.7
6.2127	71.275	114.9	109.0	90.1
6.2128	71.280	115.4	109.5	90.7
6.2128	71.285	115.5	109.3	90.8
6.2129	71.290	115.0	108.8	90.4
6.2130	71.295	114.8	108.6	90.2
6.2130	71.300	114.7	108.5	89.9
6.2130	71.305	114.7	108.6	90.1
6.2131	71.310	114.4	108.3	90.0
6.2131	71.315	114.6	108.4	89.9
6.2132	71.320	114.0	107.9	89.9
6.2133	71.325	113.8	107.6	89.1
6.2133	71.330	114.2	108.0	89.4
6.2134	71.335	114.3	107.9	89.5
6.2134	71.340	114.1	107.7	88.9
6.2134	71.345	114.4	108.3	89.4
6.2135	71.350	114.8	108.7	89.6
6.2135	71.355	115.9	109.8	90.8
6.2136	71.360	115.4	109.1	90.7
6.2136	71.365	115.0	108.7	90.0
6.2137	71.370	114.6	108.5	89.8
6.2138	71.375	114.1	107.9	89.2
6.2138	71.380	114.5	108.6	89.3
6.2138	71.385	115.0	108.9	90.2
6.2139	71.390	115.0	108.8	89.9
6.2139	71.395	115.2	109.0	90.2
6.2140	71.400	115.2	108.8	89.9
6.2141	71.405	114.8	108.6	89.7
6.2141	71.410	114.5	108.2	89.5
6.2142	71.415	114.3	108.2	89.3
6.2142	71.420	114.3	108.1	89.4
6.2142	71.425	114.2	108.0	89.4
6.2143	71.430	114.0	107.8	89.1
6.2143	71.435	113.7	107.3	88.7
6.2144	71.440	113.4	107.1	88.4
6.2145	71.445	113.1	106.7	87.9
6.2145	71.450	113.3	107.0	88.0
6.2146	71.455	113.8	107.4	88.4
6.2146	71.460	113.8	107.6	88.6
6.2146	71.465	113.8	107.6	89.0
6.2147	71.470	114.2	108.0	89.1
6.2148	71.475	114.4	108.3	89.2
6.2148	71.480	114.3	108.1	89.4
6.2149	71.485	114.2	107.9	89.4
6.2149	71.490	114.2	108.0	89.4
6.2149	71.495	114.4	108.2	89.5
6.2150	71.500	114.0	107.6	89.2
6.2150	71.505	113.3	106.9	88.4
6.2151	71.510	113.1	106.7	88.3
6.2151	71.515	112.7	106.3	87.8
6.2152	71.520	112.4	106.2	87.5
6.2153	71.525	112.5	106.3	87.8
6.2153	71.530	112.5	106.3	87.8
6.2153	71.535	112.3	106.1	87.7
6.2154	71.540	111.7	105.4	87.1
6.2154	71.545	111.8	105.5	87.1
6.2155	71.550	111.9	105.5	86.8
6.2156	71.555	111.8	105.4	87.0
6.2156	71.560	111.3	105.0	86.4
6.2157	71.565	110.9	104.7	86.0
6.2157	71.570	110.7	104.4	85.8
6.2157	71.575	111.1	105.0	86.1
6.2158	71.580	111.4	105.3	86.4
6.2158	71.585	111.0	104.9	86.1
6.2159	71.590	110.4	104.3	85.6
6.2160	71.595	109.3	103.3	84.8
6.2160	71.600	108.8	102.7	84.4
6.2161	71.605	108.8	103.0	84.6
6.2161	71.610	108.7	103.0	85.0
6.2161	71.615	108.5	102.8	84.9
6.2162	71.620	108.1	102.0	84.2
6.2163	71.625	107.9	102.1	83.9
6.2163	71.630	108.8	103.0	84.6
6.2164	71.635	109.0	103.1	85.0
6.2164	71.640	109.3	103.3	85.1
6.2165	71.645	109.4	103.4	85.2
6.2165	71.650	109.3	103.3	85.3
6.2165	71.655	108.9	102.9	84.9
6.2166	71.660	108.6	102.8	84.6
6.2166	71.665	108.6	102.8	84.6
6.2167	71.670	108.8	103.0	84.8
6.2168	71.675	108.6	102.8	84.9
6.2168	71.680	108.2	102.2	84.4
6.2168	71.685	107.7	101.9	84.0
6.2169	71.690	107.0	101.2	83.1
6.2169	71.695	106.5	100.6	82.5
6.2170	71.700	105.9	99.9	82.0
6.2171	71.705	105.4	99.4	81.7
6.2171	71.710	105.0	99.3	81.3
6.2172	71.715	104.6	98.8	80.9
6.2172	71.720	104.4	98.4	80.4
6.2172	71.725	104.8	98.9	80.7
6.2173	71.730	105.7	99.9	81.7
6.2173	71.735	105.8	99.9	82.1
6.2174	71.740	106.1	100.1	82.1
6.2175	71.745	106.4	100.4	82.1
6.2175	71.750	106.9	100.7	82.4
6.2176	71.755	106.9	101.0	82.5
6.2176	71.760	106.8	100.9	82.6
6.2176	71.765	106.8	100.9	82.7
6.2177	71.770	106.4	100.6	82.7
6.2178	71.775	106.2	100.4	82.3
6.2178	71.780	106.0	100.1	82.4
6.2179	71.785	105.8	100.1	81.8
6.2179	71.790	105.8	100.2	82.1
6.2180	71.795	105.9	100.1	82.3
6.2180	71.800	105.2	99.5	82.0
6.2180	71.805	104.2	98.7	81.3
6.2181	71.810	104.5	98.9	81.3
6.2181	71.815	105.1	99.6	82.3
6.2182	71.820	104.1	98.3	81.5
6.2183	71.825	103.9	98.2	80.2
6.2183	71.830	104.2	98.4	80.1
6.2184	71.835	104.7	98.7	80.5
6.2184	71.840	105.8	99.8	81.3
6.2184	71.845	106.8	100.9	82.5
6.2185	71.850	107.0	101.2	83.1
6.2186	71.855	106.3	100.4	82.8
6.2186	71.860	106.0	100.1	82.3
6.2187	71.865	106.0	100.1	82.4
6.2187	71.870	106.1	100.3	82.4
6.2187	71.875	106.0	100.1	82.3
6.2188	71.880	105.7	100.0	82.1
6.2188	71.885	105.7	99.8	82.1
6.2189	71.890	105.4	99.5	81.9
6.2189	71.895	105.6	99.6	81.7
6.2190	71.900	106.2	100.3	82.2
6.2191	71.905	106.5	100.6	82.7
6.2191	71.910	106.6	100.8	82.8
6.2191	71.915	106.9	101.0	82.8
6.2192	71.920	107.7	102.0	83.4
6.2192	71.925	108.5	102.8	84.4
6.2193	71.930	108.9	103.0	84.8
6.2194	71.935	108.9	102.9	85.1
6.2194	71.940	108.5	102.7	84.7
6.2195	71.945	107.8	102.0	84.1
6.2195	71.950	107.3	101.4	83.4
6.2195	71.955	106.5	100.7	82.7
6.2196	71.960	106.2	100.3	82.2
6.2196	71.965	106.1	100.2	82.3
6.2197	71.970	105.7	99.8	82.0
6.2197	71.975	105.2	99.2	81.5
6.2198	71.980	104.3	98.4	80.9
6.2199	71.985	103.5	97.8	80.2
6.2199	71.990	103.4	97.5	79.9
6.2199	71.995	103.5	97.9	80.1
6.2200	72.000	103.8	98.0	80.6
6.2200	72.005	103.0	97.2	80.1
6.2201	72.010	101.9	96.4	78.9
6.2202	72.015	101.1	95.4	78.6
6.2202	72.020	100.2	94.5	77.8
6.2203	72.025	100.3	94.9	77.5
6.2203	72.030	100.2	94.7	77.5
6.2203	72.035	99.9	94.3	77.3
6.2204	72.040	99.9	94.1	76.7
6.2204	72.045	99.9	94.3	76.9
6.2205	72.050	99.4	93.8	76.6
6.2206	72.055	99.1	93.3	76.3
6.2206	72.060	98.4	92.7	75.9
6.2207	72.065	97.8	92.0	75.0
6.2207	72.070	98.7	92.9	75.2
6.2207	72.075	99.8	94.0	76.3
6.2208	72.080	100.1	94.2	76.6
6.2209	72.085	99.5	93.7	76.3
6.2209	72.090	99.8	94.1	76.3
6.2210	72.095	101.9	96.2	77.7
6.2210	72.100	103.2	97.7	79.4
6.2210	72.105	103.7	97.8	79.7
6.2211	72.110	104.2	98.5	80.0
6.2211	72.115	105.4	99.6	81.0
6.2212	72.120	106.7	100.8	82.3
6.2212	72.125	107.1	101.4	83.3
6.2213	72.130	107.1	101.2	83.3
6.2214	72.135	106.8	100.7	82.7
6.2214	72.140	106.6	100.5	82.3
6.2214	72.145	106.9	100.8	82.5
6.2215	72.150	107.4	101.5	83.1
6.2215	72.155	107.3	101.4	83.8
6.2216	72.160	106.9	101.1	83.3
6.2217	72.165	106.5	100.6	83.0
6.2217	72.170	105.6	99.9	82.5
6.2218	72.175	103.8	97.9	81.1
6.2218	72.180	101.3	95.8	79.4
6.2218	72.185	100.1	94.7	78.3
6.2219	72.190	99.4	94.2	77.6
6.2219	72.195	99.4	94.4	77.8
6.2220	72.200	99.5	94.4	78.0
6.2221	72.205	99.3	94.1	78.2
6.2221	72.210	99.4	94.2	77.7
6.2222	72.215	100.2	95.0	78.1
6.2222	72.220	101.4	95.8	78.7
6.2222	72.225	101.9	96.5	78.9
6.2223	72.230	102.5	97.1	79.7
6.2224	72.235	102.5	97.0	79.9
6.2224	72.240	102.6	97.0	79.9
6.2225	72.245	102.9	97.4	80.0
6.2225	72.250	103.7	98.1	80.4
6.2226	72.255	105.0	99.5	81.3
6.2226	72.260	105.6	99.7	82.2
6.2226	72.265	105.6	100.0	82.2
6.2227	72.270	106.4	100.7	83.0
6.2227	72.275	107.5	101.5	83.6
6.2228	72.280	108.3	102.5	84.5
6.2229	72.285	109.8	104.0	85.7
6.2229	72.290	110.6	104.6	86.3
6.2229	72.295	111.0	104.9	86.5
6.2230	72.300	112.2	106.2	87.4
6.2230	72.305	112.8	106.7	88.3
6.2231	72.310	113.0	107.1	88.5
6.2232	72.315	113.6	107.7	89.2
6.2232	72.320	113.3	107.2	89.0
6.2233	72.325	113.4	107.4	89.1
6.2233	72.330	113.2	107.1	88.9
6.2233	72.335	112.5	106.3	88.3
6.2234	72.340	112.1	106.2	87.8
6.2234	72.345	112.5	106.5	88.1
6.2235	72.350	112.6	106.5	88.4
6.2236	72.355	112.2	106.4	88.1
6.2236	72.360	112.4	106.6	88.0
6.2237	72.365	112.7	106.8	88.3
6.2237	72.370	112.7	106.9	88.5
6.2237	72.375	112.4	106.7	88.2
6.2238	72.380	112.5	106.4	88.0
6.2239	72.385	112.0	106.0	87.7
6.2239	72.390	111.6	105.5	87.3
6.2240	72.395	111.3	105.0	86.8
6.2240	72.400	111.1	105.2	86.7
6.2241	72.405	111.0	105.1	86.7
6.2241	72.410	111.0	105.2	86.4
6.2241	72.415	111.5	105.7	86.8
6.2242	72.420	111.7	105.8	87.3
6.2242	72.425	111.7	105.9	87.2
6.2243	72.430	111.7	105.8	87.0
6.2244	72.435	111.8	106.0	87.1
6.2244	72.440	111.4	105.5	86.9
6.2245	72.445	111.1	105.3	86.7
6.2245	72.450	111.5	105.7	86.9
6.2245	72.455	111.6	105.8	87.2
6.2246	72.460	111.0	105.1	86.7
6.2247	72.465	110.6	104.7	86.3
6.2247	72.470	110.6	104.8	86.1
6.2248	72.475	110.8	104.9	86.6
6.2248	72.480	110.6	104.7	86.4
6.2248	72.485	111.0	105.0	86.7
6.2249	72.490	110.9	105.0	87.0
6.2249	72.495	111.1	105.3	87.1
6.2250	72.500	111.3	105.3	87.2
6.2250	72.505	110.9	104.9	86.8
6.2251	72.510	110.6	104.7	86.4
6.2252	72.515	110.1	104.2	86.0
6.2252	72.520	109.8	103.6	85.5
6.2252	72.525	109.5	103.5	85.3
6.2253	72.530	109.4	103.5	85.2
6.2253	72.535	109.2	103.2	85.0
6.2254	72.540	109.1	103.1	84.5
6.2255	72.545	109.0	103.0	84.2
6.2255	72.550	109.4	103.2	84.2
6.2256	72.555	110.2	104.0	85.0
6.2256	72.560	110.3	104.1	85.3
6.2256	72.565	110.2	103.9	85.3
6.2257	72.570	109.7	103.6	85.0
6.2257	72.575	109.9	103.8	85.0
6.2258	72.580	109.6	103.5	85.0
6.2258	72.585	109.6	103.5	84.6
6.2259	72.590	109.9	103.5	84.7
6.2260	72.595	109.7	103.2	84.4
6.2260	72.600	109.2	102.9	84.3
6.2260	72.605	109.6	103.3	84.2
6.2261	72.610	109.4	103.1	84.1
6.2261	72.615	109.2	102.9	84.2
6.2262	72.620	108.9	102.6	83.8
6.2263	72.625	109.0	102.7	83.6
6.2263	72.630	109.5	103.3	83.8
6.2264	72.635	110.1	103.7	84.8
6.2264	72.640	109.9	103.6	84.8
6.2264	72.645	109.9	103.5	84.7
6.2265	72.650	110.2	103.9	85.0
6.2265	72.655	110.4	104.0	85.1
6.2266	72.660	110.3	103.9	85.5
6.2267	72.665	109.8	103.5	85.2
6.2267	72.670	109.4	103.3	84.7
6.2268	72.675	108.9	102.8	84.4
6.2268	72.680	108.0	101.9	83.8
6.2268	72.685	107.0	101.0	83.0
6.2269	72.690	106.5	100.6	82.7
6.2270	72.695	106.0	100.0	81.7
6.2270	72.700	107.2	101.0	81.9
6.2271	72.705	107.8	101.8	82.8
6.2271	72.710	108.0	102.0	83.4
6.2271	72.715	107.8	101.7	83.5
6.2272	72.720	107.2	101.1	83.0
6.2272	72.725	107.3	101.3	82.8
6.2273	72.730	107.5	101.6	83.2
6.2273	72.735	107.7	101.6	83.0
6.2274	72.740	108.1	102.0	83.0
6.2275	72.745	108.8	102.8	83.8
6.2275	72.750	109.2	103.1	84.3
6.2275	72.755	108.7	102.7	84.3
6.2276	72.760	107.8	101.8	83.2
6.2276	72.765	107.9	101.9	82.7
6.2277	72.770	108.7	102.8	83.6
6.2278	72.775	109.1	103.2	84.3
6.2278	72.780	109.7	103.7	85.0
6.2279	72.785	109.9	103.9	85.2
6.2279	72.790	110.6	104.7	85.8
6.2279	72.795	111.5	105.7	86.8
6.2280	72.800	112.4	106.7	87.7
6.2280	72.805	112.9	107.0	88.6
6.2281	72.810	112.9	106.8	88.6
6.2282	72.815	113.5	107.6	88.9
6.2282	72.820	113.2	107.1	89.0
6.2283	72.825	113.0	106.8	88.7
6.2283	72.830	112.7	106.7	88.3
6.2283	72.835	112.7	106.9	88.5
6.2284	72.840	113.2	107.4	89.0
6.2285	72.845	113.9	107.9	89.4
6.2285	72.850	114.5	108.5	89.8
6.2286	72.855	114.7	108.7	90.2
6.2286	72.860	114.8	108.9	90.3
6.2287	72.865	115.0	109.0	90.6
6.2287	72.870	114.7	108.6	90.3
6.2287	72.875	114.1	108.1	89.7
6.2288	72.880	114.0	108.4	89.7
6.2288	72.885	114.0	108.2	89.7
6.2289	72.890	113.7	107.8	89.6
6.2290	72.895	113.3	107.5	89.3
6.2290	72.900	113.0	107.2	89.1
6.2290	72.905	112.7	106.7	88.8
6.2291	72.910	112.3	106.4	88.2
6.2291	72.915	112.3	106.3	88.0
6.2292	72.920	112.2	106.4	87.9
6.2293	72.925	112.5	106.8	88.2
6.2293	72.930	112.5	106.7	88.3
6.2294	72.935	112.1	106.2	87.8
6.2294	72.940	111.9	105.8	87.6
6.2294	72.945	111.2	105.1	86.9
6.2295	72.950	110.5	104.6	86.3
6.2295	72.955	110.7	104.7	86.2
6.2296	72.960	110.6	104.5	86.1
6.2297	72.965	111.0	104.9	86.3
6.2297	72.970	111.5	105.4	86.6
6.2298	72.975	112.1	106.0	87.5
6.2298	72.980	112.2	106.0	87.7
6.2298	72.985	111.8	105.8	87.6
6.2299	72.990	111.4	105.4	87.0
6.2300	72.995	111.2	105.1	86.7
6.2300	73.000	110.7	104.7	86.4
6.2301	73.005	110.8	104.7	86.2
6.2301	73.010	110.9	104.9	86.4
6.2302	73.015	110.8	104.8	86.1
6.2302	73.020	111.0	104.9	86.1
6.2302	73.025	110.8	104.9	86.3
6.2303	73.030	110.7	104.7	86.2
6.2303	73.035	110.4	104.4	85.8
6.2304	73.040	110.2	104.2	85.4
6.2305	73.045	110.3	104.5	85.5
6.2305	73.050	110.6	104.8	86.0
6.2306	73.055	110.7	104.7	86.1
6.2306	73.060	110.3	104.5	85.8
6.2306	73.065	110.6	104.8	86.1
6.2307	73.070	110.7	104.7	86.3
6.2308	73.075	111.4	105.3	86.7
6.2308	73.080	111.5	105.5	87.0
6.2309	73.085	112.1	106.4	87.7
6.2309	73.090	112.3	106.6	88.0
6.2309	73.095	112.6	106.8	88.1
6.2310	73.100	113.1	107.2	88.7
6.2310	73.105	112.9	106.9	88.5
6.2311	73.110	112.9	106.9	88.5
6.2311	73.115	113.5	107.3	88.7
6.2312	73.120	113.3	107.2	88.7
6.2313	73.125	113.3	107.2	88.6
6.2313	73.130	113.6	107.4	88.7
6.2313	73.135	113.1	107.0	88.7
6.2314	73.140	112.8	106.7	87.9
6.2314	73.145	113.0	106.9	87.9
6.2315	73.150	113.0	106.9	88.1
6.2316	73.155	112.9	106.8	88.0
6.2316	73.160	113.0	106.8	88.2
6.2317	73.165	113.0	106.7	88.0
6.2317	73.170	113.0	106.8	88.0
6.2317	73.175	112.4	106.4	88.0
6.2318	73.180	112.5	106.4	87.9
6.2318	73.185	112.2	105.9	87.6
6.2319	73.190	112.3	106.1	87.5
6.2319	73.195	112.3	106.0	87.3
6.2320	73.200	112.6	106.3	87.6
6.2321	73.205	112.3	106.1	87.5
6.2321	73.210	112.0	105.9	87.2
6.2321	73.215	111.6	105.6	87.0
6.2322	73.220	111.5	105.8	87.0
6.2322	73.225	111.7	105.9	87.4
6.2323	73.230	111.4	105.5	87.4
6.2324	73.235	111.2	105.5	87.3
6.2324	73.240	111.7	105.8	87.4
6.2325	73.245	112.0	106.1	87.7
6.2325	73.250	112.0	106.2	88.0
6.2325	73.255	112.0	106.0	87.9
6.2326	73.260	111.5	105.7	87.5
6.2326	73.265	111.4	105.7	87.4
6.2327	73.270	111.4	105.8	87.6
6.2328	73.275	110.9	105.2	87.3
6.2328	73.280	110.6	104.8	86.8
6.2329	73.285	110.5	104.7	86.6
6.2329	73.290	110.6	104.8	86.7
6.2329	73.295	110.8	105.1	86.8
6.2330	73.300	111.1	105.3	87.1
6.2331	73.305	110.7	104.8	87.0
6.2331	73.310	110.3	104.7	86.9
6.2332	73.315	110.0	104.5	86.9
6.2332	73.320	109.2	103.4	86.1
6.2332	73.325	109.6	103.9	86.0
6.2333	73.330	110.0	104.5	86.4
6.2333	73.335	110.4	104.6	86.6
6.2334	73.340	111.0	105.4	87.0
6.2334	73.345	111.4	105.5	87.4
6.2335	73.350	111.5	105.6	87.5
6.2336	73.355	112.0	106.3	88.0
6.2336	73.360	112.8	107.0	88.6
6.2336	73.365	112.5	106.5	88.5
6.2337	73.370	112.3	106.5	88.3
6.2337	73.375	111.9	106.0	87.8
6.2338	73.380	112.0	106.0	87.5
6.2339	73.385	112.0	106.0	87.7
6.2339	73.390	112.3	106.5	87.9
6.2340	73.395	112.4	106.6	88.3
6.2340	73.400	112.5	106.6	88.3
6.2340	73.405	112.1	106.1	87.8
6.2341	73.410	111.5	105.8	87.5
6.2341	73.415	111.9	106.0	87.5
6.2342	73.420	112.2	106.2	87.8
6.2343	73.425	112.2	106.3	87.7
6.2343	73.430	112.8	106.8	88.1
6.2344	73.435	113.2	107.3	88.7
6.2344	73.440	113.4	107.5	89.1
6.2344	73.445	113.2	107.3	88.9
6.2345	73.450	113.6	107.6	89.0
6.2346	73.455	113.8	107.9	89.4
6.2346	73.460	113.8	107.8	89.3
6.2347	73.465	113.6	107.6	89.1
6.2347	73.470	113.1	107.3	88.8
6.2348	73.475	113.3	107.4	88.7
6.2348	73.480	113.2	107.4	89.1
6.2348	73.485	113.0	107.2	88.7
6.2349	73.490	113.5	107.7	89.0
6.2349	73.495	113.9	108.1	89.5
6.2350	73.500	113.8	108.0	89.7
6.2351	73.505	113.6	108.0	89.6
6.2351	73.510	113.4	107.7	89.2
6.2351	73.515	113.6	107.7	89.5
6.2352	73.520	113.4	107.7	89.4
6.2352	73.525	113.3	107.5	89.4
6.2353	73.530	113.2	107.5	89.1
6.2354	73.535	113.6	107.8	89.3
6.2354	73.540	113.9	108.2	89.7
6.2355	73.545	114.0	108.4	90.0
6.2355	73.550	113.9	108.3	90.0
6.2355	73.555	114.1	108.4	89.8
6.2356	73.560	113.9	108.2	90.0
6.2356	73.565	113.5	107.8	89.5
6.2357	73.570	112.8	107.1	89.2
6.2358	73.575	111.9	106.2	88.5
6.2358	73.580	111.4	105.7	87.9
6.2359	73.585	111.0	105.2	87.5
6.2359	73.590	110.9	105.3	87.4
6.2359	73.595	110.8	105.2	87.3
6.2360	73.600	110.5	104.9	86.7
6.2361	73.605	111.0	105.3	86.9
6.2361	73.610	111.4	105.8	87.2
6.2362	73.615	112.1	106.4	87.8
6.2362	73.620	111.9	106.2	88.0
6.2363	73.625	111.7	105.9	87.7
6.2363	73.630	112.0	106.4	87.8
6.2363	73.635	111.8	106.0	87.9
6.2364	73.640	111.3	105.6	87.1
6.2364	73.645	111.4	105.7	87.1
6.2365	73.650	111.4	105.6	87.3
6.2366	73.655	111.5	105.7	87.4
6.2366	73.660	111.4	105.5	87.1
6.2367	73.665	111.4	105.5	87.1
6.2367	73.670	111.4	105.4	87.2
6.2367	73.675	111.0	105.0	86.9
6.2368	73.680	111.2	105.2	86.9
6.2369	73.685	111.2	105.3	86.9
6.2369	73.690	111.1	105.3	86.8
6.2370	73.695	111.2	105.5	87.0
6.2370	73.700	111.8	106.0	87.4
6.2370	73.705	112.1	106.3	88.1
6.2371	73.710	111.8	105.8	87.9
6.2371	73.715	111.7	106.0	87.9
6.2372	73.720	112.3	106.5	88.3
6.2372	73.725	112.6	106.8	88.5
6.2373	73.730	112.4	106.6	88.6
6.2374	73.735	112.1	106.3	88.3
6.2374	73.740	111.6	105.9	88.1
6.2374	73.745	111.2	105.6	87.6
6.2375	73.750	111.7	106.0	87.8
6.2375	73.755	111.9	106.2	88.0
6.2376	73.760	112.3	106.5	88.1
6.2377	73.765	112.5	106.5	88.3
6.2377	73.770	112.3	106.3	88.1
6.2378	73.775	112.5	106.7	88.2
6.2378	73.780	112.8	106.9	88.6
6.2378	73.785	112.8	107.0	88.7
6.2379	73.790	112.9	107.0	88.6
6.2379	73.795	113.1	107.2	88.8
6.2380	73.800	113.6	107.8	89.3
6.2381	73.805	115.5	109.9	90.8
6.2381	73.810	119.2	113.9	94.8
6.2382	73.815	120.7	115.1	98.0
6.2382	73.820	119.7	114.3	97.3
6.2382	73.825	120.2	114.8	97.0
6.2383	73.830	121.3	115.9	98.5
6.2383	73.835	121.5	116.2	99.0
6.2384	73.840	121.4	115.9	99.0
6.2385	73.845	120.4	114.6	97.7
6.2385	73.850	118.9	113.1	95.7
6.2386	73.855	118.0	112.3	94.5
6.2386	73.860	117.3	111.5	93.5
6.2386	73.865	117.2	111.4	93.2
6.2387	73.870	116.8	110.8	92.9
6.2387	73.875	116.4	110.5	92.4
6.2388	73.880	116.1	110.2	92.3
6.2389	73.885	116.1	110.4	92.3
6.2389	73.890	115.9	110.0	92.1
6.2389	73.895	115.5	109.6	91.5
6.2390	73.900	116.0	110.2	91.9
6.2390	73.905	116.1	110.3	92.0
6.2391	73.910	116.1	110.3	92.1
6.2392	73.915	115.4	109.6	91.6
6.2392	73.920	114.9	109.0	91.0
6.2393	73.925	114.4	108.5	90.8
6.2393	73.930	114.2	108.2	90.4
6.2393	73.935	114.1	108.2	90.3
6.2394	73.940	113.9	108.1	90.2
6.2394	73.945	113.7	107.9	90.0
6.2395	73.950	113.7	108.0	90.0
6.2395	73.955	113.6	107.8	89.9
6.2396	73.960	113.5	107.8	89.8
6.2397	73.965	114.1	108.6	90.3
6.2397	73.970	114.1	108.6	90.7
6.2397	73.975	113.6	108.0	90.2
6.2398	73.980	113.5	108.0	90.1
6.2398	73.985	113.3	107.8	89.9
6.2399	73.990	113.2	107.8	89.8
6.2400	73.995	113.3	107.4	89.6
6.2400	74.000	113.4	107.6	89.4
6.2401	74.005	114.0	108.3	89.8
6.2401	74.010	114.5	108.7	90.4
6.2401	74.015	114.5	108.6	90.3
6.2402	74.020	114.3	108.6	90.2
6.2402	74.025	114.3	108.5	90.0
6.2403	74.030	114.2	108.2	90.0
6.2404	74.035	114.0	108.0	89.8
6.2404	74.040	113.7	107.6	89.4
6.2405	74.045	113.3	107.5	89.1
6.2405	74.050	113.3	107.3	89.1
6.2405	74.055	113.1	106.9	88.9
6.2406	74.060	113.0	107.0	88.9
6.2407	74.065	113.1	106.9	88.9
6.2407	74.070	112.7	106.6	88.7
6.2408	74.075	112.6	106.6	88.3
6.2408	74.080	112.6	106.4	88.2
6.2409	74.085	112.9	107.0	88.5
6.2409	74.090	112.8	106.9	88.8
6.2409	74.095	112.4	106.6	88.4
6.2410	74.100	112.7	106.7	88.4
6.2410	74.105	112.9	107.1	88.7
6.2411	74.110	113.1	107.3	88.9
6.2412	74.115	113.3	107.3	89.0
6.2412	74.120	113.3	107.3	89.1
6.2412	74.125	113.4	107.3	88.9
6.2413	74.130	113.6	107.6	89.2
6.2413	74.135	113.5	107.4	89.2
6.2414	74.140	113.7	107.6	89.1
6.2415	74.145	113.5	107.5	89.2
6.2415	74.150	113.3	107.2	88.8
6.2416	74.155	113.2	107.3	88.6
6.2416	74.160	113.3	107.3	88.5
6.2416	74.165	113.3	107.3	88.5
6.2417	74.170	113.0	107.0	88.7
6.2417	74.175	112.9	106.9	88.4
6.2418	74.180	112.8	106.8	88.5
6.2419	74.185	112.7	106.8	88.4
6.2419	74.190	112.6	106.6	88.4
6.2420	74.195	112.6	106.7	88.5
6.2420	74.200	112.3	106.4	88.2
6.2420	74.205	111.9	105.9	87.7
6.2421	74.210	111.5	105.4	87.3
6.2422	74.215	110.7	104.6	86.5
6.2422	74.220	110.5	104.5	86.1
6.2423	74.225	110.7	104.7	86.4
6.2423	74.230	110.8	104.8	86.5
6.2424	74.235	110.9	104.8	86.5
6.2424	74.240	110.9	105.0	86.6
6.2424	74.245	111.2	105.2	86.7
6.2425	74.250	111.5	105.5	87.0
6.2425	74.255	111.7	105.7	87.2
6.2426	74.260	111.6	105.6	87.2
6.2427	74.265	111.5	105.4	87.2
6.2427	74.270	111.1	105.1	87.1
6.2428	74.275	110.8	104.8	86.5
6.2428	74.280	110.6	104.8	86.2
6.2428	74.285	110.7	104.8	86.4
6.2429	74.290	110.6	104.6	86.1
6.2430	74.295	110.5	104.4	85.8
6.2430	74.300	110.7	104.6	86.1
6.2431	74.305	110.6	104.5	85.9
6.2431	74.310	110.6	104.5	85.9
6.2431	74.315	110.7	104.6	85.8
6.2432	74.320	110.6	104.5	85.9
6.2432	74.325	110.5	104.4	85.9
6.2433	74.330	110.7	104.6	86.0
6.2433	74.335	110.4	104.3	85.6
6.2434	74.340	110.1	104.1	85.5
6.2435	74.345	109.9	103.8	85.3
6.2435	74.350	110.0	103.7	85.0
6.2435	74.355	110.1	103.9	85.1
6.2436	74.360	109.7	103.4	84.9
6.2436	74.365	109.2	103.1	84.4
6.2437	74.370	109.2	103.0	84.4
6.2438	74.375	109.4	103.2	84.4
6.2438	74.380	109.9	103.9	84.8
6.2439	74.385	110.5	104.2	85.5
6.2439	74.390	110.7	104.6	85.6
6.2439	74.395	111.3	105.2	86.1
6.2440	74.400	111.6	105.4	86.9
6.2440	74.405	111.6	105.5	86.9
6.2441	74.410	111.2	105.0	86.4
6.2442	74.415	111.2	105.0	86.4
6.2442	74.420	111.4	105.2	86.4
6.2443	74.425	112.1	105.9	86.7
6.2443	74.430	112.3	106.0	87.1
6.2443	74.435	112.5	106.3	87.3
6.2444	74.440	112.6	106.6	87.8
6.2444	74.445	112.6	106.4	87.8
6.2445	74.450	112.3	106.1	87.7
6.2446	74.455	111.9	105.5	87.1
6.2446	74.460	111.5	105.3	86.6
6.2447	74.465	111.2	104.9	86.1
6.2447	74.470	111.3	105.1	85.9
6.2447	74.475	112.0	105.9	86.8
6.2448	74.480	111.8	105.6	87.0
6.2448	74.485	111.8	105.6	86.5
6.2449	74.490	111.7	105.4	86.5
6.2450	74.495	111.7	105.5	86.5
6.2450	74.500	111.7	105.3	86.4
6.2450	74.505	111.8	105.5	86.4
6.2451	74.510	111.5	105.2	86.3
6.2451	74.515	111.4	105.3	86.2
6.2452	74.520	111.9	105.6	86.7
6.2453	74.525	111.8	105.5	86.8
6.2453	74.530	112.0	105.7	86.7
6.2454	74.535	111.7	105.6	87.0
6.2454	74.540	111.9	105.6	86.6
6.2454	74.545	111.7	105.4	86.7
6.2455	74.550	111.6	105.4	86.8
6.2455	74.555	111.7	105.5	86.8
6.2456	74.560	111.6	105.5	86.6
6.2456	74.565	111.4	105.0	86.2
6.2457	74.570	111.4	105.0	86.2
6.2458	74.575	110.8	104.5	85.9
6.2458	74.580	110.2	104.1	85.4
6.2458	74.585	110.0	104.0	85.4
6.2459	74.590	109.9	103.9	85.4
6.2459	74.595	109.4	103.3	85.0
6.2460	74.600	109.6	103.7	85.1
6.2461	74.605	110.3	104.3	85.8
6.2461	74.610	110.8	104.9	86.1
6.2462	74.615	110.9	104.9	86.4
6.2462	74.620	111.2	105.2	86.5
6.2462	74.625	111.4	105.2	86.8
6.2463	74.630	111.2	105.2	86.8
6.2463	74.635	111.5	105.4	87.2
6.2464	74.640	110.8	104.5	86.5
6.2465	74.645	110.5	104.1	85.7
6.2465	74.650	110.4	104.1	85.4
6.2466	74.655	110.4	104.1	85.4
6.2466	74.660	110.6	104.4	85.5
6.2466	74.665	110.9	104.6	85.8
6.2467	74.670	110.9	104.7	86.0
6.2468	74.675	110.9	104.8	86.0
6.2468	74.680	111.4	105.3	86.4
6.2469	74.685	111.4	105.4	86.8
6.2469	74.690	110.7	104.6	86.2
6.2470	74.695	110.4	104.3	85.7
6.2470	74.700	111.0	104.8	86.0
6.2470	74.705	111.2	105.1	86.4
6.2471	74.710	111.8	105.7	86.7
6.2471	74.715	112.1	105.9	87.3
6.2472	74.720	111.8	105.7	87.0
6.2473	74.725	111.5	105.4	86.7
6.2473	74.730	111.5	105.3	86.6
6.2473	74.735	111.7	105.3	86.6
6.2474	74.740	111.6	105.4	86.6
6.2474	74.745	111.7	105.4	86.6
6.2475	74.750	111.5	105.3	86.5
6.2476	74.755	111.3	105.0	86.1
6.2476	74.760	110.9	104.6	85.6
6.2477	74.765	110.9	104.6	85.5
6.2477	74.770	111.2	105.0	85.7
6.2477	74.775	111.4	105.2	86.0
6.2478	74.780	110.5	104.3	86.0
6.2478	74.785	109.9	103.6	85.1
6.2479	74.790	109.4	103.2	84.7
6.2480	74.795	109.2	103.2	84.7
6.2480	74.800	109.3	103.2	84.9
6.2481	74.805	109.3	103.2	84.7
6.2481	74.810	109.5	103.4	84.7
6.2481	74.815	110.1	104.0	84.8
6.2482	74.820	110.9	104.8	85.7
6.2483	74.825	110.9	104.7	85.9
6.2483	74.830	110.7	104.6	85.8
6.2484	74.835	110.9	104.7	85.8
6.2484	74.840	111.2	104.9	86.1
6.2485	74.845	111.4	105.2	86.3
6.2485	74.850	111.2	104.8	86.0
6.2485	74.855	110.6	104.4	85.3
6.2486	74.860	110.5	104.3	85.3
6.2486	74.865	110.6	104.5	85.5
6.2487	74.870	110.5	104.4	85.5
6.2488	74.875	110.5	104.4	85.4
6.2488	74.880	110.9	104.8	85.7
6.2489	74.885	111.0	104.7	85.9
6.2489	74.890	110.8	104.6	85.7
6.2489	74.895	110.8	104.6	85.5
6.2490	74.900	110.6	104.4	85.3
6.2491	74.905	110.4	104.2	85.2
6.2491	74.910	110.2	104.0	85.0
6.2492	74.915	110.2	104.1	84.8
6.2492	74.920	110.2	104.0	84.9
6.2492	74.925	110.1	103.9	84.8
6.2493	74.930	110.7	104.2	85.0
6.2493	74.935	110.3	104.0	85.0
6.2494	74.940	110.2	103.8	84.8
6.2494	74.945	110.3	104.1	85.0
6.2495	74.950	110.2	104.0	84.8
6.2496	74.955	110.2	103.9	84.8
6.2496	74.960	110.2	104.0	84.7
6.2496	74.965	110.6	104.3	85.2
6.2497	74.970	110.7	104.4	85.4
6.2497	74.975	110.2	104.0	85.3
6.2498	74.980	109.9	103.6	84.7
6.2499	74.985	110.1	103.8	84.8
6.2499	74.990	110.7	104.4	85.1
6.2500	74.995	110.6	104.2	85.5
6.2500	75.000	110.5	104.2	85.0
6.2500	75.005	110.7	104.4	85.3
6.2501	75.010	110.6	104.3	85.3
6.2501	75.015	110.7	104.4	85.3
6.2502	75.020	110.5	104.4	85.2
6.2503	75.025	110.4	104.3	85.2
6.2503	75.030	110.7	104.5	85.2
6.2504	75.035	111.0	105.0	85.5
6.2504	75.040	111.0	104.7	85.5
6.2504	75.045	111.0	104.8	85.4
6.2505	75.050	111.4	105.0	85.8
6.2506	75.055	111.7	105.5	86.4
6.2506	75.060	111.6	105.5	86.5
6.2507	75.065	111.4	105.2	86.1
6.2507	75.070	111.6	105.3	86.0
6.2508	75.075	111.7	105.3	86.0
6.2508	75.080	111.7	105.3	86.0
6.2508	75.085	111.5	105.1	86.0
6.2509	75.090	111.7	105.3	86.2
6.2509	75.095	111.6	105.5	86.9
6.2510	75.100	110.7	104.8	86.5
6.2511	75.105	110.3	104.1	85.6
6.2511	75.110	110.2	104.1	85.5
6.2511	75.115	111.0	104.7	85.7
6.2512	75.120	111.1	104.8	85.8
6.2512	75.125	111.0	104.7	85.5
6.2513	75.130	111.0	104.6	85.3
6.2514	75.135	111.4	105.1	85.8
6.2514	75.140	111.7	105.3	86.0
6.2515	75.145	111.6	105.1	85.9
6.2515	75.150	111.6	105.1	85.7
6.2515	75.155	111.6	105.2	85.6
6.2516	75.160	111.4	104.8	85.3
6.2516	75.165	111.8	105.4	85.6
6.2517	75.170	112.2	105.6	86.0
6.2517	75.175	112.3	105.8	86.3
6.2518	75.180	112.1	105.5	86.2
6.2519	75.185	111.8	105.3	85.8
6.2519	75.190	112.0	105.5	86.0
6.2519	75.195	112.4	106.0	86.5
6.2520	75.200	112.1	105.5	86.4
6.2520	75.205	111.3	104.9	85.8
6.2521	75.210	110.8	104.5	85.2
6.2522	75.215	110.4	104.2	85.2
6.2522	75.220	110.0	103.8	84.8
6.2523	75.225	109.8	103.3	84.6
6.2523	75.230	109.6	103.3	84.4
6.2523	75.235	109.5	103.3	84.4
6.2524	75.240	110.4	104.1	85.0
6.2524	75.245	111.0	105.0	86.0
6.2525	75.250	111.8	105.6	86.4
6.2526	75.255	112.1	105.8	86.7
6.2526	75.260	112.2	105.8	86.7
6.2527	75.265	111.9	105.4	86.5
6.2527	75.270	111.7	105.3	86.3
6.2527	75.275	111.4	104.9	86.0
6.2528	75.280	111.5	105.0	85.9
6.2529	75.285	111.5	105.1	85.7
6.2529	75.290	111.3	104.8	85.5
6.2530	75.295	111.4	104.9	85.6
6.2530	75.300	111.5	105.1	85.7
6.2530	75.305	111.7	105.3	85.9
6.2531	75.310	111.8	105.3	85.7
6.2531	75.315	112.1	105.9	86.2
6.2532	75.320	112.2	105.8	86.6
6.2532	75.325	112.1	105.9	86.3
6.2533	75.330	112.6	106.6	87.0
6.2534	75.335	113.1	106.8	87.7
6.2534	75.340	112.8	106.6	87.4
6.2534	75.345	112.5	106.4	87.5
6.2535	75.350	112.3	106.4	87.2
6.2535	75.355	112.4	106.3	87.0
6.2536	75.360	112.6	106.3	87.2
6.2537	75.365	112.8	106.6	87.3
6.2537	75.370	112.7	106.4	87.3
6.2538	75.375	112.6	106.3	87.1
6.2538	75.380	112.4	105.9	86.5
6.2538	75.385	112.6	106.2	87.0
6.2539	75.390	112.7	106.5	87.4
6.2539	75.395	112.4	106.3	87.3
6.2540	75.400	112.1	105.9	86.8
6.2541	75.405	111.8	105.4	86.4
6.2541	75.410	112.0	105.6	86.4
6.2542	75.415	112.5	106.1	86.8
6.2542	75.420	112.9	106.6	87.2
6.2542	75.425	112.9	106.5	87.2
6.2543	75.430	112.6	106.3	87.1
6.2544	75.435	112.0	105.7	86.7
6.2544	75.440	111.7	105.5	86.3
6.2545	75.445	111.4	105.2	86.0
6.2545	75.450	111.4	105.1	85.9
6.2546	75.455	111.1	104.8	85.4
6.2546	75.460	111.1	104.7	85.4
6.2546	75.465	111.5	105.1	85.4
6.2547	75.470	111.7	105.2	85.5
6.2547	75.475	112.4	105.9	86.1
6.2548	75.480	112.7	106.2	86.7
6.2549	75.485	112.5	106.0	86.4
6.2549	75.490	112.6	106.0	86.2
6.2550	75.495	112.6	106.0	86.4
6.2550	75.500	112.6	106.2	86.6
6.2550	75.505	112.4	106.0	86.5
6.2551	75.510	112.1	105.8	86.4
6.2552	75.515	112.0	105.7	86.3
6.2552	75.520	112.4	106.0	86.5
6.2553	75.525	112.7	106.4	87.2
6.2553	75.530	112.8	106.5	87.4
6.2553	75.535	112.7	106.4	87.2
6.2554	75.540	112.6	106.2	87.0
6.2554	75.545	112.2	105.8	86.9
6.2555	75.550	112.2	106.1	86.8
6.2556	75.555	112.3	106.1	86.7
6.2556	75.560	112.4	106.1	86.6
6.2557	75.565	112.8	106.3	86.8
6.2557	75.570	113.0	106.5	87.2
6.2557	75.575	113.2	106.6	87.0
6.2558	75.580	113.3	106.6	87.1
6.2558	75.585	113.4	106.8	87.4
6.2559	75.590	114.0	107.5	88.1
6.2560	75.595	114.4	108.1	88.5
6.2560	75.600	114.1	107.6	88.6
6.2561	75.605	113.6	107.3	88.0
6.2561	75.610	113.7	107.3	88.1
6.2561	75.615	113.8	107.5	88.1
6.2562	75.620	113.8	107.4	88.2
6.2562	75.625	113.7	107.2	88.0
6.2563	75.630	113.7	107.2	87.9
6.2564	75.635	113.5	107.1	88.0
6.2564	75.640	113.4	107.0	87.8
6.2565	75.645	113.7	107.4	88.2
6.2565	75.650	113.6	107.2	88.2
6.2565	75.655	113.5	107.1	87.9
6.2566	75.660	113.1	106.8	87.6
6.2567	75.665	112.9	106.7	87.2
6.2567	75.670	112.9	106.6	87.2
6.2568	75.675	113.2	107.0	87.5
6.2568	75.680	113.2	107.0	87.7
6.2569	75.685	112.9	106.8	87.9
6.2569	75.690	112.9	106.8	87.6
6.2569	75.695	113.0	106.7	87.9
6.2570	75.700	113.3	107.2	88.2
6.2570	75.705	113.1	107.0	88.3
6.2571	75.710	113.2	107.2	88.3
6.2572	75.715	113.1	107.2	88.8
6.2572	75.720	112.9	106.8	88.7
6.2572	75.725	112.6	106.6	88.0
6.2573	75.730	112.4	106.4	87.8
6.2573	75.735	112.2	106.2	87.5
6.2574	75.740	112.2	106.2	87.4
6.2575	75.745	112.0	106.0	87.3
6.2575	75.750	112.0	105.9	87.1
6.2576	75.755	111.8	105.8	86.8
6.2576	75.760	112.3	106.2	87.1
6.2576	75.765	112.7	106.6	87.6
6.2577	75.770	112.8	106.7	87.8
6.2577	75.775	112.5	106.4	87.5
6.2578	75.780	112.3	106.1	87.3
6.2578	75.785	112.0	106.0	87.2
6.2579	75.790	111.5	105.5	87.0
6.2580	75.795	110.6	104.7	86.6
6.2580	75.800	110.3	104.5	86.2
6.2580	75.805	110.1	104.3	86.4
6.2581	75.810	110.1	104.4	86.3
6.2581	75.815	110.0	104.2	86.3
6.2582	75.820	110.1	104.4	86.7
6.2583	75.825	110.2	104.4	86.8
6.2583	75.830	110.7	104.9	86.9
6.2584	75.835	111.0	105.2	87.5
6.2584	75.840	111.1	105.2	87.0
6.2584	75.845	111.3	105.3	86.8
6.2585	75.850	111.6	105.7	87.2
6.2585	75.855	112.3	106.3	87.8
6.2586	75.860	112.2	106.3	88.2
6.2587	75.865	111.8	105.8	87.4
6.2587	75.870	112.0	106.1	87.5
6.2588	75.875	112.2	106.2	88.0
6.2588	75.880	111.8	105.6	87.4
6.2588	75.885	112.0	106.0	87.1
6.2589	75.890	112.5	106.5	87.8
6.2590	75.895	112.5	106.7	88.1
6.2590	75.900	112.8	107.0	88.6
6.2591	75.905	112.9	107.0	88.6
6.2591	75.910	112.8	106.8	88.4
6.2591	75.915	112.6	106.7	88.1
6.2592	75.920	112.6	106.6	88.1
6.2592	75.925	112.8	106.8	88.2
6.2593	75.930	112.9	107.0	88.2
6.2593	75.935	113.2	107.2	88.4
6.2594	75.940	113.9	108.0	88.8
6.2595	75.945	114.2	108.1	89.3
6.2595	75.950	114.0	107.9	89.1
6.2595	75.955	113.7	107.5	88.6
6.2596	75.960	113.5	107.3	88.4
6.2596	75.965	113.5	107.2	88.4
6.2597	75.970	113.5	107.3	88.1
6.2598	75.975	113.6	107.3	88.1
6.2598	75.980	113.7	107.6	88.6
6.2599	75.985	113.7	107.7	88.9
6.2599	75.990	113.5	107.4	88.7
6.2599	75.995	113.5	107.4	88.5
6.2600	76.000	113.4	107.3	88.6
6.2600	76.005	113.4	107.5	88.8
6.2601	76.010	113.0	107.1	88.7
6.2602	76.015	112.7	106.7	88.4
6.2602	76.020	112.2	106.2	87.8
6.2603	76.025	111.8	105.9	87.7
6.2603	76.030	111.8	105.7	87.5
6.2603	76.035	111.9	105.9	87.0
6.2604	76.040	112.6	106.6	87.4
6.2605	76.045	113.0	107.1	88.0
6.2605	76.050	113.2	107.3	88.0
6.2606	76.055	113.8	107.8	88.6
6.2606	76.060	113.9	107.6	88.8
6.2607	76.065	113.3	107.0	87.7
6.2607	76.070	113.0	106.8	87.5
6.2607	76.075	112.9	106.7	87.5
6.2608	76.080	112.8	106.7	87.5
6.2608	76.085	113.1	106.9	87.6
6.2609	76.090	113.3	107.1	88.1
6.2610	76.095	113.4	107.3	88.1
6.2610	76.100	113.6	107.5	88.3
6.2611	76.105	113.4	107.3	88.0
6.2611	76.110	113.8	107.7	88.5
6.2611	76.115	114.0	107.8	88.8
6.2612	76.120	114.0	107.8	88.7
6.2613	76.125	113.9	107.8	88.7
6.2613	76.130	113.7	107.5	88.9
6.2614	76.135	113.4	107.3	88.4
6.2614	76.140	113.1	106.8	87.8
6.2614	76.145	113.0	106.7	87.6
6.2615	76.150	112.9	106.5	87.5
6.2615	76.155	112.8	106.5	87.1
6.2616	76.160	112.6	106.4	87.0
6.2617	76.165	112.8	106.2	87.1
6.2617	76.170	112.4	105.9	86.5
6.2618	76.175	112.5	105.9	86.4
6.2618	76.180	112.5	106.0	86.4
6.2618	76.185	112.7	106.2	86.4
6.2619	76.190	112.7	106.1	86.6
6.2619	76.195	112.3	105.7	86.1
6.2620	76.200	112.1	105.5	86.1
6.2621	76.205	112.2	105.6	86.1
6.2621	76.210	112.7	106.3	86.5
6.2622	76.215	112.6	106.0	86.6
6.2622	76.220	112.6	106.0	86.7
6.2622	76.225	112.5	105.9	86.7
6.2623	76.230	112.4	105.9	86.6
6.2623	76.235	112.3	105.8	86.4
6.2624	76.240	112.7	106.3	86.8
6.2625	76.245	112.9	106.4	87.1
6.2625	76.250	113.4	106.9	87.3
6.2626	76.255	113.7	107.3	87.9
6.2626	76.260	113.7	107.0	87.4
6.2626	76.265	113.8	107.2	87.4
6.2627	76.270	113.7	107.2	87.7
6.2628	76.275	113.3	106.8	87.3
6.2628	76.280	113.1	106.5	87.1
6.2629	76.285	112.8	106.2	87.0
6.2629	76.290	112.7	106.3	86.8
6.2630	76.295	112.6	106.0	86.8
6.2630	76.300	112.3	105.8	86.5
6.2630	76.305	112.3	106.0	86.6
6.2631	76.310	112.5	106.1	86.9
6.2631	76.315	112.6	106.4	87.2
6.2632	76.320	112.3	105.9	87.1
6.2633	76.325	112.0	105.5	86.7
6.2633	76.330	111.5	105.1	86.3
6.2633	76.335	111.1	104.7	85.8
6.2634	76.340	110.6	104.1	85.4
6.2634	76.345	110.1	103.7	84.9
6.2635	76.350	110.3	103.9	84.7
6.2636	76.355	110.8	104.2	85.0
6.2636	76.360	111.2	104.8	85.6
6.2637	76.365	110.7	104.3	85.6
6.2637	76.370	110.1	103.7	84.8
6.2637	76.375	110.5	104.2	85.0
6.2638	76.380	111.0	104.8	85.6
6.2638	76.385	111.6	105.4	86.3
6.2639	76.390	112.1	105.8	86.6
6.2639	76.395	112.3	106.0	86.9
6.2640	76.400	112.5	106.2	86.9
6.2641	76.405	112.3	106.1	86.9
6.2641	76.410	112.2	106.1	87.1
6.2641	76.415	112.1	105.9	86.9
6.2642	76.420	111.6	105.3	86.8
6.2642	76.425	111.5	105.3	86.3
6.2643	76.430	112.0	105.7	86.7
6.2644	76.435	112.0	105.5	87.0
6.2644	76.440	111.5	105.1	86.2
6.2645	76.445	111.2	104.6	85.7
6.2645	76.450	111.2	104.8	85.7
6.2645	76.455	111.0	104.7	85.9
6.2646	76.460	111.3	104.8	85.8
6.2646	76.465	111.5	105.1	86.0
6.2647	76.470	111.8	105.5	86.3
6.2648	76.475	111.9	105.7	86.7
6.2648	76.480	112.3	106.1	87.2
6.2649	76.485	112.5	106.2	87.4
6.2649	76.490	112.3	106.0	87.3
6.2649	76.495	112.5	106.2	87.4
6.2650	76.500	112.4	105.9	87.2
6.2651	76.505	112.5	106.0	87.0
6.2651	76.510	112.5	106.1	87.2
6.2652	76.515	112.5	106.1	86.9
6.2652	76.520	113.1	106.7	87.4
6.2652	76.525	113.4	107.0	88.1
6.2653	76.530	113.2	106.8	87.9
6.2653	76.535	113.1	106.6	87.6
6.2654	76.540	113.0	106.5	87.2
6.2654	76.545	113.4	106.9	87.4
6.2655	76.550	113.7	107.1	87.7
6.2656	76.555	113.6	107.2	87.7
6.2656	76.560	113.4	106.8	87.7
6.2656	76.565	112.7	106.2	87.1
6.2657	76.570	112.8	106.1	86.6
6.2657	76.575	112.8	106.2	86.7
6.2658	76.580	112.5	105.8	86.4
6.2659	76.585	112.8	106.3	86.5
6.2659	76.590	113.0	106.5	86.9
6.2660	76.595	113.1	106.4	86.6
6.2660	76.600	113.0	106.6	87.0
6.2660	76.605	112.6	106.2	86.7
6.2661	76.610	112.2	105.8	86.7
6.2661	76.615	111.9	105.4	86.4
6.2662	76.620	111.7	105.5	86.2
6.2663	76.625	111.4	104.9	85.8
6.2663	76.630	111.8	105.5	85.8
6.2664	76.635	112.3	106.1	86.5
6.2664	76.640	112.6	106.1	86.7
6.2664	76.645	112.5	106.0	86.8
6.2665	76.650	112.1	105.8	86.3
6.2666	76.655	112.2	105.8	86.4
6.2666	76.660	112.2	105.8	86.3
6.2667	76.665	112.0	105.6	86.1
6.2667	76.670	112.1	105.8	86.3
6.2668	76.675	112.3	106.0	86.5
6.2668	76.680	112.5	106.2	86.9
6.2668	76.685	112.6	106.4	86.9
6.2669	76.690	113.1	106.6	87.3
6.2669	76.695	113.1	106.7	87.5
6.2670	76.700	112.9	106.4	87.2
6.2671	76.705	112.5	106.1	87.0
6.2671	76.710	112.5	106.1	86.5
6.2671	76.715	112.6	106.2	86.8
6.2672	76.720	112.7	106.1	86.7
6.2672	76.725	112.6	106.0	86.6
6.2673	76.730	112.6	106.1	86.6
6.2674	76.735	112.6	106.1	86.7
6.2674	76.740	112.9	106.3	87.0
6.2675	76.745	112.7	106.2	87.1
6.2675	76.750	112.7	106.2	86.9
6.2675	76.755	112.9	106.4	87.0
6.2676	76.760	113.3	106.9	87.5
6.2676	76.765	113.5	107.1	87.8
6.2677	76.770	113.7	107.2	88.1
6.2678	76.775	113.4	106.9	87.7
6.2678	76.780	113.0	106.5	87.3
6.2679	76.785	112.7	106.2	87.1
6.2679	76.790	112.4	105.9	86.5
6.2679	76.795	112.4	106.0	86.5
6.2680	76.800	112.6	106.1	86.7
6.2681	76.805	112.5	106.2	86.8
6.2681	76.810	112.5	106.2	86.8
6.2682	76.815	112.8	106.5	87.1
6.2682	76.820	113.5	107.2	87.8
6.2683	76.825	113.6	107.4	88.2
6.2683	76.830	113.2	106.9	88.1
6.2683	76.835	112.7	106.3	87.5
6.2684	76.840	112.4	106.2	87.5
6.2684	76.845	112.0	105.9	87.4
6.2685	76.850	111.8	105.8	87.1
6.2686	76.855	112.4	106.3	87.6
6.2686	76.860	112.6	106.6	87.8
6.2687	76.865	112.9	106.8	87.7
6.2687	76.870	113.3	107.3	88.3
6.2687	76.875	113.3	107.2	88.1
6.2688	76.880	113.5	107.4	88.5
6.2689	76.885	113.3	107.0	88.5
6.2689	76.890	112.8	106.7	87.9
6.2690	76.895	113.0	106.8	87.8
6.2690	76.900	113.0	106.8	87.9
6.2691	76.905	113.3	107.2	88.1
6.2691	76.910	112.9	106.7	88.0
6.2691	76.915	112.6	106.5	87.6
6.2692	76.920	112.8	106.8	87.9
6.2692	76.925	112.9	106.8	87.8
6.2693	76.930	113.3	107.2	88.2
6.2694	76.935	113.8	107.8	88.5
6.2694	76.940	114.4	108.3	89.1
6.2694	76.945	114.6	108.7	89.6
6.2695	76.950	114.3	108.4	89.3
6.2695	76.955	114.2	108.1	89.2
6.2696	76.960	113.8	107.7	88.8
6.2697	76.965	113.4	107.4	88.5
6.2697	76.970	113.7	107.7	88.5
6.2698	76.975	113.6	107.5	88.7
6.2698	76.980	113.2	107.2	88.5
6.2698	76.985	113.3	107.3	88.4
6.2699	76.990	113.3	107.3	88.4
6.2699	76.995	113.3	107.3	88.4
6.2700	77.000	113.6	107.7	88.8
6.2700	77.005	113.8	107.9	88.9
6.2701	77.010	113.7	107.7	88.8
6.2702	77.015	113.8	107.8	88.8
6.2702	77.020	114.0	108.0	89.1
6.2702	77.025	113.6	107.4	88.7
6.2703	77.030	113.4	107.3	88.5
6.2703	77.035	113.2	107.2	88.3
6.2704	77.040	113.3	107.3	88.2
6.2705	77.045	113.7	107.7	88.5
6.2705	77.050	113.7	107.4	88.3
6.2706	77.055	113.1	106.9	87.7
6.2706	77.060	112.8	106.7	87.3
6.2706	77.065	112.8	106.6	87.3
6.2707	77.070	112.5	106.5	87.3
6.2707	77.075	112.2	106.0	87.0
6.2708	77.080	112.5	106.3	86.7
6.2709	77.085	112.3	106.2	86.9
6.2709	77.090	112.6	106.6	86.9
6.2710	77.095	112.8	106.8	87.4
6.2710	77.100	113.0	106.9	87.6
6.2710	77.105	113.2	107.1	87.4
6.2711	77.110	113.2	107.1	87.7
6.2712	77.115	113.0	106.9	87.5
6.2712	77.120	113.1	107.1	87.7
6.2713	77.125	113.3	107.3	88.2
6.2713	77.130	113.3	107.4	88.3
6.2713	77.135	113.0	107.1	88.1
6.2714	77.140	112.6	106.8	87.8
6.2714	77.145	112.3	106.5	87.9
6.2715	77.150	112.1	106.2	87.6
6.2715	77.155	112.1	106.2	87.4
6.2716	77.160	112.2	106.3	87.4
6.2717	77.165	112.3	106.3	87.5
6.2717	77.170	112.2	106.1	87.4
6.2717	77.175	112.2	106.1	87.2
6.2718	77.180	112.1	106.0	87.2
6.2718	77.185	112.4	106.4	87.4
6.2719	77.190	112.2	106.2	87.4
6.2720	77.195	112.0	106.1	87.0
6.2720	77.200	112.0	106.0	86.9
6.2721	77.205	111.8	105.8	86.7
6.2721	77.210	111.7	105.9	87.0
6.2721	77.215	111.6	105.8	87.0
6.2722	77.220	111.6	105.8	87.2
6.2722	77.225	111.7	105.8	86.9
6.2723	77.230	112.2	106.5	87.4
6.2724	77.235	112.4	106.7	87.8
6.2724	77.240	112.3	106.5	87.6
6.2725	77.245	112.1	106.2	87.4
6.2725	77.250	112.1	106.3	87.4
6.2725	77.255	112.0	106.2	87.3
6.2726	77.260	111.6	105.8	86.9
6.2727	77.265	111.5	105.7	87.1
6.2727	77.270	111.2	105.3	86.5
6.2728	77.275	110.9	105.0	86.3
6.2728	77.280	110.8	104.9	86.0
6.2729	77.285	110.8	105.1	86.2
6.2729	77.290	111.0	105.1	86.5
6.2729	77.295	110.7	105.0	86.6
6.2730	77.300	110.3	104.6	86.5
6.2730	77.305	109.9	104.3	86.2
6.2731	77.310	109.5	104.1	85.8
6.2732	77.315	109.6	104.0	86.0
6.2732	77.320	109.8	104.4	86.1
6.2732	77.325	110.3	104.8	86.5
6.2733	77.330	110.5	104.9	86.3
6.2733	77.335	111.0	105.5	86.9
6.2734	77.340	111.5	105.7	87.3
6.2735	77.345	111.1	105.4	87.1
6.2735	77.350	111.5	105.8	87.1
6.2736	77.355	111.6	106.0	87.5
6.2736	77.360	111.7	105.9	87.6
6.2736	77.365	111.8	106.1	87.4
6.2737	77.370	112.2	106.5	87.7
6.2737	77.375	112.2	106.6	88.1
6.2738	77.380	111.9	106.3	88.0
6.2739	77.385	111.6	105.9	87.6
6.2739	77.390	111.4	106.0	87.4
6.2740	77.395	111.6	106.1	87.6
6.2740	77.400	111.7	106.2	87.9
6.2740	77.405	111.3	105.8	87.7
6.2741	77.410	111.3	105.8	87.6
6.2742	77.415	110.9	105.4	87.4
6.2742	77.420	110.8	105.3	87.3
6.2743	77.425	110.8	105.4	87.3
6.2743	77.430	111.0	105.5	87.5
6.2744	77.435	110.8	105.5	87.7
6.2744	77.440	111.1	105.6	87.6
6.2744	77.445	111.1	105.9	88.0
6.2745	77.450	111.3	106.0	88.2
6.2745	77.455	111.1	105.8	88.3
6.2746	77.460	110.7	105.2	87.5
6.2747	77.465	111.0	105.5	87.5
6.2747	77.470	112.1	106.8	88.5
6.2748	77.475	112.3	106.9	89.0
6.2748	77.480	112.0	106.7	88.7
6.2748	77.485	111.9	106.7	88.8
6.2749	77.490	111.6	106.3	88.5
6.2750	77.495	111.1	105.8	88.1
6.2750	77.500	111.3	106.0	88.0
6.2751	77.505	111.5	106.3	88.4
6.2751	77.510	111.7	106.5	88.5
6.2752	77.515	111.8	106.7	88.6
6.2752	77.520	111.8	106.5	88.6
6.2752	77.525	111.7	106.5	88.5
6.2753	77.530	111.4	106.2	88.2
6.2753	77.535	111.3	106.1	88.2
6.2754	77.540	111.1	106.0	88.2
6.2755	77.545	110.8	105.6	88.0
6.2755	77.550	110.3	105.3	87.6
6.2755	77.555	109.9	104.7	87.1
6.2756	77.560	110.0	104.9	86.9
6.2756	77.565	110.6	105.3	87.0
6.2757	77.570	110.9	105.8	87.5
6.2758	77.575	110.8	105.6	87.5
6.2758	77.580	111.1	105.8	87.7
6.2759	77.585	111.4	106.0	87.9
6.2759	77.590	111.7	106.3	88.2
6.2759	77.595	111.6	106.3	88.1
6.2760	77.600	112.0	106.5	88.4
6.2760	77.605	112.0	106.5	88.5
6.2761	77.610	112.1	106.5	88.6
6.2761	77.615	112.3	106.8	88.8
6.2762	77.620	112.6	107.3	89.1
6.2763	77.625	112.6	107.3	89.3
6.2763	77.630	112.6	107.2	89.2
6.2763	77.635	112.6	107.2	89.3
6.2764	77.640	112.7	107.2	89.0
6.2764	77.645	112.7	107.2	89.0
6.2765	77.650	112.5	106.9	89.0
6.2766	77.655	112.4	106.8	88.7
6.2766	77.660	112.3	107.0	88.9
6.2767	77.665	112.3	107.0	88.9
6.2767	77.670	112.3	106.7	88.6
6.2767	77.675	112.6	107.0	88.8
6.2768	77.680	112.6	107.0	89.2
6.2768	77.685	112.7	107.2	89.2
6.2769	77.690	113.0	107.7	89.5
6.2770	77.695	113.2	107.8	89.7
6.2770	77.700	113.3	107.8	89.7
6.2771	77.705	113.0	107.6	89.7
6.2771	77.710	112.8	107.4	89.7
6.2771	77.715	112.4	107.1	89.4
6.2772	77.720	111.8	106.4	88.9
6.2773	77.725	111.4	106.1	88.4
6.2773	77.730	111.2	105.9	88.0
6.2774	77.735	111.3	106.1	88.1
6.2774	77.740	111.6	106.3	88.3
6.2774	77.745	112.0	106.7	88.4
6.2775	77.750	112.6	107.5	89.0
6.2775	77.755	112.8	107.4	89.6
6.2776	77.760	112.3	106.7	88.9
6.2776	77.765	111.9	106.5	88.7
6.2777	77.770	111.7	106.4	88.5
6.2778	77.775	111.9	106.5	88.3
6.2778	77.780	112.0	106.7	88.5
6.2778	77.785	111.9	106.6	88.6
6.2779	77.790	112.2	106.8	88.7
6.2779	77.795	112.2	106.8	88.8
6.2780	77.800	112.2	106.8	88.8
6.2781	77.805	111.6	106.1	88.3
6.2781	77.810	111.4	105.8	87.9
6.2782	77.815	111.0	105.5	87.3
6.2782	77.820	111.2	105.6	87.5
6.2782	77.825	111.6	106.1	87.7
6.2783	77.830	112.0	106.3	88.3
6.2783	77.835	111.7	106.1	88.1
6.2784	77.840	111.5	105.9	87.9
6.2785	77.845	111.1	105.6	87.5
6.2785	77.850	111.2	105.6	87.2
6.2786	77.855	111.4	105.7	87.1
6.2786	77.860	111.7	105.9	87.3
6.2786	77.865	111.9	106.3	87.7
6.2787	77.870	112.0	106.4	88.0
6.2788	77.875	111.7	106.0	87.7
6.2788	77.880	111.6	106.1	87.8
6.2789	77.885	111.3	105.8	87.8
6.2789	77.890	110.4	105.0	87.1
6.2790	77.895	109.8	104.4	86.4
6.2790	77.900	109.8	104.4	86.3
6.2790	77.905	109.6	104.3	86.5
6.2791	77.910	109.9	104.4	86.5
6.2791	77.915	110.0	104.5	86.6
6.2792	77.920	110.1	104.6	86.8
6.2793	77.925	110.0	104.4	86.7
6.2793	77.930	110.4	105.0	86.9
6.2793	77.935	110.8	105.2	87.1
6.2794	77.940	110.9	105.1	87.0
6.2794	77.945	111.4	105.6	87.3
6.2795	77.950	111.4	105.5	87.4
6.2796	77.955	111.4	105.6	87.4
6.2796	77.960	111.4	105.6	87.4
6.2797	77.965	111.6	106.0	87.5
6.2797	77.970	111.5	105.8	87.4
6.2797	77.975	111.5	105.7	87.3
6.2798	77.980	111.5	106.1	87.3
6.2798	77.985	111.9	106.3	87.5
6.2799	77.990	112.3	106.6	87.8
6.2800	77.995	112.1	106.4	87.9
6.2800	78.000	112.4	106.6	88.0
6.2801	78.005	112.9	107.1	88.2
6.2801	78.010	113.5	107.8	89.1
6.2801	78.015	113.5	107.7	89.0
6.2802	78.020	113.4	107.6	88.8
6.2803	78.025	113.5	107.5	88.8
6.2803	78.030	113.9	108.0	89.4
6.2804	78.035	113.8	107.9	89.5
6.2804	78.040	113.6	107.9	89.4
6.2805	78.045	113.4	107.7	89.2
6.2805	78.050	113.4	107.5	88.8
6.2805	78.055	113.3	107.4	88.7
6.2806	78.060	113.2	107.3	88.9
6.2806	78.065	113.0	107.2	88.5
6.2807	78.070	113.0	107.1	88.4
6.2808	78.075	112.8	106.8	88.0
6.2808	78.080	112.5	106.5	87.8
6.2809	78.085	112.4	106.3	87.6
6.2809	78.090	112.5	106.9	87.8
6.2809	78.095	112.8	107.0	88.2
6.2810	78.100	112.6	106.8	88.1
6.2811	78.105	112.6	106.8	87.8
6.2811	78.110	112.7	106.9	87.7
6.2812	78.115	112.9	107.1	88.0
6.2812	78.120	113.4	107.6	88.7
6.2812	78.125	113.1	107.4	88.8
6.2813	78.130	113.1	107.2	88.6
6.2813	78.135	113.2	107.6	88.8
6.2814	78.140	113.3	107.3	88.8
6.2814	78.145	113.0	107.1	88.5
6.2815	78.150	113.1	107.3	88.8
6.2816	78.155	113.0	107.3	88.7
6.2816	78.160	112.9	107.1	88.6
6.2816	78.165	112.9	107.1	88.4
6.2817	78.170	112.8	106.9	88.5
6.2817	78.175	112.8	107.0	88.3
6.2818	78.180	112.7	107.0	88.1
6.2819	78.185	112.3	106.5	87.8
6.2819	78.190	111.9	106.0	87.6
6.2820	78.195	111.5	105.6	87.2
6.2820	78.200	111.6	105.9	87.3
6.2820	78.205	112.1	106.2	87.7
6.2821	78.210	112.7	106.8	88.3
6.2821	78.215	112.9	107.2	88.7
6.2822	78.220	113.2	107.3	88.9
6.2822	78.225	113.0	107.2	88.8
6.2823	78.230	112.8	107.0	88.5
6.2824	78.235	112.7	106.8	88.3
6.2824	78.240	112.7	107.0	88.3
6.2824	78.245	113.1	107.2	88.4
6.2825	78.250	113.0	107.2	88.6
6.2825	78.255	112.6	106.9	88.4
6.2826	78.260	112.4	106.7	88.2
6.2827	78.265	112.5	106.6	88.1
6.2827	78.270	112.5	106.7	88.3
6.2828	78.275	112.3	106.6	88.1
6.2828	78.280	112.3	106.6	88.0
6.2828	78.285	112.3	106.8	88.3
6.2829	78.290	112.3	106.8	88.4
6.2829	78.295	112.3	106.8	88.3
6.2830	78.300	112.1	106.5	88.3
6.2831	78.305	112.1	106.6	88.1
6.2831	78.310	112.4	106.8	88.3
6.2832	78.315	112.4	106.7	88.4
6.2832	78.320	112.4	106.7	88.3
6.2832	78.325	112.1	106.3	88.2
6.2833	78.330	112.0	106.2	87.9
6.2834	78.335	112.2	106.3	87.9
6.2834	78.340	112.2	106.4	88.0
6.2835	78.345	112.1	106.3	88.0
6.2835	78.350	111.8	105.9	87.6
6.2835	78.355	111.8	106.2	87.7
6.2836	78.360	111.8	106.1	88.0
6.2836	78.365	111.6	106.0	87.9
6.2837	78.370	111.6	106.0	87.8
6.2837	78.375	111.7	106.2	87.8
6.2838	78.380	111.9	106.2	87.9
6.2839	78.385	111.8	106.1	87.8
6.2839	78.390	111.7	106.0	87.7
6.2839	78.395	111.2	105.5	87.2
6.2840	78.400	111.3	105.4	87.0
6.2840	78.405	111.6	105.8	87.4
6.2841	78.410	111.9	106.0	87.8
6.2842	78.415	111.9	106.2	87.8
6.2842	78.420	112.1	106.2	88.1
6.2843	78.425	112.1	106.2	87.6
6.2843	78.430	112.5	106.6	88.0
6.2843	78.435	112.6	106.6	88.3
6.2844	78.440	112.2	106.1	87.9
6.2844	78.445	112.0	106.2	87.6
6.2845	78.450	112.3	106.3	87.8
6.2846	78.455	112.3	106.3	87.6
6.2846	78.460	112.2	106.2	87.7
6.2847	78.465	111.9	105.8	87.3
6.2847	78.470	112.2	106.1	87.5
6.2847	78.475	112.1	105.9	87.2
6.2848	78.480	112.1	105.9	87.2
6.2849	78.485	112.8	106.8	87.7
6.2849	78.490	113.3	107.4	88.7
6.2850	78.495	113.4	107.6	89.0
6.2850	78.500	113.6	107.6	89.3
6.2851	78.505	113.6	107.7	89.5
6.2851	78.510	113.8	108.0	89.7
6.2851	78.515	114.0	108.2	90.1
6.2852	78.520	113.8	108.1	90.0
6.2852	78.525	113.6	107.9	89.7
6.2853	78.530	114.0	108.3	90.0
6.2854	78.535	113.7	108.0	90.2
6.2854	78.540	113.4	107.7	89.8
6.2854	78.545	113.2	107.5	89.9
6.2855	78.550	112.7	107.2	89.4
6.2855	78.555	112.4	106.7	89.2
6.2856	78.560	111.9	106.1	88.6
6.2857	78.565	112.1	106.4	88.5
6.2857	78.570	112.2	106.4	88.5
6.2858	78.575	111.9	106.2	88.1
6.2858	78.580	111.7	105.9	87.9
6.2858	78.585	111.8	105.7	87.8
6.2859	78.590	111.5	105.7	87.7
6.2859	78.595	111.1	105.2	87.4
6.2860	78.600	110.4	104.5	86.7
6.2861	78.605	110.8	104.8	86.8
6.2861	78.610	110.7	104.6	86.9
6.2862	78.615	109.5	103.7	86.1
6.2862	78.620	109.2	103.2	85.7
6.2862	78.625	109.4	103.7	85.6
6.2863	78.630	110.4	104.8	86.5
6.2864	78.635	110.8	105.0	87.1
6.2864	78.640	110.8	105.0	87.0
6.2865	78.645	111.2	105.4	87.1
6.2865	78.650	111.5	105.6	87.6
6.2866	78.655	111.1	105.2	87.3
6.2866	78.660	111.2	105.5	87.1
6.2866	78.665	111.2	105.4	87.3
6.2867	78.670	111.2	105.4	87.5
6.2867	78.675	110.9	105.2	87.3
6.2868	78.680	111.2	105.5	87.8
6.2869	78.685	111.2	105.4	87.8
6.2869	78.690	110.8	105.2	87.6
6.2870	78.695	110.6	105.0	87.0
6.2870	78.700	110.7	104.9	87.0
6.2870	78.705	110.7	105.0	86.9
6.2871	78.710	110.9	105.4	87.1
6.2872	78.715	111.0	105.4	87.3
6.2872	78.720	111.0	105.4	87.5
6.2873	78.725	110.8	105.4	87.2
6.2873	78.730	110.6	105.1	87.4
6.2873	78.735	110.6	105.0	87.2
6.2874	78.740	110.5	105.2	87.3
6.2874	78.745	111.0	105.6	87.5
6.2875	78.750	111.0	105.5	87.6
6.2875	78.755	111.1	105.5	87.7
6.2876	78.760	110.9	105.3	87.5
6.2877	78.765	110.8	105.1	87.3
6.2877	78.770	110.9	105.4	87.2
6.2877	78.775	110.7	105.1	87.3
6.2878	78.780	110.4	104.7	86.9
6.2878	78.785	110.1	104.8	86.8
6.2879	78.790	110.1	104.7	86.9
6.2880	78.795	110.5	105.0	86.9
6.2880	78.800	111.2	105.7	87.7
6.2881	78.805	111.4	106.0	88.0
6.2881	78.810	111.8	106.3	88.2
6.2881	78.815	111.9	106.3	88.4
6.2882	78.820	111.7	106.1	88.2
6.2882	78.825	111.5	105.8	88.0
6.2883	78.830	111.5	105.8	87.9
6.2883	78.835	110.9	105.1	87.5
6.2884	78.840	110.6	105.0	87.2
6.2885	78.845	110.4	104.9	87.1
6.2885	78.850	110.6	105.0	87.3
6.2885	78.855	110.6	105.1	87.2
6.2886	78.860	111.0	105.3	87.6
6.2886	78.865	111.3	105.7	88.0
6.2887	78.870	111.9	106.4	88.4
6.2888	78.875	112.4	106.8	89.0
6.2888	78.880	112.3	106.8	89.1
6.2889	78.885	112.0	106.5	89.0
6.2889	78.890	111.7	106.1	88.4
6.2889	78.895	111.2	105.6	87.9
6.2890	78.900	111.0	105.4	87.6
6.2890	78.905	110.9	105.2	87.4
6.2891	78.910	110.7	105.2	87.2
6.2892	78.915	111.1	105.6	87.7
6.2892	78.920	111.4	105.8	87.9
6.2893	78.925	111.6	106.2	88.4
6.2893	78.930	111.6	106.2	88.5
6.2893	78.935	111.6	106.2	88.4
6.2894	78.940	112.0	106.6	88.7
6.2895	78.945	112.3	106.9	89.2
6.2895	78.950	111.7	106.3	89.2
6.2896	78.955	111.1	105.7	88.4
6.2896	78.960	111.2	105.9	88.2
6.2896	78.965	111.3	105.9	88.4
6.2897	78.970	110.7	105.4	88.2
6.2897	78.975	110.5	105.2	87.9
6.2898	78.980	110.7	105.4	87.9
6.2898	78.985	111.1	105.9	88.3
6.2899	78.990	111.2	105.8	88.7
6.2900	78.995	111.0	105.6	88.1
6.2900	79.000	111.3	105.9	88.0
6.2900	79.005	111.0	105.5	88.0
6.2901	79.010	110.5	105.1	87.5
6.2901	79.015	110.4	105.1	87.7
6.2902	79.020	110.2	104.8	87.4
6.2903	79.025	110.1	104.6	87.1
6.2903	79.030	110.3	104.9	87.1
6.2904	79.035	110.3	104.7	87.2
6.2904	79.040	110.0	104.5	86.7
6.2904	79.045	110.5	105.0	87.1
6.2905	79.050	110.7	105.3	87.5
6.2905	79.055	110.8	105.4	88.0
6.2906	79.060	110.8	105.3	87.9
6.2907	79.065	110.8	105.3	87.7
6.2907	79.070	110.7	105.3	87.7
6.2908	79.075	111.1	105.7	87.8
6.2908	79.080	111.3	105.9	88.3
6.2908	79.085	111.0	105.5	88.2
6.2909	79.090	111.6	106.2	88.5
6.2910	79.095	111.8	106.5	88.9
6.2910	79.100	112.2	106.7	89.2
6.2911	79.105	112.4	106.9	89.4
6.2911	79.110	112.5	106.9	89.4
6.2912	79.115	112.3	106.7	89.2
6.2912	79.120	112.0	106.5	89.0
6.2912	79.125	111.7	106.3	88.7
6.2913	79.130	111.5	106.0	88.6
6.2913	79.135	111.1	105.9	88.5
6.2914	79.140	110.7	105.4	88.4
6.2915	79.145	110.0	104.8	87.9
6.2915	79.150	110.0	104.7	87.7
6.2915	79.155	110.0	104.7	87.4
6.2916	79.160	110.5	105.3	87.7
6.2916	79.165	110.9	105.4	88.1
6.2917	79.170	110.8	105.3	87.9
6.2918	79.175	110.9	105.5	87.8
6.2918	79.180	111.0	105.5	88.0
6.2919	79.185	111.0	105.5	88.0
6.2919	79.190	111.0	105.5	87.9
6.2919	79.195	110.6	105.0	87.6
6.2920	79.200	110.3	104.8	87.2
6.2920	79.205	109.8	104.4	87.0
6.2921	79.210	109.1	103.5	86.5
6.2922	79.215	108.8	103.2	86.2
6.2922	79.220	109.5	104.2	86.5
6.2923	79.225	110.4	104.8	87.2
6.2923	79.230	110.7	105.2	87.4
6.2923	79.235	110.9	105.4	87.6
6.2924	79.240	111.4	105.8	87.9
6.2925	79.245	111.7	106.0	88.0
6.2925	79.250	111.6	105.9	88.3
6.2926	79.255	110.9	105.3	87.6
6.2926	79.260	111.3	105.5	87.6
6.2927	79.265	111.5	105.7	87.8
6.2927	79.270	111.0	105.3	87.4
6.2927	79.275	111.4	105.5	87.4
6.2928	79.280	111.4	105.5	87.5
6.2928	79.285	111.5	105.5	87.4
6.2929	79.290	111.7	105.9	87.6
6.2930	79.295	111.5	105.7	87.8
6.2930	79.300	111.4	105.5	87.4
6.2931	79.305	111.5	105.6	87.5
6.2931	79.310	111.8	106.0	87.8
6.2931	79.315	111.8	106.0	87.9
6.2932	79.320	111.4	105.4	87.5
6.2933	79.325	111.6	105.8	87.5
6.2933	79.330	112.2	106.3	88.0
6.2934	79.335	112.1	106.3	88.2
6.2934	79.340	111.6	105.7	87.9
6.2934	79.345	111.4	105.6	87.4
6.2935	79.350	111.3	105.6	87.5
6.2935	79.355	111.1	105.5	87.4
6.2936	79.360	111.3	105.7	87.7
6.2936	79.365	111.0	105.4	87.6
6.2937	79.370	110.8	105.2	87.3
6.2938	79.375	111.0	105.4	87.3
6.2938	79.380	111.0	105.3	87.2
6.2938	79.385	111.0	105.3	87.2
6.2939	79.390	110.9	105.3	87.3
6.2939	79.395	110.8	105.0	87.2
6.2940	79.400	110.6	104.9	87.0
6.2941	79.405	111.0	105.3	87.2
6.2941	79.410	111.3	105.7	87.6
6.2942	79.415	111.5	105.8	87.8
6.2942	79.420	111.3	105.7	87.8
6.2942	79.425	110.4	104.6	86.8
6.2943	79.430	109.0	103.1	85.6
6.2943	79.435	107.0	101.2	84.2
6.2944	79.440	104.2	98.7	82.2
6.2944	79.445	101.8	96.6	80.4
6.2945	79.450	99.5	94.4	78.8
6.2946	79.455	96.9	91.9	76.9
6.2946	79.460	95.0	90.1	75.2
6.2946	79.465	94.3	89.5	74.2
6.2947	79.470	94.9	90.1	74.5
6.2947	79.475	96.0	91.0	74.9
6.2948	79.480	98.1	93.0	76.2
6.2949	79.485	100.5	95.2	77.7
6.2949	79.490	103.8	98.3	80.0
6.2950	79.495	106.5	100.7	82.3
6.2950	79.500	108.1	102.2	84.0
6.2950	79.505	109.2	103.3	85.0
6.2951	79.510	110.3	104.4	86.3
6.2951	79.515	109.9	104.0	86.2
6.2952	79.520	109.3	103.3	85.7
6.2953	79.525	108.4	102.4	84.6
6.2953	79.530	108.8	103.1	85.2
6.2954	79.535	109.2	103.6	85.8
6.2954	79.540	109.5	104.0	86.2
6.2954	79.545	110.1	104.4	86.3
6.2955	79.550	110.4	104.7	86.4
6.2956	79.555	110.7	104.9	86.9
6.2956	79.560	110.6	104.9	86.8
6.2957	79.565	110.6	104.8	86.9
6.2957	79.570	110.9	105.0	86.8
6.2957	79.575	111.3	105.5	87.4
6.2958	79.580	111.1	105.4	87.7
6.2958	79.585	111.0	105.3	87.6
6.2959	79.590	110.9	105.2	87.5
6.2959	79.595	110.3	104.7	87.1
6.2960	79.600	110.3	104.6	86.8
6.2961	79.605	110.2	104.7	86.8
6.2961	79.610	110.1	104.6	86.7
6.2961	79.615	110.5	104.8	86.7
6.2962	79.620	110.7	105.0	86.9
6.2962	79.625	110.7	104.9	86.7
6.2963	79.630	110.8	104.9	86.6
6.2964	79.635	110.6	104.5	86.2
6.2964	79.640	110.5	104.4	85.8
6.2965	79.645	110.5	104.2	85.6
6.2965	79.650	110.1	103.9	85.2
6.2965	79.655	110.0	104.0	85.4
6.2966	79.660	110.1	104.0	85.6
6.2966	79.665	110.2	104.1	85.4
6.2967	79.670	109.9	103.8	85.3
6.2968	79.675	110.0	103.7	84.9
6.2968	79.680	110.4	104.3	85.1
6.2969	79.685	110.5	104.4	85.6
6.2969	79.690	109.8	103.7	85.0
6.2969	79.695	109.7	103.5	84.7
6.2970	79.700	109.7	103.6	84.6
6.2971	79.705	109.9	103.8	85.0
6.2971	79.710	109.5	103.5	84.7
6.2972	79.715	109.5	103.4	84.6
6.2972	79.720	109.5	103.5	84.6
6.2973	79.725	109.8	103.6	84.4
6.2973	79.730	110.1	104.1	85.2
6.2973	79.735	109.8	103.6	85.0
6.2974	79.740	109.9	103.6	84.7
6.2974	79.745	109.5	103.3	84.4
6.2975	79.750	109.0	102.8	83.8
6.2976	79.755	108.7	102.3	83.4
6.2976	79.760	108.3	101.9	83.1
6.2976	79.765	107.9	101.3	82.5
6.2977	79.770	107.6	101.1	81.7
6.2977	79.775	107.6	101.0	81.7
6.2978	79.780	107.2	100.7	81.5
6.2979	79.785	107.3	100.8	81.4
6.2979	79.790	108.1	101.5	81.8
6.2980	79.795	108.9	102.3	82.7
6.2980	79.800	109.3	102.8	83.3
6.2980	79.805	108.6	102.2	83.0
6.2981	79.810	107.9	101.4	82.3
6.2981	79.815	107.6	101.3	82.1
6.2982	79.820	107.2	100.9	82.0
6.2983	79.825	107.0	100.8	81.6
6.2983	79.830	107.2	101.2	81.9
6.2984	79.835	107.5	101.4	82.7
6.2984	79.840	106.9	100.9	82.7
6.2984	79.845	106.9	101.0	82.6
6.2985	79.850	106.9	100.8	82.5
6.2986	79.855	107.0	100.9	82.4
6.2986	79.860	106.9	100.8	82.3
6.2987	79.865	107.1	100.9	82.0
6.2987	79.870	107.4	100.9	81.9
6.2988	79.875	106.9	100.3	81.7
6.2988	79.880	106.7	100.2	81.1
6.2988	79.885	107.1	100.8	81.5
6.2989	79.890	107.2	100.8	81.5
6.2989	79.895	107.3	100.8	81.7
6.2990	79.900	106.9	100.5	81.6
6.2991	79.905	106.6	100.0	81.2
6.2991	79.910	106.4	99.9	80.9
6.2992	79.915	106.3	99.9	80.9
6.2992	79.920	106.5	100.1	81.0
6.2992	79.925	106.7	100.5	81.3
6.2993	79.930	106.9	100.6	81.7
6.2994	79.935	106.7	100.2	81.4
6.2994	79.940	106.6	100.4	81.5
6.2995	79.945	105.8	99.6	81.2
6.2995	79.950	104.9	98.4	80.1
6.2995	79.955	104.3	98.0	79.7
6.2996	79.960	103.7	97.3	79.3
6.2996	79.965	102.7	96.4	78.5
6.2997	79.970	102.0	95.9	77.7
6.2997	79.975	102.4	96.2	77.5
6.2998	79.980	102.8	96.5	77.9
6.2999	79.985	102.9	96.8	78.4
6.2999	79.990	102.8	96.3	78.2
6.2999	79.995	103.1	96.8	78.4
6.3000	80.000	103.1	96.9	78.6
6.3000	80.005	103.1	96.8	78.7
6.3001	80.010	103.3	97.0	78.5
6.3002	80.015	103.7	97.3	78.8
6.3002	80.020	104.0	97.7	79.2
6.3003	80.025	104.6	98.2	79.6
6.3003	80.030	105.1	98.8	80.1
6.3003	80.035	105.1	98.9	80.4
6.3004	80.040	105.4	99.1	80.5
6.3004	80.045	105.8	99.3	80.9
6.3005	80.050	105.6	99.2	80.7
6.3006	80.055	105.6	99.3	80.5
6.3006	80.060	105.6	99.4	80.9
6.3007	80.065	105.6	99.1	80.8
6.3007	80.070	105.4	98.9	80.5
6.3007	80.075	105.4	98.9	80.4
6.3008	80.080	105.6	99.2	80.6
6.3008	80.085	105.9	99.5	81.0
6.3009	80.090	106.0	99.5	81.1
6.3010	80.095	105.8	99.3	80.9
6.3010	80.100	105.6	99.1	80.7
6.3011	80.105	105.4	99.0	80.6
6.3011	80.110	105.5	99.0	80.5
6.3011	80.115	105.2	98.8	80.5
6.3012	80.120	105.2	98.9	80.4
6.3012	80.125	105.2	99.0	80.4
6.3013	80.130	105.3	99.1	80.6
6.3014	80.135	105.3	99.0	80.5
6.3014	80.140	105.3	99.0	80.4
6.3014	80.145	105.6	99.2	81.0
6.3015	80.150	105.5	99.3	80.9
6.3015	80.155	105.7	99.4	81.0
6.3016	80.160	106.3	99.8	81.4
6.3017	80.165	106.3	100.1	81.6
6.3017	80.170	106.3	100.1	81.8
6.3018	80.175	105.7	99.4	81.5
6.3018	80.180	105.4	99.1	81.4
6.3018	80.185	104.9	98.8	81.2
6.3019	80.190	105.0	98.8	81.4
6.3019	80.195	104.7	98.5	81.1
6.3020	80.200	104.2	98.0	80.5
6.3020	80.205	104.3	98.1	80.3
6.3021	80.210	104.2	98.0	80.3
6.3022	80.215	104.3	98.2	80.6
6.3022	80.220	104.8	98.7	80.9
6.3022	80.225	105.1	98.8	80.9
6.3023	80.230	105.0	98.8	80.9
6.3023	80.235	105.3	99.0	81.0
6.3024	80.240	105.8	99.6	81.6
6.3025	80.245	106.1	99.9	81.9
6.3025	80.250	107.0	100.7	82.8
6.3026	80.255	107.9	101.6	83.5
6.3026	80.260	108.0	101.6	83.9
6.3026	80.265	107.9	101.6	83.8
6.3027	80.270	108.4	102.2	84.2
6.3027	80.275	109.2	103.0	85.1
6.3028	80.280	109.1	102.7	85.4
6.3029	80.285	108.0	101.5	84.6
6.3029	80.290	107.5	101.3	83.9
6.3030	80.295	107.5	101.3	84.3
6.3030	80.300	107.3	101.3	84.3
6.3030	80.305	107.0	100.9	84.4
6.3031	80.310	106.8	101.0	84.3
6.3032	80.315	106.6	100.6	84.5
6.3032	80.320	106.0	100.2	84.2
6.3033	80.325	106.2	100.4	84.0
6.3033	80.330	106.5	100.6	84.3
6.3034	80.335	106.4	100.5	84.3
6.3034	80.340	106.4	100.4	84.2
6.3034	80.345	106.4	100.5	84.1
6.3035	80.350	106.7	100.8	84.3
6.3035	80.355	107.1	101.3	84.8
6.3036	80.360	107.6	101.8	85.3
6.3037	80.365	107.5	101.7	85.4
6.3037	80.370	106.8	101.1	84.9
6.3037	80.375	106.6	100.6	84.4
6.3038	80.380	105.9	100.1	83.7
6.3038	80.385	105.8	99.9	83.6
6.3039	80.390	105.5	99.7	83.5
6.3040	80.395	105.6	99.9	83.6
6.3040	80.400	106.8	101.1	84.2
6.3041	80.405	107.5	101.7	85.0
6.3041	80.410	107.7	102.0	85.4
6.3041	80.415	108.7	102.9	86.1
6.3042	80.420	108.8	103.0	86.5
6.3042	80.425	109.4	103.6	86.7
6.3043	80.430	109.5	103.8	87.0
6.3044	80.435	109.6	103.9	86.9
6.3044	80.440	110.0	103.9	87.1
6.3045	80.445	109.7	103.6	87.0
6.3045	80.450	110.5	104.5	87.1
6.3045	80.455	111.4	105.1	87.5
6.3046	80.460	111.7	105.4	87.8
6.3047	80.465	112.5	106.3	88.3
6.3047	80.470	112.8	106.5	89.2
6.3048	80.475	112.3	106.0	88.8
6.3048	80.480	112.3	105.9	88.6
6.3049	80.485	112.6	106.3	89.0
6.3049	80.490	112.9	106.4	89.2
6.3049	80.495	113.0	106.5	89.0
6.3050	80.500	112.8	106.3	88.8
6.3050	80.505	112.3	105.7	88.3
6.3051	80.510	112.6	106.2	88.5
6.3052	80.515	112.4	105.9	88.5
6.3052	80.520	112.0	105.6	88.0
6.3053	80.525	112.2	105.8	88.0
6.3053	80.530	112.2	105.9	88.2
6.3053	80.535	112.2	105.9	88.1
6.3054	80.540	112.1	105.9	88.3
6.3055	80.545	111.5	105.2	87.8
6.3055	80.550	111.4	105.2	87.5
6.3056	80.555	112.0	105.9	88.1
6.3056	80.560	112.6	106.5	88.7
6.3056	80.565	112.8	106.6	88.9
6.3057	80.570	112.4	106.1	88.7
6.3057	80.575	112.5	106.3	88.2
6.3058	80.580	113.2	107.0	88.9
6.3058	80.585	113.6	107.4	89.1
6.3059	80.590	113.5	107.3	89.5
6.3060	80.595	113.1	106.9	89.2
6.3060	80.600	113.0	106.5	89.2
6.3060	80.605	112.6	106.3	88.3
6.3061	80.610	113.0	106.6	88.8
6.3061	80.615	112.8	106.5	88.7
6.3062	80.620	112.0	105.7	88.0
6.3063	80.625	111.6	105.3	87.7
6.3063	80.630	111.1	104.8	87.2
6.3064	80.635	110.7	104.5	86.5
6.3064	80.640	111.1	105.0	86.7
6.3064	80.645	111.2	105.0	87.0
6.3065	80.650	111.4	105.0	87.1
6.3065	80.655	111.7	105.4	87.3
6.3066	80.660	112.2	105.9	87.6
6.3067	80.665	112.3	106.0	87.8
6.3067	80.670	112.3	105.9	87.9
6.3068	80.675	112.1	105.8	87.7
6.3068	80.680	112.6	106.2	88.0
6.3068	80.685	112.6	106.3	88.2
6.3069	80.690	112.6	106.2	88.4
6.3069	80.695	112.2	106.0	88.2
6.3070	80.700	112.3	106.0	88.0
6.3071	80.705	112.3	105.9	87.7
6.3071	80.710	112.7	106.4	88.0
6.3072	80.715	113.2	106.7	88.4
6.3072	80.720	113.3	107.0	88.7
6.3072	80.725	113.2	106.7	88.3
6.3073	80.730	113.2	106.6	88.3
6.3073	80.735	113.3	106.8	88.4
6.3074	80.740	113.5	106.9	88.6
6.3075	80.745	113.6	106.9	88.6
6.3075	80.750	113.5	107.0	88.5
6.3075	80.755	113.3	106.7	88.3
6.3076	80.760	113.4	106.9	88.3
6.3076	80.765	113.4	106.9	88.6
6.3077	80.770	113.5	106.9	88.6
6.3078	80.775	113.7	107.2	88.9
6.3078	80.780	113.5	107.2	89.0
6.3079	80.785	113.5	106.9	88.8
6.3079	80.790	112.8	106.2	88.2
6.3079	80.795	112.2	105.6	87.3
6.3080	80.800	111.6	105.0	86.7
6.3080	80.805	111.4	104.8	86.3
6.3081	80.810	111.7	105.1	86.4
6.3081	80.815	111.7	105.1	86.8
6.3082	80.820	111.5	104.9	86.7
6.3083	80.825	111.5	104.8	86.5
6.3083	80.830	111.7	104.9	86.5
6.3083	80.835	111.6	104.9	86.7
6.3084	80.840	111.9	105.4	86.9
6.3084	80.845	112.7	105.9	87.6
6.3085	80.850	112.6	105.9	87.6
6.3086	80.855	112.7	106.0	87.7
6.3086	80.860	112.7	106.1	88.0
6.3087	80.865	112.6	106.1	87.9
6.3087	80.870	112.6	106.1	88.0
6.3087	80.875	112.4	106.1	88.2
6.3088	80.880	112.5	106.2	88.3
6.3088	80.885	112.8	106.3	88.4
6.3089	80.890	112.8	106.5	88.5
6.3090	80.895	113.7	107.2	88.8
6.3090	80.900	113.5	106.9	88.8
6.3091	80.905	113.8	107.2	88.7
6.3091	80.910	113.8	107.1	88.8
6.3091	80.915	113.6	107.1	88.7
6.3092	80.920	113.3	106.8	88.4
6.3093	80.925	113.6	106.9	88.4
6.3093	80.930	113.5	107.2	88.8
6.3094	80.935	113.2	106.8	88.6
6.3094	80.940	113.2	106.7	88.5
6.3095	80.945	113.3	106.8	88.5
6.3095	80.950	113.4	107.1	88.6
6.3095	80.955	112.9	106.5	88.2
6.3096	80.960	113.1	106.7	88.1
6.3096	80.965	112.9	106.4	88.2
6.3097	80.970	112.9	106.7	88.4
6.3098	80.975	113.2	106.9	88.5
6.3098	80.980	113.3	106.8	88.8
6.3098	80.985	113.2	106.8	88.8
6.3099	80.990	112.9	106.7	88.7
6.3099	80.995	112.9	106.5	88.8
6.3100	81.000	112.6	106.3	88.8
6.3101	81.005	112.5	106.3	88.5
6.3101	81.010	112.3	106.2	88.8
6.3102	81.015	112.0	106.0	88.6
6.3102	81.020	111.3	105.4	88.3
6.3102	81.025	111.2	105.3	88.4
6.3103	81.030	110.8	105.0	88.3
6.3103	81.035	110.0	104.1	87.7
6.3104	81.040	110.0	104.2	87.4
6.3105	81.045	110.6	104.6	87.5
6.3105	81.050	111.4	105.4	87.9
6.3106	81.055	112.3	106.1	88.2
6.3106	81.060	112.9	106.7	88.9
6.3106	81.065	113.4	107.0	89.1
6.3107	81.070	113.2	106.8	88.9
6.3108	81.075	113.0	106.5	88.5
6.3108	81.080	113.0	106.6	88.6
6.3109	81.085	113.1	106.6	88.7
6.3109	81.090	113.1	106.7	88.6
6.3110	81.095	113.3	106.7	89.1
6.3110	81.100	113.1	106.7	89.0
6.3110	81.105	112.8	106.4	88.9
6.3111	81.110	112.5	106.2	88.7
6.3111	81.115	112.3	106.0	88.4
6.3112	81.120	112.4	106.1	88.2
6.3113	81.125	112.8	106.5	88.5
6.3113	81.130	112.8	106.4	88.8
6.3114	81.135	112.4	106.0	88.4
6.3114	81.140	112.1	105.7	88.1
6.3114	81.145	111.9	105.6	88.1
6.3115	81.150	111.5	105.3	87.9
6.3116	81.155	111.1	104.9	87.6
6.3116	81.160	111.2	104.9	87.4
6.3117	81.165	110.7	104.5	87.2
6.3117	81.170	110.2	104.2	86.8
6.3117	81.175	109.7	103.8	87.0
6.3118	81.180	109.2	103.3	86.6
6.3118	81.185	109.1	103.2	86.6
6.3119	81.190	108.9	103.0	86.5
6.3119	81.195	108.9	103.0	85.9
6.3120	81.200	109.6	103.6	86.2
6.3121	81.205	110.1	104.1	86.9
6.3121	81.210	109.7	103.7	86.7
6.3121	81.215	109.6	103.3	86.1
6.3122	81.220	109.9	103.7	85.9
6.3122	81.225	110.6	104.3	86.5
6.3123	81.230	111.1	104.7	86.8
6.3124	81.235	111.6	105.1	87.5
6.3124	81.240	111.2	104.6	87.2
6.3125	81.245	111.2	104.6	86.9
6.3125	81.250	111.9	105.6	87.4
6.3125	81.255	112.5	106.1	88.1
6.3126	81.260	112.6	106.2	88.4
6.3126	81.265	112.8	106.4	88.6
6.3127	81.270	112.7	106.3	88.7
6.3128	81.275	111.9	105.5	88.0
6.3128	81.280	112.3	106.0	88.1
6.3129	81.285	112.0	105.7	88.1
6.3129	81.290	111.9	105.7	88.0
6.3129	81.295	111.9	105.7	87.9
6.3130	81.300	111.9	105.5	87.8
6.3131	81.305	112.0	105.7	88.0
6.3131	81.310	112.0	105.6	88.1
6.3132	81.315	111.6	105.3	87.8
6.3132	81.320	111.5	105.3	87.6
6.3133	81.325	111.0	104.8	87.4
6.3133	81.330	110.2	104.2	86.8
6.3133	81.335	110.3	104.3	86.9
6.3134	81.340	110.5	104.2	86.9
6.3134	81.345	110.8	104.5	87.2
6.3135	81.350	110.8	104.6	87.3
6.3136	81.355	111.0	104.9	87.4
6.3136	81.360	111.4	105.0	87.3
6.3136	81.365	111.8	105.4	87.5
6.3137	81.370	112.1	105.9	88.0
6.3137	81.375	112.8	106.5	88.7
6.3138	81.380	113.3	107.0	89.2
6.3139	81.385	113.4	107.1	89.5
6.3139	81.390	112.8	106.3	89.0
6.3140	81.395	112.3	105.9	88.3
6.3140	81.400	112.8	106.4	88.5
6.3140	81.405	112.6	106.1	88.8
6.3141	81.410	112.2	106.0	88.5
6.3141	81.415	112.1	105.8	88.4
6.3142	81.420	112.2	106.0	88.5
6.3142	81.425	112.3	106.1	88.6
6.3143	81.430	112.5	106.3	88.4
6.3144	81.435	112.8	106.5	88.4
6.3144	81.440	112.9	106.7	88.7
6.3144	81.445	112.7	106.2	88.8
6.3145	81.450	112.3	106.1	88.5
6.3145	81.455	111.9	105.7	87.9
6.3146	81.460	111.9	105.6	87.8
6.3147	81.465	111.5	105.2	87.7
6.3147	81.470	111.3	105.0	87.3
6.3148	81.475	111.4	105.1	87.1
6.3148	81.480	111.8	105.7	87.3
6.3148	81.485	112.1	105.9	87.7
6.3149	81.490	112.1	105.8	87.5
6.3149	81.495	112.3	106.0	87.4
6.3150	81.500	112.8	106.6	87.8
6.3151	81.505	113.3	106.8	88.3
6.3151	81.510	113.7	107.3	88.7
6.3152	81.515	113.6	107.4	88.8
6.3152	81.520	113.9	107.6	89.1
6.3152	81.525	113.5	107.3	88.8
6.3153	81.530	113.3	107.1	88.6
6.3154	81.535	113.1	107.0	88.3
6.3154	81.540	113.2	106.8	88.5
6.3155	81.545	112.8	106.3	88.1
6.3155	81.550	112.0	105.8	87.5
6.3155	81.555	111.9	105.7	87.1
6.3156	81.560	112.1	105.8	87.3
6.3156	81.565	112.1	105.9	87.8
6.3157	81.570	111.7	105.4	87.5
6.3157	81.575	112.2	105.9	87.5
6.3158	81.580	112.4	106.3	88.0
6.3159	81.585	112.5	106.2	88.1
6.3159	81.590	112.7	106.5	88.3
6.3159	81.595	112.7	106.5	88.4
6.3160	81.600	113.0	106.7	88.5
6.3160	81.605	113.1	106.8	88.3
6.3161	81.610	113.6	107.1	88.5
6.3162	81.615	113.9	107.3	88.7
6.3162	81.620	114.3	107.8	89.2
6.3163	81.625	114.4	108.0	89.6
6.3163	81.630	114.3	107.8	89.4
6.3163	81.635	114.4	108.2	89.5
6.3164	81.640	114.5	108.0	89.8
6.3164	81.645	113.3	106.8	88.8
6.3165	81.650	112.5	105.9	87.6
6.3166	81.655	112.3	105.7	87.1
6.3166	81.660	112.7	106.2	87.2
6.3167	81.665	112.8	106.2	87.5
6.3167	81.670	113.3	106.7	88.0
6.3167	81.675	114.2	107.8	89.1
6.3168	81.680	114.6	108.2	89.8
6.3169	81.685	114.6	107.9	89.5
6.3169	81.690	114.4	107.8	89.5
6.3170	81.695	114.1	107.7	89.2
6.3170	81.700	113.6	107.0	88.7
6.3171	81.705	113.8	107.2	88.8
6.3171	81.710	113.8	107.2	89.1
6.3171	81.715	113.7	107.1	88.7
6.3172	81.720	113.7	107.3	88.8
6.3172	81.725	113.6	107.1	88.6
6.3173	81.730	113.3	106.9	88.5
6.3174	81.735	113.0	106.5	88.2
6.3174	81.740	113.0	106.5	88.1
6.3175	81.745	112.7	106.3	87.9
6.3175	81.750	112.1	105.6	87.1
6.3175	81.755	112.2	105.7	87.0
6.3176	81.760	112.3	105.7	86.9
6.3177	81.765	111.3	104.7	86.4
6.3177	81.770	111.2	104.9	86.3
6.3178	81.775	111.0	104.8	86.4
6.3178	81.780	111.0	104.7	86.4
6.3178	81.785	111.2	104.9	86.5
6.3179	81.790	111.4	105.0	86.4
6.3179	81.795	111.5	105.2	86.6
6.3180	81.800	111.5	105.2	86.7
6.3181	81.805	111.1	104.8	86.5
6.3181	81.810	110.7	104.3	86.2
6.3182	81.815	110.5	104.0	86.1
6.3182	81.820	110.3	104.0	85.9
6.3182	81.825	110.5	104.1	85.8
6.3183	81.830	110.8	104.4	86.1
6.3183	81.835	111.3	104.9	86.7
6.3184	81.840	111.3	104.9	86.8
6.3185	81.845	111.4	104.8	86.6
6.3185	81.850	111.5	104.9	87.0
6.3186	81.855	111.4	104.7	86.4
6.3186	81.860	111.6	105.1	86.6
6.3186	81.865	112.3	105.7	87.1
6.3187	81.870	112.9	106.3	87.7
6.3187	81.875	113.1	106.2	87.8
6.3188	81.880	113.3	106.6	87.9
6.3189	81.885	113.6	106.9	88.0
6.3189	81.890	114.0	107.2	88.3
6.3190	81.895	113.8	106.8	88.3
6.3190	81.900	113.9	107.0	88.2
6.3190	81.905	113.7	106.9	88.0
6.3191	81.910	113.5	106.6	87.8
6.3192	81.915	113.5	106.8	88.0
6.3192	81.920	113.4	106.6	88.1
6.3193	81.925	112.6	105.9	87.8
6.3193	81.930	112.0	105.5	87.0
6.3194	81.935	111.7	105.2	87.0
6.3194	81.940	111.2	104.7	86.3
6.3194	81.945	110.8	104.3	86.2
6.3195	81.950	110.6	104.0	86.1
6.3195	81.955	110.5	104.0	86.1
6.3196	81.960	111.0	104.6	86.3
6.3197	81.965	111.6	105.1	86.9
6.3197	81.970	111.7	105.0	86.8
6.3197	81.975	111.5	104.9	86.6
6.3198	81.980	111.4	104.9	86.7
6.3198	81.985	110.8	104.2	86.4
6.3199	81.990	111.2	104.9	86.6
6.3200	81.995	111.7	105.4	87.3
6.3200	82.000	112.0	105.5	87.3
6.3201	82.005	112.5	106.0	87.5
6.3201	82.010	113.3	106.8	88.2
6.3201	82.015	113.9	107.5	88.7
6.3202	82.020	114.1	107.9	89.1
6.3202	82.025	114.1	107.6	89.5
6.3203	82.030	114.3	107.8	89.4
6.3203	82.035	114.1	107.7	89.3
6.3204	82.040	114.5	108.1	89.3
6.3205	82.045	115.2	108.8	89.9
6.3205	82.050	115.6	109.1	90.2
6.3205	82.055	115.8	109.3	90.3
6.3206	82.060	115.7	109.1	90.6
6.3206	82.065	115.5	108.8	90.1
6.3207	82.070	115.3	108.8	90.1
6.3208	82.075	115.8	109.2	90.3
6.3208	82.080	116.1	109.5	90.6
6.3209	82.085	115.9	109.5	90.7
6.3209	82.090	115.4	109.0	90.6
6.3209	82.095	114.2	107.7	90.0
6.3210	82.100	113.1	106.7	88.5
6.3210	82.105	113.2	107.0	88.5
6.3211	82.110	113.1	106.8	88.5
6.3212	82.115	113.2	106.8	88.5
6.3212	82.120	112.6	106.1	87.9
6.3213	82.125	112.8	106.4	87.5
6.3213	82.130	112.9	106.7	88.2
6.3213	82.135	112.3	105.9	87.7
6.3214	82.140	112.0	105.4	87.0
6.3215	82.145	112.3	105.9	87.1
6.3215	82.150	112.5	106.1	87.5
6.3216	82.155	112.5	106.3	87.4
6.3216	82.160	113.4	107.2	88.1
6.3216	82.165	113.4	107.2	88.5
6.3217	82.170	113.2	107.0	88.1
6.3217	82.175	113.4	107.1	88.2
6.3218	82.180	113.7	107.3	88.4
6.3218	82.185	113.9	107.7	88.5
6.3219	82.190	114.0	107.7	88.7
6.3220	82.195	113.9	107.5	88.8
6.3220	82.200	113.6	107.3	88.7
6.3220	82.205	113.8	107.5	88.6
6.3221	82.210	114.2	108.0	89.0
6.3221	82.215	114.4	108.1	89.3
6.3222	82.220	114.9	108.5	89.6
6.3223	82.225	115.1	108.6	89.9
6.3223	82.230	115.4	108.8	89.9
6.3224	82.235	115.3	109.0	90.3
6.3224	82.240	115.8	109.5	90.3
6.3224	82.245	116.3	110.0	90.8
6.3225	82.250	115.6	109.2	90.4
6.3225	82.255	115.1	108.9	90.1
6.3226	82.260	115.1	108.7	89.9
6.3227	82.265	115.0	108.9	89.9
6.3227	82.270	115.2	108.8	90.0
6.3228	82.275	115.3	108.8	90.1
6.3228	82.280	115.3	108.9	90.2
6.3228	82.285	114.6	108.2	89.9
6.3229	82.290	114.4	108.2	89.5
6.3230	82.295	114.2	107.9	89.4
6.3230	82.300	113.9	107.5	89.0
6.3231	82.305	114.2	107.9	89.0
6.3231	82.310	114.9	108.5	89.3
6.3232	82.315	115.3	108.8	89.5
6.3232	82.320	115.3	108.7	89.3
6.3232	82.325	115.8	109.2	89.8
6.3233	82.330	116.0	109.3	90.2
6.3233	82.335	116.0	109.4	90.3
6.3234	82.340	115.7	109.0	90.1
6.3235	82.345	115.2	108.6	89.5
6.3235	82.350	115.4	108.8	89.4
6.3236	82.355	115.8	109.1	89.8
6.3236	82.360	116.2	109.4	89.9
6.3236	82.365	116.3	109.7	90.3
6.3237	82.370	116.4	109.6	90.3
6.3238	82.375	116.0	109.1	89.9
6.3238	82.380	116.1	109.3	89.6
6.3239	82.385	116.8	109.9	90.1
6.3239	82.390	117.1	110.3	90.6
6.3239	82.395	117.2	110.4	90.9
6.3240	82.400	116.6	109.8	90.3
6.3240	82.405	116.3	109.5	90.0
6.3241	82.410	116.4	109.7	90.2
6.3242	82.415	116.3	109.6	90.3
6.3242	82.420	116.4	109.7	90.3
6.3243	82.425	116.5	109.9	90.6
6.3243	82.430	117.0	110.4	90.9
6.3243	82.435	117.4	110.7	91.4
6.3244	82.440	117.1	110.3	91.3
6.3244	82.445	116.2	109.2	90.7
6.3245	82.450	115.8	109.1	89.8
6.3246	82.455	116.3	109.7	90.3
6.3246	82.460	117.2	110.6	91.3
6.3247	82.465	116.4	109.8	91.1
6.3247	82.470	115.3	108.9	90.2
6.3247	82.475	114.9	108.5	89.7
6.3248	82.480	115.4	109.0	89.9
6.3248	82.485	116.0	109.6	90.5
6.3249	82.490	116.4	110.2	91.2
6.3250	82.495	116.5	110.2	91.4
6.3250	82.500	116.2	109.8	91.0
6.3251	82.505	115.8	109.3	90.5
6.3251	82.510	115.6	109.3	90.4
6.3251	82.515	115.3	108.8	90.2
6.3252	82.520	114.9	108.6	90.1
6.3253	82.525	115.1	108.8	90.1
6.3253	82.530	115.0	108.6	90.1
6.3254	82.535	115.1	108.6	90.1
6.3254	82.540	115.8	109.3	90.3
6.3255	82.545	116.7	110.1	91.0
6.3255	82.550	116.9	110.5	91.2
6.3255	82.555	117.1	110.6	91.4
6.3256	82.560	117.4	110.9	91.7
6.3256	82.565	117.3	110.7	91.7
6.3257	82.570	116.7	110.2	91.2
6.3258	82.575	116.6	109.9	90.8
6.3258	82.580	117.0	110.4	90.8
6.3258	82.585	117.7	111.0	91.5
6.3259	82.590	118.0	111.3	91.7
6.3259	82.595	118.3	111.5	92.0
6.3260	82.600	117.8	110.9	91.7
6.3261	82.605	118.0	111.1	91.5
6.3261	82.610	118.0	111.0	91.5
6.3262	82.615	117.7	110.8	91.3
6.3262	82.620	117.9	111.0	91.4
6.3262	82.625	117.8	110.9	91.3
6.3263	82.630	117.6	110.9	91.4
6.3263	82.635	117.8	110.9	91.4
6.3264	82.640	117.7	110.8	91.4
6.3264	82.645	117.9	111.2	91.4
6.3265	82.650	118.5	111.7	91.8
6.3266	82.655	118.2	111.4	91.5
6.3266	82.660	118.8	112.1	91.9
6.3266	82.665	119.1	112.1	92.3
6.3267	82.670	118.8	111.8	92.0
6.3267	82.675	118.8	112.0	92.0
6.3268	82.680	119.1	112.4	92.3
6.3269	82.685	119.1	112.3	92.4
6.3269	82.690	118.8	112.0	92.2
6.3270	82.695	119.0	112.3	92.1
6.3270	82.700	119.5	112.5	92.5
6.3270	82.705	119.8	113.2	92.9
6.3271	82.710	120.3	113.5	93.3
6.3271	82.715	120.6	113.9	93.8
6.3272	82.720	120.9	114.1	93.9
6.3273	82.725	120.5	113.8	93.7
6.3273	82.730	120.2	113.6	93.6
6.3274	82.735	120.0	113.5	93.7
6.3274	82.740	119.7	112.9	93.2
6.3274	82.745	119.1	112.6	92.9
6.3275	82.750	118.7	112.2	92.8
6.3276	82.755	118.3	111.7	92.3
6.3276	82.760	118.6	111.8	92.1
6.3277	82.765	118.5	111.8	92.2
6.3277	82.770	118.6	111.9	92.0
6.3277	82.775	118.4	111.8	92.2
6.3278	82.780	117.9	111.2	91.5
6.3278	82.785	118.3	111.6	91.5
6.3279	82.790	118.4	111.9	92.0
6.3279	82.795	118.3	111.6	91.8
6.3280	82.800	118.1	111.2	91.4
6.3281	82.805	117.8	111.0	91.3
6.3281	82.810	117.9	111.2	91.3
6.3281	82.815	118.2	111.3	91.7
6.3282	82.820	117.8	111.1	91.6
6.3282	82.825	117.7	111.1	91.4
6.3283	82.830	117.6	110.8	91.2
6.3284	82.835	117.6	110.7	91.1
6.3284	82.840	117.9	111.1	90.9
6.3285	82.845	118.4	111.7	91.4
6.3285	82.850	118.7	111.9	91.9
6.3285	82.855	118.7	112.0	92.0
6.3286	82.860	118.8	112.1	91.9
6.3286	82.865	119.2	112.5	92.3
6.3287	82.870	119.3	112.8	92.8
6.3288	82.875	118.6	111.8	92.3
6.3288	82.880	118.2	111.5	92.0
6.3289	82.885	118.0	111.2	91.8
6.3289	82.890	117.9	111.3	91.8
6.3289	82.895	117.9	111.2	91.7
6.3290	82.900	118.1	111.5	91.8
6.3291	82.905	117.9	111.2	91.8
6.3291	82.910	117.6	111.0	91.5
6.3292	82.915	117.3	110.8	91.4
6.3292	82.920	117.5	111.1	91.5
6.3293	82.925	117.2	110.5	91.2
6.3293	82.930	116.9	110.4	90.9
6.3293	82.935	117.0	110.7	90.9
6.3294	82.940	117.3	111.1	91.3
6.3294	82.945	117.4	111.1	91.7
6.3295	82.950	117.6	111.1	91.6
6.3296	82.955	118.1	111.8	92.1
6.3296	82.960	117.4	110.8	91.7
6.3296	82.965	116.9	110.4	91.0
6.3297	82.970	116.8	110.2	91.0
6.3297	82.975	116.9	110.3	91.0
6.3298	82.980	117.1	110.5	91.0
6.3299	82.985	117.7	111.0	91.5
6.3299	82.990	117.7	110.9	91.3
6.3300	82.995	117.7	110.7	90.9
6.3300	83.000	118.0	111.1	91.0
6.3300	83.005	118.2	111.3	91.5
6.3301	83.010	117.7	110.9	91.2
6.3301	83.015	117.4	110.5	90.8
6.3302	83.020	117.2	110.4	90.7
6.3303	83.025	117.3	110.5	90.6
6.3303	83.030	117.5	110.6	90.6
6.3304	83.035	117.6	110.4	90.3
6.3304	83.040	117.5	110.6	90.6
6.3304	83.045	117.5	110.6	90.5
6.3305	83.050	117.9	110.9	90.8
6.3306	83.055	117.8	110.8	90.9
6.3306	83.060	117.4	110.5	90.7
6.3307	83.065	117.4	110.5	90.6
6.3307	83.070	117.6	110.8	90.7
6.3308	83.075	117.6	110.7	90.8
6.3308	83.080	117.6	110.6	90.6
6.3308	83.085	117.7	110.9	91.0
6.3309	83.090	117.8	111.1	91.3
6.3309	83.095	117.6	110.9	91.4
6.3310	83.100	117.6	110.8	91.3
6.3311	83.105	117.4	110.6	91.5
6.3311	83.110	116.8	110.0	90.8
6.3312	83.115	116.6	109.8	90.5
6.3312	83.120	116.5	109.9	90.5
6.3312	83.125	116.2	109.4	89.9
6.3313	83.130	116.3	109.6	89.8
6.3314	83.135	115.7	108.8	89.8
6.3314	83.140	114.7	108.1	89.1
6.3315	83.145	114.0	107.3	88.6
6.3315	83.150	113.6	106.9	87.9
6.3316	83.155	113.7	107.1	87.7
6.3316	83.160	113.9	107.4	88.0
6.3316	83.165	114.0	107.5	88.1
6.3317	83.170	114.3	107.7	88.4
6.3317	83.175	114.1	107.5	88.3
6.3318	83.180	114.0	107.5	88.1
6.3319	83.185	114.4	107.9	88.1
6.3319	83.190	114.7	108.3	88.5
6.3319	83.195	115.1	108.5	89.0
6.3320	83.200	114.8	108.3	89.1
6.3320	83.205	114.4	107.7	88.7
6.3321	83.210	114.0	107.5	88.3
6.3322	83.215	114.5	108.0	88.5
6.3322	83.220	114.4	108.0	88.8
6.3323	83.225	114.1	107.7	88.6
6.3323	83.230	114.0	107.4	88.6
6.3323	83.235	113.6	107.3	88.6
6.3324	83.240	113.5	107.0	88.3
6.3324	83.245	113.7	107.2	88.2
6.3325	83.250	114.2	107.7	88.4
6.3325	83.255	114.7	108.3	88.9
6.3326	83.260	114.6	108.2	88.9
6.3327	83.265	114.4	107.8	88.7
6.3327	83.270	114.4	107.7	88.4
6.3327	83.275	114.7	108.2	88.8
6.3328	83.280	114.9	108.2	89.2
6.3328	83.285	115.1	108.5	89.1
6.3329	83.290	115.4	108.7	89.5
6.3330	83.295	115.0	108.2	89.5
6.3330	83.300	114.5	107.6	88.5
6.3331	83.305	114.8	108.1	88.5
6.3331	83.310	115.2	108.7	89.3
6.3331	83.315	115.6	108.9	89.6
6.3332	83.320	115.4	108.7	89.6
6.3332	83.325	115.1	108.4	89.2
6.3333	83.330	114.8	108.4	89.3
6.3334	83.335	114.7	108.2	89.0
6.3334	83.340	114.6	107.9	88.9
6.3335	83.345	114.9	108.2	88.8
6.3335	83.350	115.3	108.5	89.1
6.3335	83.355	115.4	108.6	89.1
6.3336	83.360	115.8	109.2	89.6
6.3337	83.365	115.9	109.1	90.1
6.3337	83.370	115.3	108.6	89.4
6.3338	83.375	115.1	108.5	89.1
6.3338	83.380	115.0	108.3	88.9
6.3338	83.385	115.3	108.7	89.3
6.3339	83.390	115.6	109.0	89.6
6.3339	83.395	116.4	109.9	90.3
6.3340	83.400	116.6	109.9	90.6
6.3340	83.405	116.3	109.7	90.4
6.3341	83.410	116.2	109.6	90.3
6.3342	83.415	116.3	109.7	90.3
6.3342	83.420	116.3	109.7	90.4
6.3342	83.425	115.8	109.3	90.2
6.3343	83.430	115.2	108.8	89.7
6.3343	83.435	114.7	108.5	89.6
6.3344	83.440	114.8	108.5	89.4
6.3345	83.445	115.2	109.0	89.9
6.3345	83.450	115.1	108.7	90.0
6.3346	83.455	114.9	108.5	89.6
6.3346	83.460	114.8	108.2	89.0
6.3346	83.465	115.4	108.9	89.3
6.3347	83.470	115.9	109.4	89.9
6.3347	83.475	116.5	109.9	90.5
6.3348	83.480	116.1	109.6	90.4
6.3349	83.485	116.0	109.3	90.2
6.3349	83.490	116.3	109.7	90.4
6.3350	83.495	116.4	109.9	90.4
6.3350	83.500	116.7	110.2	90.6
6.3350	83.505	116.8	110.5	90.8
6.3351	83.510	117.1	110.4	91.0
6.3352	83.515	117.2	110.7	91.3
6.3352	83.520	116.9	110.2	91.0
6.3353	83.525	116.6	109.9	90.5
6.3353	83.530	116.8	110.0	90.5
6.3354	83.535	116.7	110.3	90.5
6.3354	83.540	116.3	109.7	90.3
6.3354	83.545	115.2	108.6	89.5
6.3355	83.550	115.1	108.5	88.8
6.3355	83.555	116.3	109.9	89.9
6.3356	83.560	117.2	110.7	91.2
6.3357	83.565	117.1	110.5	91.4
6.3357	83.570	116.8	110.1	90.7
6.3357	83.575	116.3	109.7	90.1
6.3358	83.580	116.1	109.4	90.1
6.3358	83.585	116.4	109.7	90.2
6.3359	83.590	116.3	109.7	90.5
6.3360	83.595	116.0	109.4	90.2
6.3360	83.600	115.9	109.4	90.0
6.3361	83.605	115.8	109.1	89.9
6.3361	83.610	115.5	108.9	89.5
6.3361	83.615	115.7	109.2	89.6
6.3362	83.620	115.6	108.7	89.8
6.3362	83.625	115.0	108.3	89.2
6.3363	83.630	115.4	108.8	89.2
6.3364	83.635	115.5	108.8	89.1
6.3364	83.640	115.6	108.9	89.1
6.3365	83.645	115.8	109.1	89.2
6.3365	83.650	115.8	109.2	89.2
6.3365	83.655	116.1	109.3	89.6
6.3366	83.660	115.7	108.7	89.4
6.3367	83.665	115.6	109.0	89.3
6.3367	83.670	115.8	109.1	89.6
6.3368	83.675	115.3	108.4	89.0
6.3368	83.680	115.3	108.5	88.8
6.3369	83.685	115.4	108.4	89.1
6.3369	83.690	115.0	108.0	88.8
6.3369	83.695	114.5	107.6	88.2
6.3370	83.700	115.2	108.2	88.2
6.3370	83.705	115.4	108.4	88.7
6.3371	83.710	115.8	108.7	88.9
6.3372	83.715	116.2	109.2	89.3
6.3372	83.720	116.4	109.5	89.7
6.3373	83.725	116.5	109.4	89.7
6.3373	83.730	116.2	109.3	89.9
6.3373	83.735	115.6	108.8	89.5
6.3374	83.740	115.1	108.4	89.3
6.3375	83.745	114.9	108.3	89.7
6.3375	83.750	114.7	108.3	89.6
6.3376	83.755	114.6	108.1	89.7
6.3376	83.760	113.9	107.5	89.3
6.3377	83.765	113.4	107.0	88.8
6.3377	83.770	112.5	106.2	88.4
6.3377	83.775	112.9	106.8	88.2
6.3378	83.780	114.4	108.0	89.2
6.3378	83.785	115.1	108.7	89.8
6.3379	83.790	115.4	108.8	89.8
6.3380	83.795	115.2	108.7	89.7
6.3380	83.800	115.0	108.3	89.7
6.3380	83.805	114.6	107.9	89.4
6.3381	83.810	114.4	107.7	89.2
6.3381	83.815	114.2	107.6	89.0
6.3382	83.820	113.9	107.5	88.9
6.3383	83.825	114.1	107.8	89.5
6.3383	83.830	113.4	107.3	89.4
6.3384	83.835	113.0	106.9	88.7
6.3384	83.840	113.3	107.2	88.8
6.3384	83.845	113.9	107.8	89.2
6.3385	83.850	114.1	107.9	89.6
6.3385	83.855	113.9	107.7	89.5
6.3386	83.860	113.2	107.0	88.9
6.3386	83.865	113.1	107.1	88.6
6.3387	83.870	112.6	106.6	88.7
6.3388	83.875	112.3	106.1	88.1
6.3388	83.880	112.3	106.1	88.0
6.3388	83.885	112.1	105.9	87.8
6.3389	83.890	112.8	106.7	88.2
6.3389	83.895	112.8	106.6	88.6
6.3390	83.900	112.2	106.2	88.7
6.3391	83.905	112.2	106.2	88.4
6.3391	83.910	112.8	107.0	88.9
6.3392	83.915	113.1	107.1	89.3
6.3392	83.920	113.1	107.0	89.2
6.3392	83.925	112.6	106.5	88.7
6.3393	83.930	112.7	106.4	88.6
6.3393	83.935	113.1	106.9	88.5
6.3394	83.940	114.1	107.7	88.9
6.3395	83.945	115.1	108.7	89.7
6.3395	83.950	115.2	108.9	89.9
6.3396	83.955	115.4	109.0	90.0
6.3396	83.960	115.7	109.2	90.3
6.3396	83.965	116.2	109.6	90.3
6.3397	83.970	116.3	109.7	90.5
6.3398	83.975	116.4	109.7	90.4
6.3398	83.980	116.3	109.6	90.3
6.3399	83.985	116.7	109.9	90.4
6.3399	83.990	116.7	110.0	90.5
6.3399	83.995	116.5	109.6	90.3
6.3400	84.000	116.4	109.6	90.3
6.3400	84.005	116.2	109.2	90.1
6.3401	84.010	116.3	109.6	90.2
6.3401	84.015	116.8	110.1	90.8
6.3402	84.020	116.5	109.7	90.5
6.3403	84.025	116.1	109.3	90.1
6.3403	84.030	116.4	109.4	90.0
6.3403	84.035	116.0	109.3	89.8
6.3404	84.040	116.4	109.4	89.9
6.3404	84.045	116.5	109.7	90.3
6.3405	84.050	116.6	109.8	90.6
6.3406	84.055	116.5	109.8	90.5
6.3406	84.060	116.8	110.0	90.3
6.3407	84.065	117.0	110.2	90.9
6.3407	84.070	116.9	110.0	91.1
6.3407	84.075	116.6	109.8	90.6
6.3408	84.080	116.6	109.8	90.3
6.3408	84.085	116.6	109.9	90.5
6.3409	84.090	116.8	110.1	90.6
6.3410	84.095	116.7	109.8	90.3
6.3410	84.100	116.8	110.0	90.6
6.3411	84.105	117.0	110.2	90.7
6.3411	84.110	117.3	110.6	91.0
6.3411	84.115	117.1	110.2	91.1
6.3412	84.120	116.5	109.6	90.3
6.3413	84.125	116.6	109.6	90.3
6.3413	84.130	116.5	109.6	90.0
6.3414	84.135	117.0	110.1	90.4
6.3414	84.140	117.1	110.3	90.7
6.3415	84.145	117.4	110.5	90.9
6.3415	84.150	117.1	110.0	90.8
6.3415	84.155	116.6	109.4	90.0
6.3416	84.160	117.0	110.0	90.1
6.3416	84.165	117.6	110.8	91.0
6.3417	84.170	118.0	111.2	91.5
6.3418	84.175	117.8	110.9	91.5
6.3418	84.180	117.6	110.8	91.4
6.3418	84.185	117.3	110.5	91.0
6.3419	84.190	116.9	110.2	90.6
6.3419	84.195	117.4	110.6	90.7
6.3420	84.200	117.6	110.8	90.8
6.3421	84.205	117.7	110.7	90.6
6.3421	84.210	117.6	110.7	90.3
6.3422	84.215	117.9	110.8	90.9
6.3422	84.220	117.6	110.5	90.9
6.3422	84.225	117.5	110.5	90.6
6.3423	84.230	117.6	110.6	90.7
6.3423	84.235	117.4	110.4	90.9
6.3424	84.240	117.3	110.3	90.6
6.3425	84.245	116.9	110.0	90.5
6.3425	84.250	116.8	110.0	90.3
6.3426	84.255	116.4	109.6	89.9
6.3426	84.260	116.3	109.6	90.2
6.3426	84.265	116.4	109.7	90.1
6.3427	84.270	116.7	110.0	90.6
6.3428	84.275	116.2	109.7	90.3
6.3428	84.280	116.2	109.6	90.2
6.3429	84.285	116.3	109.8	90.7
6.3429	84.290	116.7	110.2	90.8
6.3430	84.295	116.5	109.7	90.5
6.3430	84.300	116.0	109.1	90.0
6.3430	84.305	115.6	109.1	89.8
6.3431	84.310	115.3	108.8	89.6
6.3431	84.315	115.3	108.8	89.7
6.3432	84.320	115.6	109.0	89.4
6.3433	84.325	116.1	109.4	90.2
6.3433	84.330	116.3	109.7	90.6
6.3434	84.335	116.2	109.7	90.5
6.3434	84.340	116.0	109.5	90.7
6.3434	84.345	116.0	109.5	90.3
6.3435	84.350	116.6	109.9	90.5
6.3436	84.355	116.8	110.1	90.7
6.3436	84.360	117.1	110.3	90.6
6.3437	84.365	117.3	110.5	90.8
6.3437	84.370	117.5	110.6	90.8
6.3437	84.375	117.2	110.2	90.6
6.3438	84.380	116.9	110.2	90.6
6.3438	84.385	116.8	109.9	90.5
6.3439	84.390	116.4	109.7	90.2
6.3439	84.395	116.3	109.3	89.8
6.3440	84.400	116.5	109.5	89.9
6.3441	84.405	116.6	109.7	90.2
6.3441	84.410	116.4	109.4	89.7
6.3441	84.415	116.8	109.9	89.7
6.3442	84.420	117.3	110.5	90.4
6.3442	84.425	117.8	110.8	90.7
6.3443	84.430	117.5	110.7	90.9
6.3444	84.435	117.6	110.6	90.6
6.3444	84.440	117.9	111.0	91.1
6.3445	84.445	118.0	111.1	91.2
6.3445	84.450	118.2	111.2	91.3
6.3445	84.455	118.3	111.3	91.6
6.3446	84.460	118.1	111.2	91.3
6.3446	84.465	118.3	111.3	91.2
6.3447	84.470	118.6	111.5	91.2
6.3447	84.475	118.7	111.6	91.5
6.3448	84.480	118.8	111.7	91.8
6.3449	84.485	118.6	111.7	91.7
6.3449	84.490	118.5	111.6	91.6
6.3449	84.495	118.3	111.5	91.6
6.3450	84.500	118.1	111.2	91.5
6.3450	84.505	117.8	110.8	91.1
6.3451	84.510	118.1	111.1	91.3
6.3452	84.515	118.3	111.5	91.5
6.3452	84.520	118.8	112.0	92.1
6.3453	84.525	119.2	112.3	92.5
6.3453	84.530	119.0	112.2	92.5
6.3453	84.535	118.7	111.9	92.3
6.3454	84.540	118.4	111.4	91.9
6.3454	84.545	118.1	111.2	91.8
6.3455	84.550	117.7	110.8	91.4
6.3456	84.555	117.7	110.7	91.0
6.3456	84.560	117.5	110.7	91.0
6.3457	84.565	117.0	110.1	90.6
6.3457	84.570	117.1	110.5	90.6
6.3457	84.575	117.8	110.9	91.1
6.3458	84.580	118.0	111.1	91.2
6.3459	84.585	118.1	111.2	91.3
6.3459	84.590	118.2	111.2	91.3
6.3460	84.595	117.8	110.9	91.2
6.3460	84.600	117.4	110.7	90.9
6.3460	84.605	117.3	110.5	90.8
6.3461	84.610	117.0	110.3	90.6
6.3461	84.615	116.5	109.7	90.1
6.3462	84.620	116.3	109.5	89.9
6.3462	84.625	116.7	109.7	89.9
6.3463	84.630	117.5	110.7	90.7
6.3464	84.635	117.9	111.1	91.4
6.3464	84.640	118.0	111.1	91.5
6.3464	84.645	117.7	111.0	91.4
6.3465	84.650	117.5	110.6	91.1
6.3465	84.655	117.3	110.5	90.9
6.3466	84.660	116.7	109.9	90.6
6.3467	84.665	116.5	109.5	90.1
6.3467	84.670	116.8	109.9	90.0
6.3468	84.675	116.9	109.9	90.4
6.3468	84.680	116.6	109.7	90.0
6.3468	84.685	117.2	110.3	90.4
6.3469	84.690	117.7	110.7	91.1
6.3469	84.695	117.9	111.0	91.2
6.3470	84.700	117.9	111.1	91.1
6.3471	84.705	117.5	110.3	90.9
6.3471	84.710	117.3	110.2	90.4
6.3472	84.715	117.4	110.4	90.5
6.3472	84.720	117.2	110.1	90.7
6.3472	84.725	117.3	110.3	90.4
6.3473	84.730	117.7	110.7	90.9
6.3474	84.735	117.6	110.6	90.9
6.3474	84.740	116.8	109.9	90.4
6.3475	84.745	117.0	110.1	89.9
6.3475	84.750	117.6	110.5	90.3
6.3476	84.755	117.6	110.6	90.6
6.3476	84.760	117.6	110.8	90.6
6.3476	84.765	117.5	110.7	90.4
6.3477	84.770	117.2	110.4	90.4
6.3477	84.775	116.8	109.8	90.0
6.3478	84.780	115.8	109.0	89.4
6.3479	84.785	115.5	108.7	89.0
6.3479	84.790	115.3	108.5	89.1
6.3479	84.795	115.0	108.3	88.8
6.3480	84.800	115.0	108.3	88.9
6.3480	84.805	115.1	108.5	88.8
6.3481	84.810	115.7	108.8	89.1
6.3482	84.815	115.9	109.1	89.2
6.3482	84.820	115.9	109.1	89.3
6.3483	84.825	115.8	108.9	89.2
6.3483	84.830	115.1	108.2	88.9
6.3483	84.835	114.9	108.1	88.5
6.3484	84.840	115.2	108.4	88.6
6.3484	84.845	115.1	108.5	88.6
6.3485	84.850	115.2	108.4	88.7
6.3486	84.855	115.7	108.9	88.8
6.3486	84.860	116.5	109.7	89.6
6.3487	84.865	116.6	109.6	89.9
6.3487	84.870	116.5	109.5	89.6
6.3487	84.875	116.4	109.6	89.6
6.3488	84.880	116.7	109.7	89.7
6.3489	84.885	117.1	110.2	89.9
6.3489	84.890	117.0	110.0	90.0
6.3490	84.895	117.0	110.1	89.9
6.3490	84.900	117.1	110.2	90.1
6.3491	84.905	116.6	109.8	90.1
6.3491	84.910	115.5	108.8	89.4
6.3491	84.915	114.5	107.8	88.5
6.3492	84.920	114.5	107.8	88.6
6.3492	84.925	114.8	108.3	88.5
6.3493	84.930	115.2	108.5	88.8
6.3494	84.935	115.1	108.2	89.0
6.3494	84.940	114.6	107.9	88.4
6.3495	84.945	114.4	107.8	88.5
6.3495	84.950	113.8	107.2	88.4
6.3495	84.955	113.0	106.6	88.1
6.3496	84.960	112.3	106.0	87.7
6.3497	84.965	112.8	106.5	88.0
6.3497	84.970	113.5	107.1	88.2
6.3498	84.975	114.3	107.8	88.6
6.3498	84.980	115.4	108.6	88.9
6.3498	84.985	116.2	109.1	89.3
6.3499	84.990	116.7	109.5	89.7
6.3499	84.995	116.5	109.2	89.4
6.3500	85.000	116.5	109.2	89.3
6.3500	85.005	116.6	109.4	89.5
6.3501	85.010	116.8	109.6	89.6
6.3502	85.015	116.4	109.2	89.4
6.3502	85.020	115.9	108.8	88.9
6.3502	85.025	116.4	109.3	89.0
6.3503	85.030	116.6	109.4	89.4
6.3503	85.035	116.5	109.3	89.4
6.3504	85.040	116.6	109.2	89.4
6.3505	85.045	116.7	109.6	89.4
6.3505	85.050	116.8	109.5	89.6
6.3506	85.055	116.7	109.7	89.5
6.3506	85.060	116.8	109.7	89.7
6.3506	85.065	116.7	109.8	89.5
6.3507	85.070	116.2	109.2	89.0
6.3507	85.075	115.9	108.7	88.8
6.3508	85.080	115.7	108.6	88.7
6.3508	85.085	115.3	108.3	88.1
6.3509	85.090	115.7	108.6	88.2
6.3510	85.095	116.4	109.4	89.0
6.3510	85.100	116.7	109.7	89.5
6.3510	85.105	116.9	109.8	89.8
6.3511	85.110	116.6	109.6	89.6
6.3511	85.115	116.6	109.8	89.6
6.3512	85.120	116.5	109.5	89.5
6.3513	85.125	116.5	109.4	89.3
6.3513	85.130	116.8	109.9	89.5
6.3514	85.135	117.2	110.3	90.0
6.3514	85.140	117.2	110.4	90.1
6.3514	85.145	117.0	110.0	90.0
6.3515	85.150	116.5	109.4	89.8
6.3515	85.155	116.0	109.0	89.4
6.3516	85.160	116.3	109.5	89.2
6.3517	85.165	117.0	110.0	89.9
6.3517	85.170	116.8	110.1	90.4
6.3518	85.175	116.7	109.9	90.3
6.3518	85.180	116.9	110.1	90.2
6.3518	85.185	117.3	110.3	90.3
6.3519	85.190	117.3	110.4	90.6
6.3520	85.195	117.2	110.3	90.5
6.3520	85.200	117.1	110.2	90.4
6.3521	85.205	117.0	110.1	90.2
6.3521	85.210	117.1	110.3	90.3
6.3521	85.215	117.2	110.4	90.5
6.3522	85.220	117.1	110.1	90.4
6.3522	85.225	117.0	110.2	90.4
6.3523	85.230	117.2	110.4	90.6
6.3523	85.235	117.2	110.4	90.9
6.3524	85.240	117.1	110.2	90.5
6.3525	85.245	117.0	110.2	90.5
6.3525	85.250	117.4	110.5	90.4
6.3525	85.255	117.6	110.6	90.9
6.3526	85.260	117.9	111.0	91.2
6.3526	85.265	117.9	110.9	91.4
6.3527	85.270	117.9	111.0	91.3
6.3528	85.275	117.9	111.0	91.4
6.3528	85.280	117.5	110.5	91.2
6.3529	85.285	117.1	110.2	90.6
6.3529	85.290	117.1	110.2	90.5
6.3529	85.295	116.5	109.6	89.8
6.3530	85.300	116.2	109.3	89.5
6.3530	85.305	116.2	109.4	89.3
6.3531	85.310	116.8	109.8	90.0
6.3532	85.315	116.5	109.7	90.1
6.3532	85.320	115.9	109.2	89.8
6.3533	85.325	115.5	108.5	89.4
6.3533	85.330	115.5	108.8	89.3
6.3533	85.335	116.3	109.5	89.5
6.3534	85.340	116.6	109.7	90.0
6.3535	85.345	116.0	109.1	89.7
6.3535	85.350	115.7	108.8	89.1
6.3536	85.355	115.8	108.8	89.1
6.3536	85.360	115.0	108.0	88.7
6.3537	85.365	114.4	107.5	87.9
6.3537	85.370	114.6	107.7	87.7
6.3537	85.375	114.8	107.7	88.0
6.3538	85.380	114.8	107.7	88.0
6.3538	85.385	114.4	107.3	87.8
6.3539	85.390	114.2	107.3	87.6
6.3540	85.395	114.2	107.2	87.7
6.3540	85.400	114.3	107.3	87.8
6.3540	85.405	115.0	108.0	88.3
6.3541	85.410	115.3	108.2	88.5
6.3541	85.415	115.0	107.8	88.0
6.3542	85.420	115.1	108.1	88.2
6.3543	85.425	114.9	107.8	88.3
6.3543	85.430	114.5	107.4	87.7
6.3544	85.435	113.7	106.6	87.3
6.3544	85.440	113.2	106.3	86.9
6.3544	85.445	112.5	105.5	86.7
6.3545	85.450	112.1	105.3	86.2
6.3545	85.455	112.5	105.6	86.3
6.3546	85.460	112.7	105.7	86.4
6.3547	85.465	112.6	105.7	86.1
6.3547	85.470	113.0	106.1	86.5
6.3548	85.475	113.1	106.2	86.9
6.3548	85.480	112.6	105.8	86.3
6.3548	85.485	112.6	105.8	86.4
6.3549	85.490	112.5	105.6	86.2
6.3550	85.495	112.5	105.7	86.2
6.3550	85.500	112.8	105.9	86.3
6.3551	85.505	113.5	106.6	86.9
6.3551	85.510	113.7	106.7	87.5
6.3552	85.515	113.6	106.6	87.2
6.3552	85.520	114.1	107.2	87.3
6.3552	85.525	114.0	106.8	87.4
6.3553	85.530	113.7	106.7	87.0
6.3553	85.535	113.8	106.8	86.9
6.3554	85.540	113.7	106.8	86.9
6.3555	85.545	113.5	106.5	86.9
6.3555	85.550	113.4	106.4	86.6
6.3556	85.555	113.7	106.8	87.0
6.3556	85.560	114.0	107.0	87.2
6.3556	85.565	114.0	107.0	87.1
6.3557	85.570	114.3	107.3	86.9
6.3558	85.575	114.8	107.8	87.7
6.3558	85.580	115.0	108.1	88.2
6.3559	85.585	115.0	108.2	88.5
6.3559	85.590	115.1	108.2	88.8
6.3559	85.595	114.9	108.1	88.4
6.3560	85.600	115.5	108.7	89.1
6.3560	85.605	114.5	107.5	88.4
6.3561	85.610	113.4	106.3	87.1
6.3561	85.615	113.4	106.5	86.7
6.3562	85.620	113.1	106.2	86.5
6.3563	85.625	113.0	106.1	86.3
6.3563	85.630	112.7	105.8	86.1
6.3563	85.635	112.8	106.0	86.3
6.3564	85.640	112.6	106.0	86.7
6.3564	85.645	112.1	105.3	85.8
6.3565	85.650	113.3	106.6	86.5
6.3566	85.655	114.5	107.7	87.7
6.3566	85.660	114.6	107.6	87.9
6.3567	85.665	114.2	107.0	87.4
6.3567	85.670	113.8	106.8	87.0
6.3567	85.675	114.9	107.8	87.9
6.3568	85.680	115.8	108.8	88.8
6.3568	85.685	116.5	109.5	89.4
6.3569	85.690	116.5	109.5	90.0
6.3569	85.695	115.2	108.3	89.5
6.3570	85.700	113.9	107.1	88.1
6.3571	85.705	114.3	107.5	87.9
6.3571	85.710	114.6	107.9	88.3
6.3571	85.715	114.8	107.9	88.3
6.3572	85.720	114.4	107.5	88.1
6.3572	85.725	114.6	107.8	88.2
6.3573	85.730	114.6	107.8	88.3
6.3574	85.735	114.8	107.9	88.5
6.3574	85.740	115.1	108.3	88.7
6.3575	85.745	115.6	108.6	89.2
6.3575	85.750	116.1	109.3	89.5
6.3575	85.755	116.0	109.1	89.5
6.3576	85.760	116.0	109.3	89.5
6.3576	85.765	116.4	109.6	89.8
6.3577	85.770	116.6	109.7	89.9
6.3578	85.775	116.6	109.8	89.9
6.3578	85.780	116.7	109.8	90.2
6.3579	85.785	117.1	110.2	90.5
6.3579	85.790	117.0	110.2	90.7
6.3579	85.795	116.8	110.0	90.5
6.3580	85.800	116.6	109.6	90.1
6.3581	85.805	116.4	109.4	89.7
6.3581	85.810	116.4	109.6	89.9
6.3582	85.815	116.2	109.1	89.8
6.3582	85.820	116.0	109.3	89.5
6.3582	85.825	116.0	109.4	89.7
6.3583	85.830	116.0	109.0	89.4
6.3583	85.835	115.9	109.2	89.5
6.3584	85.840	116.0	109.2	89.5
6.3584	85.845	115.9	109.1	89.5
6.3585	85.850	115.3	108.4	89.1
6.3586	85.855	115.4	108.6	88.8
6.3586	85.860	115.8	108.9	89.3
6.3586	85.865	116.1	109.2	89.7
6.3587	85.870	116.0	109.0	89.6
6.3587	85.875	115.9	108.8	89.1
6.3588	85.880	116.2	109.1	89.4
6.3589	85.885	116.2	109.0	89.3
6.3589	85.890	115.9	109.0	89.4
6.3590	85.895	115.5	108.5	89.0
6.3590	85.900	115.4	108.5	88.8
6.3590	85.905	115.5	108.7	88.9
6.3591	85.910	115.4	108.5	88.7
6.3591	85.915	115.0	108.1	88.4
6.3592	85.920	115.7	108.8	88.7
6.3593	85.925	116.2	109.1	89.2
6.3593	85.930	116.1	109.2	89.2
6.3594	85.935	116.3	109.4	89.5
6.3594	85.940	116.0	109.1	89.3
6.3594	85.945	115.7	108.7	89.0
6.3595	85.950	115.0	108.1	88.3
6.3596	85.955	115.5	108.8	88.9
6.3596	85.960	116.3	109.5	89.8
6.3597	85.965	116.6	109.6	90.1
6.3597	85.970	116.2	109.3	89.7
6.3598	85.975	115.8	109.0	89.1
6.3598	85.980	115.9	108.9	88.9
6.3598	85.985	116.3	109.5	89.4
6.3599	85.990	117.0	110.2	90.0
6.3599	85.995	116.7	109.7	90.1
6.3600	86.000	116.6	109.7	89.9
6.3601	86.005	116.7	109.9	89.9
6.3601	86.010	117.1	110.3	90.5
6.3601	86.015	117.3	110.4	91.0
6.3602	86.020	116.5	109.5	90.3
6.3602	86.025	116.1	109.1	89.5
6.3603	86.030	115.9	108.9	89.2
6.3604	86.035	115.7	108.9	89.2
6.3604	86.040	115.7	108.9	89.4
6.3605	86.045	116.2	109.3	89.3
6.3605	86.050	116.9	110.1	90.1
6.3605	86.055	116.9	110.0	90.1
6.3606	86.060	116.7	109.7	90.1
6.3606	86.065	116.4	109.4	89.8
6.3607	86.070	116.3	109.6	89.6
6.3608	86.075	116.2	109.1	89.5
6.3608	86.080	116.1	109.1	89.1
6.3609	86.085	116.3	109.3	89.4
6.3609	86.090	116.1	109.2	89.1
6.3609	86.095	115.6	108.5	88.7
6.3610	86.100	116.0	109.0	88.8
6.3611	86.105	116.9	109.8	89.7
6.3611	86.110	117.0	110.1	90.1
6.3612	86.115	117.2	110.2	90.4
6.3612	86.120	116.6	109.8	90.0
6.3613	86.125	116.3	109.5	89.3
6.3613	86.130	116.8	110.0	89.8
6.3613	86.135	116.7	110.0	89.9
6.3614	86.140	116.7	109.8	90.1
6.3614	86.145	116.1	109.2	89.7
6.3615	86.150	116.3	109.3	89.3
6.3616	86.155	116.2	109.4	89.5
6.3616	86.160	116.1	108.9	89.3
6.3617	86.165	116.0	109.3	89.5
6.3617	86.170	116.3	109.5	90.0
6.3617	86.175	116.4	109.6	89.8
6.3618	86.180	116.4	109.6	89.9
6.3619	86.185	115.7	108.7	89.5
6.3619	86.190	115.3	108.6	89.0
6.3620	86.195	115.7	108.9	89.3
6.3620	86.200	116.0	109.3	89.6
6.3620	86.205	115.8	109.0	89.5
6.3621	86.210	114.8	108.0	88.9
6.3621	86.215	114.4	107.5	88.2
6.3622	86.220	114.7	108.1	88.3
6.3622	86.225	114.8	107.9	88.4
6.3623	86.230	114.8	107.9	88.2
6.3624	86.235	115.0	108.1	88.2
6.3624	86.240	115.8	108.9	88.9
6.3624	86.245	116.2	109.2	89.6
6.3625	86.250	115.7	108.7	89.3
6.3625	86.255	114.0	106.8	88.0
6.3626	86.260	110.7	103.6	85.1
6.3627	86.265	106.9	100.0	82.5
6.3627	86.270	102.8	96.4	79.4
6.3628	86.275	101.3	95.0	78.0
6.3628	86.280	99.4	93.5	76.8
6.3628	86.285	98.8	93.0	76.2
6.3629	86.290	101.9	96.0	77.5
6.3629	86.295	108.4	102.3	82.1
6.3630	86.300	111.1	104.6	85.6
6.3631	86.305	110.9	104.1	85.0
6.3631	86.310	110.7	104.0	84.8
6.3632	86.315	110.5	104.0	84.9
6.3632	86.320	109.3	102.9	84.7
6.3632	86.325	108.0	101.8	83.5
6.3633	86.330	108.1	101.8	83.3
6.3633	86.335	109.6	103.2	84.3
6.3634	86.340	111.5	105.1	85.8
6.3635	86.345	113.1	106.7	87.1
6.3635	86.350	113.6	107.1	88.0
6.3636	86.355	113.5	106.9	88.0
6.3636	86.360	113.3	106.8	88.0
6.3636	86.365	113.8	107.4	88.6
6.3637	86.370	113.7	107.3	88.9
6.3637	86.375	113.4	106.9	88.3
6.3638	86.380	113.5	106.9	88.2
6.3639	86.385	113.8	107.1	88.1
6.3639	86.390	114.1	107.5	88.2
6.3639	86.395	114.6	107.8	88.7
6.3640	86.400	114.3	107.6	88.7
6.3640	86.405	114.2	107.5	88.1
6.3641	86.410	114.5	107.8	88.4
6.3642	86.415	114.6	107.9	88.6
6.3642	86.420	114.4	107.5	88.5
6.3643	86.425	114.4	107.7	88.2
6.3643	86.430	114.7	107.8	88.3
6.3643	86.435	114.7	107.9	88.5
6.3644	86.440	114.9	108.2	88.8
6.3644	86.445	115.4	108.8	89.3
6.3645	86.450	115.6	108.9	89.7
6.3645	86.455	115.2	108.5	89.3
6.3646	86.460	114.9	108.1	89.0
6.3647	86.465	114.4	107.8	89.0
6.3647	86.470	113.1	106.6	88.1
6.3647	86.475	112.6	106.2	87.5
6.3648	86.480	112.3	105.9	87.4
6.3648	86.485	112.1	105.7	87.1
6.3649	86.490	112.2	105.9	87.5
6.3650	86.495	112.2	105.8	87.5
6.3650	86.500	111.6	105.2	87.2
6.3651	86.505	111.0	104.8	86.8
6.3651	86.510	110.5	104.3	86.5
6.3651	86.515	110.2	104.3	86.3
6.3652	86.520	110.1	104.2	86.3
6.3652	86.525	109.5	103.5	85.9
6.3653	86.530	109.2	103.2	85.6
6.3654	86.535	109.2	103.2	85.7
6.3654	86.540	109.4	103.3	85.9
6.3655	86.545	109.7	103.5	85.8
6.3655	86.550	110.4	104.3	86.4
6.3655	86.555	111.4	105.2	87.3
6.3656	86.560	112.1	105.7	87.7
6.3657	86.565	112.5	106.3	87.9
6.3657	86.570	113.2	107.1	88.6
6.3658	86.575	113.5	107.2	88.7
6.3658	86.580	113.6	107.3	88.5
6.3659	86.585	114.1	107.6	88.8
6.3659	86.590	114.3	107.8	89.2
6.3659	86.595	113.9	107.4	89.0
6.3660	86.600	113.4	106.8	88.4
6.3660	86.605	113.8	107.0	87.9
6.3661	86.610	114.4	107.6	88.2
6.3662	86.615	114.7	107.7	88.5
6.3662	86.620	114.8	108.2	88.6
6.3662	86.625	115.1	108.2	88.6
6.3663	86.630	114.9	108.0	88.5
6.3663	86.635	114.3	107.3	87.8
6.3664	86.640	113.3	106.4	87.0
6.3665	86.645	112.1	105.1	85.9
6.3665	86.650	110.1	103.3	84.7
6.3666	86.655	108.7	102.1	83.7
6.3666	86.660	108.1	101.9	83.1
6.3666	86.665	108.5	102.1	83.1
6.3667	86.670	109.2	102.7	83.2
6.3667	86.675	110.4	103.8	84.5
6.3668	86.680	110.7	104.1	85.1
6.3669	86.685	111.3	104.6	85.2
6.3669	86.690	112.5	105.7	85.8
6.3670	86.695	113.5	106.7	86.8
6.3670	86.700	113.7	107.1	87.4
6.3670	86.705	113.4	106.5	87.2
6.3671	86.710	113.2	106.3	86.8
6.3672	86.715	112.5	105.6	86.3
6.3672	86.720	111.9	105.2	85.8
6.3673	86.725	112.5	105.5	85.8
6.3673	86.730	112.6	105.6	86.2
6.3674	86.735	112.6	105.6	85.9
6.3674	86.740	112.2	105.0	85.7
6.3674	86.745	111.8	104.5	85.1
6.3675	86.750	112.2	104.9	85.2
6.3675	86.755	111.2	103.9	84.8
6.3676	86.760	109.8	102.7	83.5
6.3677	86.765	109.2	102.1	83.0
6.3677	86.770	109.6	102.8	83.2
6.3678	86.775	110.5	103.6	84.2
6.3678	86.780	111.0	104.1	84.6
6.3678	86.785	111.1	104.1	84.7
6.3679	86.790	111.0	103.8	84.4
6.3680	86.795	110.8	103.6	84.2
6.3680	86.800	110.8	103.9	84.4
6.3681	86.805	111.3	104.4	84.9
6.3681	86.810	111.3	104.5	85.4
6.3681	86.815	111.8	104.7	85.7
6.3682	86.820	111.7	105.0	85.8
6.3682	86.825	111.6	104.7	85.8
6.3683	86.830	111.1	104.1	85.6
6.3683	86.835	110.2	103.1	84.4
6.3684	86.840	109.9	103.1	83.9
6.3685	86.845	109.7	102.7	83.8
6.3685	86.850	110.1	103.0	83.9
6.3685	86.855	110.3	103.3	84.5
6.3686	86.860	110.4	103.7	84.8
6.3686	86.865	110.8	104.0	85.3
6.3687	86.870	111.1	104.2	85.3
6.3688	86.875	111.5	104.7	85.5
6.3688	86.880	112.1	105.2	85.9
6.3689	86.885	112.1	105.3	86.2
6.3689	86.890	112.0	105.0	86.2
6.3689	86.895	111.7	104.9	86.1
6.3690	86.900	111.7	105.0	86.2
6.3690	86.905	111.8	105.1	86.3
6.3691	86.910	111.9	105.3	86.5
6.3692	86.915	112.0	105.2	86.4
6.3692	86.920	112.0	105.5	86.6
6.3693	86.925	111.7	105.0	86.4
6.3693	86.930	111.1	104.3	85.7
6.3693	86.935	111.0	104.2	85.5
6.3694	86.940	110.6	103.9	85.5
6.3694	86.945	110.4	104.0	85.3
6.3695	86.950	110.7	104.2	85.4
6.3696	86.955	111.1	104.4	85.7
6.3696	86.960	111.0	104.4	85.6
6.3697	86.965	111.1	104.4	85.8
6.3697	86.970	111.2	104.4	85.8
6.3697	86.975	111.3	104.5	85.5
6.3698	86.980	111.7	104.9	85.9
6.3698	86.985	111.9	105.0	85.9
6.3699	86.990	111.7	105.0	85.9
6.3700	86.995	111.5	104.6	85.8
6.3700	87.000	111.3	104.4	85.6
6.3700	87.005	111.1	104.2	85.3
6.3701	87.010	111.2	104.2	85.1
6.3701	87.015	111.6	104.9	85.7
6.3702	87.020	111.4	104.6	85.6
6.3703	87.025	110.8	103.8	84.9
6.3703	87.030	110.6	103.6	84.5
6.3704	87.035	110.9	104.0	84.8
6.3704	87.040	111.0	104.3	85.2
6.3704	87.045	110.9	104.1	85.2
6.3705	87.050	110.5	103.6	84.9
6.3705	87.055	110.6	103.8	84.7
6.3706	87.060	110.7	103.8	84.8
6.3706	87.065	110.5	103.8	84.7
6.3707	87.070	110.6	103.7	84.7
6.3708	87.075	110.3	103.5	84.7
6.3708	87.080	109.9	103.1	84.3
6.3708	87.085	110.1	103.3	84.4
6.3709	87.090	110.8	104.0	84.9
6.3709	87.095	111.4	104.8	85.6
6.3710	87.100	111.9	105.0	85.8
6.3711	87.105	111.8	105.0	86.1
6.3711	87.110	111.6	104.7	86.0
6.3712	87.115	111.1	104.2	85.6
6.3712	87.120	111.0	104.1	85.2
6.3712	87.125	111.1	104.3	85.3
6.3713	87.130	110.5	103.8	84.6
6.3713	87.135	110.7	103.9	84.9
6.3714	87.140	111.2	104.4	85.2
6.3715	87.145	111.5	104.6	85.3
6.3715	87.150	111.7	104.8	85.6
6.3716	87.155	111.8	105.0	85.8
6.3716	87.160	111.4	104.6	85.6
6.3716	87.165	111.1	104.3	85.2
6.3717	87.170	111.0	104.2	85.2
6.3718	87.175	111.0	104.2	85.1
6.3718	87.180	110.8	103.8	84.8
6.3719	87.185	110.7	104.0	85.0
6.3719	87.190	110.3	103.5	84.6
6.3720	87.195	110.3	103.3	83.9
6.3720	87.200	110.4	103.4	84.2
6.3720	87.205	110.2	103.3	84.5
6.3721	87.210	109.7	102.7	84.0
6.3721	87.215	109.7	102.9	84.0
6.3722	87.220	109.8	102.9	84.0
6.3723	87.225	109.9	103.1	84.0
6.3723	87.230	110.2	103.3	84.3
6.3723	87.235	110.5	103.6	84.6
6.3724	87.240	110.4	103.4	84.4
6.3724	87.245	110.9	103.9	84.7
6.3725	87.250	111.3	104.3	85.3
6.3726	87.255	111.2	104.6	85.4
6.3726	87.260	111.0	104.2	85.1
6.3727	87.265	111.1	104.3	85.0
6.3727	87.270	111.0	104.2	85.2
6.3727	87.275	110.8	104.0	85.2
6.3728	87.280	110.7	103.9	84.9
6.3728	87.285	110.8	104.0	84.8
6.3729	87.290	110.9	104.2	85.0
6.3730	87.295	111.0	104.1	85.1
6.3730	87.300	111.1	104.3	85.3
6.3731	87.305	110.9	104.0	85.4
6.3731	87.310	110.2	103.5	85.1
6.3731	87.315	110.1	103.5	84.7
6.3732	87.320	110.1	103.4	85.1
6.3733	87.325	109.8	103.1	85.0
6.3733	87.330	109.3	102.6	84.7
6.3734	87.335	108.7	102.2	83.9
6.3734	87.340	108.7	102.2	84.1
6.3735	87.345	108.5	101.9	83.9
6.3735	87.350	108.0	101.3	83.3
6.3735	87.355	108.1	101.6	83.3
6.3736	87.360	108.4	102.0	84.0
6.3736	87.365	108.1	101.7	84.0
6.3737	87.370	107.8	101.4	84.0
6.3738	87.375	107.6	101.3	83.9
6.3738	87.380	107.2	101.1	83.8
6.3739	87.385	107.2	101.3	84.0
6.3739	87.390	107.5	101.4	84.2
6.3739	87.395	107.4	101.4	84.1
6.3740	87.400	107.6	101.3	83.9
6.3741	87.405	107.9	101.5	83.8
6.3741	87.410	108.0	101.7	83.9
6.3742	87.415	108.2	101.8	84.1
6.3742	87.420	108.4	101.8	83.9
6.3742	87.425	108.9	102.5	84.3
6.3743	87.430	109.6	102.9	84.6
6.3743	87.435	109.8	103.2	84.5
6.3744	87.440	109.9	103.2	84.7
6.3744	87.445	109.8	103.2	84.6
6.3745	87.450	110.3	103.7	84.8
6.3746	87.455	110.4	103.9	85.2
6.3746	87.460	110.0	103.4	84.9
6.3746	87.465	110.0	103.5	84.7
6.3747	87.470	110.1	103.5	84.7
6.3747	87.475	110.1	103.5	84.8
6.3748	87.480	110.3	103.7	84.8
6.3749	87.485	110.4	103.7	84.7
6.3749	87.490	110.5	104.0	85.0
6.3750	87.495	110.7	104.1	85.2
6.3750	87.500	110.7	104.1	85.3
6.3750	87.505	110.7	103.9	85.2
6.3751	87.510	109.9	103.0	84.7
6.3751	87.515	109.5	102.8	84.2
6.3752	87.520	109.0	102.3	84.0
6.3753	87.525	108.6	101.9	83.5
6.3753	87.530	108.1	101.7	83.2
6.3754	87.535	107.7	101.4	83.0
6.3754	87.540	107.0	100.9	82.9
6.3754	87.545	106.4	100.3	82.7
6.3755	87.550	105.9	99.9	82.1
6.3756	87.555	105.9	99.8	82.1
6.3756	87.560	106.2	100.1	82.4
6.3757	87.565	105.9	99.9	82.4
6.3757	87.570	105.7	99.7	82.5
6.3758	87.575	104.9	99.1	82.2
6.3758	87.580	104.6	98.8	81.8
6.3758	87.585	104.0	98.3	81.4
6.3759	87.590	103.8	97.8	81.0
6.3759	87.595	103.8	97.7	80.5
6.3760	87.600	104.8	98.7	80.7
6.3761	87.605	105.9	99.5	81.1
6.3761	87.610	107.0	100.4	81.8
6.3761	87.615	107.8	101.1	82.4
6.3762	87.620	108.4	101.7	82.6
6.3762	87.625	108.8	102.1	83.3
6.3763	87.630	108.8	102.1	83.3
6.3764	87.635	108.8	102.0	83.5
6.3764	87.640	108.7	101.9	83.4
6.3765	87.645	108.4	101.8	83.1
6.3765	87.650	108.4	101.6	83.0
6.3765	87.655	108.4	101.7	82.8
6.3766	87.660	108.7	102.0	83.1
6.3766	87.665	108.8	102.0	83.2
6.3767	87.670	108.8	102.0	83.1
6.3767	87.675	109.2	102.7	83.2
6.3768	87.680	109.5	102.7	84.0
6.3769	87.685	109.1	102.2	83.5
6.3769	87.690	109.1	102.3	83.5
6.3769	87.695	108.9	102.1	83.2
6.3770	87.700	108.7	102.0	83.2
6.3770	87.705	108.5	101.7	82.9
6.3771	87.710	108.2	101.7	82.9
6.3772	87.715	108.2	101.6	82.9
6.3772	87.720	108.5	101.8	83.0
6.3773	87.725	108.8	102.1	83.3
6.3773	87.730	108.7	101.9	83.3
6.3773	87.735	108.8	101.9	83.2
6.3774	87.740	108.5	101.7	83.0
6.3774	87.745	109.1	102.5	83.3
6.3775	87.750	109.5	102.8	84.2
6.3776	87.755	108.7	102.2	83.9
6.3776	87.760	108.7	102.3	83.6
6.3777	87.765	109.4	102.8	84.1
6.3777	87.770	109.3	102.7	83.9
6.3777	87.775	109.4	102.8	84.3
6.3778	87.780	108.8	102.3	83.9
6.3779	87.785	108.1	101.6	83.5
6.3779	87.790	108.1	101.6	83.4
6.3780	87.795	108.3	101.9	83.6
6.3780	87.800	107.8	101.5	83.3
6.3780	87.805	107.5	101.3	83.4
6.3781	87.810	107.4	101.2	83.3
6.3781	87.815	107.2	100.9	83.1
6.3782	87.820	107.4	101.0	83.0
6.3782	87.825	107.7	101.2	83.2
6.3783	87.830	107.8	101.4	83.2
6.3784	87.835	107.5	101.0	83.1
6.3784	87.840	107.2	100.7	82.5
6.3784	87.845	107.4	101.0	82.7
6.3785	87.850	107.6	101.0	83.0
6.3785	87.855	107.7	101.2	82.8
6.3786	87.860	107.7	101.1	83.2
6.3787	87.865	107.4	100.8	83.0
6.3787	87.870	107.7	101.1	83.0
6.3788	87.875	108.4	101.7	83.4
6.3788	87.880	108.9	102.2	83.6
6.3788	87.885	109.3	102.5	84.0
6.3789	87.890	109.7	103.1	84.4
6.3789	87.895	109.7	103.1	84.8
6.3790	87.900	109.6	102.9	84.7
6.3791	87.905	109.3	102.6	84.4
6.3791	87.910	108.8	102.2	84.2
6.3792	87.915	108.7	102.1	84.0
6.3792	87.920	108.6	101.9	83.7
6.3792	87.925	109.1	102.3	83.8
6.3793	87.930	109.4	102.6	84.1
6.3794	87.935	109.3	102.5	84.2
6.3794	87.940	109.0	102.2	83.8
6.3795	87.945	109.2	102.4	83.9
6.3795	87.950	109.0	102.2	83.9
6.3796	87.955	108.8	102.0	83.6
6.3796	87.960	109.0	102.3	83.8
6.3796	87.965	109.6	102.7	84.3
6.3797	87.970	109.3	102.5	84.3
6.3797	87.975	108.9	102.1	84.0
6.3798	87.980	108.9	102.3	84.0
6.3799	87.985	108.6	101.9	83.9
6.3799	87.990	107.4	100.7	82.8
6.3800	87.995	107.2	100.7	82.7
6.3800	88.000	107.2	100.8	82.8
6.3800	88.005	107.1	100.6	82.8
6.3801	88.010	107.1	100.7	83.0
6.3802	88.015	107.5	101.0	83.1
6.3802	88.020	107.6	101.1	83.2
6.3803	88.025	107.5	101.0	83.1
6.3803	88.030	107.2	100.7	82.7
6.3803	88.035	107.0	100.5	82.4
6.3804	88.040	107.0	100.5	82.7
6.3804	88.045	107.4	100.8	82.9
6.3805	88.050	107.4	100.8	83.1
6.3806	88.055	107.4	100.8	82.9
6.3806	88.060	107.6	101.1	83.2
6.3807	88.065	108.1	101.5	83.5
6.3807	88.070	107.5	101.1	83.4
6.3807	88.075	107.4	101.0	83.0
6.3808	88.080	107.4	101.0	83.3
6.3808	88.085	106.8	100.5	83.1
6.3809	88.090	106.1	99.8	82.9
6.3810	88.095	105.2	99.1	82.0
6.3810	88.100	105.7	99.4	81.7
6.3811	88.105	106.4	100.3	82.2
6.3811	88.110	106.7	100.4	82.8
6.3811	88.115	106.5	100.3	82.6
6.3812	88.120	106.6	100.1	82.5
6.3812	88.125	106.3	100.0	82.3
6.3813	88.130	106.1	99.8	82.1
6.3814	88.135	106.2	99.7	82.1
6.3814	88.140	106.3	99.8	82.0
6.3815	88.145	106.4	99.9	82.2
6.3815	88.150	106.3	99.7	81.8
6.3815	88.155	106.1	99.6	81.8
6.3816	88.160	106.3	99.8	82.0
6.3817	88.165	106.2	99.6	81.9
6.3817	88.170	106.1	99.8	81.6
6.3818	88.175	106.3	99.9	81.7
6.3818	88.180	106.3	99.7	81.6
6.3819	88.185	106.5	100.1	81.9
6.3819	88.190	106.4	99.9	81.8
6.3819	88.195	106.5	100.1	81.9
6.3820	88.200	106.6	100.0	81.8
6.3820	88.205	106.8	100.3	82.0
6.3821	88.210	106.9	100.3	82.4
6.3822	88.215	106.6	100.1	82.1
6.3822	88.220	106.1	99.6	81.6
6.3822	88.225	105.7	99.3	81.2
6.3823	88.230	105.3	99.0	80.8
6.3823	88.235	105.0	98.6	80.6
6.3824	88.240	104.7	98.3	80.6
6.3825	88.245	104.5	98.2	80.3
6.3825	88.250	104.6	98.1	80.3
6.3826	88.255	104.7	98.2	80.2
6.3826	88.260	105.0	98.3	80.2
6.3826	88.265	105.0	98.2	80.0
6.3827	88.270	105.5	98.8	80.3
6.3827	88.275	105.9	99.4	80.6
6.3828	88.280	105.9	99.2	80.8
6.3828	88.285	106.2	99.7	80.9
6.3829	88.290	106.4	100.0	81.3
6.3830	88.295	106.9	100.3	81.9
6.3830	88.300	106.7	100.2	81.8
6.3830	88.305	106.1	99.4	81.4
6.3831	88.310	106.2	99.5	81.1
6.3831	88.315	106.4	99.7	81.1
6.3832	88.320	106.7	100.1	81.4
6.3833	88.325	107.0	100.4	81.8
6.3833	88.330	106.7	100.2	81.9
6.3834	88.335	106.0	99.4	81.3
6.3834	88.340	105.3	98.6	80.7
6.3834	88.345	105.0	98.3	80.1
6.3835	88.350	105.1	98.6	80.2
6.3835	88.355	104.9	98.5	80.2
6.3836	88.360	104.9	98.3	79.9
6.3837	88.365	105.0	98.7	80.1
6.3837	88.370	104.9	98.5	80.4
6.3838	88.375	104.6	98.2	80.0
6.3838	88.380	104.7	98.2	79.8
6.3838	88.385	105.1	98.7	80.1
6.3839	88.390	105.2	98.7	80.4
6.3840	88.395	105.0	98.6	80.3
6.3840	88.400	104.3	97.9	80.1
6.3841	88.405	104.2	97.6	79.6
6.3841	88.410	104.2	97.8	79.3
6.3841	88.415	104.3	97.9	79.4
6.3842	88.420	104.1	97.7	79.5
6.3842	88.425	103.8	97.4	79.7
6.3843	88.430	103.3	96.9	79.0
6.3843	88.435	102.8	96.4	78.3
6.3844	88.440	102.9	96.5	78.1
6.3845	88.445	103.0	96.6	78.1
6.3845	88.450	102.8	96.4	78.0
6.3845	88.455	102.9	96.5	78.0
6.3846	88.460	103.3	96.9	78.4
6.3846	88.465	103.8	97.3	78.9
6.3847	88.470	103.7	97.4	79.4
6.3848	88.475	103.3	96.8	78.9
6.3848	88.480	102.9	96.4	78.2
6.3849	88.485	103.1	96.5	77.9
6.3849	88.490	103.6	97.0	78.3
6.3849	88.495	104.0	97.5	78.8
6.3850	88.500	104.4	97.9	79.4
6.3850	88.505	104.4	97.9	79.7
6.3851	88.510	104.4	97.9	79.3
6.3852	88.515	104.1	97.6	79.3
6.3852	88.520	103.8	97.2	78.8
6.3853	88.525	103.2	96.6	78.4
6.3853	88.530	102.7	96.1	77.8
6.3853	88.535	102.2	95.8	77.8
6.3854	88.540	101.8	95.5	77.6
6.3855	88.545	101.5	95.1	77.5
6.3855	88.550	101.1	94.8	77.2
6.3856	88.555	100.8	94.3	76.8
6.3856	88.560	99.9	93.4	76.1
6.3857	88.565	99.8	93.5	75.9
6.3857	88.570	100.6	94.4	76.5
6.3857	88.575	101.4	95.0	77.4
6.3858	88.580	101.3	94.9	77.5
6.3858	88.585	101.3	95.0	77.2
6.3859	88.590	101.6	95.2	77.4
6.3860	88.595	102.0	95.5	77.3
6.3860	88.600	102.6	95.9	77.7
6.3861	88.605	102.8	96.3	78.0
6.3861	88.610	103.6	97.1	78.7
6.3861	88.615	103.4	96.9	79.0
6.3862	88.620	103.2	96.7	78.7
6.3863	88.625	103.0	96.5	78.7
6.3863	88.630	102.8	96.5	78.5
6.3864	88.635	102.8	96.3	78.3
6.3864	88.640	102.6	96.3	78.2
6.3864	88.645	102.6	96.1	78.1
6.3865	88.650	102.4	95.9	77.9
6.3865	88.655	102.3	95.7	77.6
6.3866	88.660	102.2	95.8	77.6
6.3867	88.665	102.1	95.7	77.5
6.3867	88.670	102.2	95.6	77.3
6.3868	88.675	102.5	96.0	77.4
6.3868	88.680	102.7	96.3	77.7
6.3868	88.685	102.7	96.4	78.0
6.3869	88.690	102.6	96.4	78.0
6.3869	88.695	102.4	96.0	77.9
6.3870	88.700	102.1	95.7	77.4
6.3871	88.705	102.4	95.8	77.3
6.3871	88.710	102.8	96.4	77.7
6.3872	88.715	103.5	97.0	78.3
6.3872	88.720	103.8	97.3	78.7
6.3872	88.725	103.7	96.9	78.2
6.3873	88.730	103.6	96.8	77.8
6.3873	88.735	103.3	96.6	77.9
6.3874	88.740	102.8	96.2	77.3
6.3875	88.745	102.5	95.9	77.0
6.3875	88.750	101.3	94.5	76.4
6.3876	88.755	99.8	93.0	75.1
6.3876	88.760	98.4	91.8	73.7
6.3876	88.765	97.9	91.4	73.3
6.3877	88.770	98.6	92.1	73.9
6.3878	88.775	100.1	93.8	75.0
6.3878	88.780	101.4	95.0	76.3
6.3879	88.785	101.7	95.2	76.6
6.3879	88.790	102.0	95.3	76.7
6.3880	88.795	102.0	95.5	76.6
6.3880	88.800	102.2	95.5	76.4
6.3880	88.805	102.1	95.2	75.9
6.3881	88.810	102.0	95.0	75.5
6.3881	88.815	102.4	95.5	75.6
6.3882	88.820	102.7	95.7	76.1
6.3883	88.825	102.9	96.0	76.4
6.3883	88.830	103.2	96.2	76.7
6.3883	88.835	103.5	96.5	76.6
6.3884	88.840	104.0	97.2	77.4
6.3884	88.845	104.9	98.2	78.4
6.3885	88.850	105.6	99.1	79.2
6.3886	88.855	106.5	99.9	80.2
6.3886	88.860	106.8	100.1	80.4
6.3887	88.865	106.7	100.1	80.6
6.3887	88.870	106.6	100.0	80.6
6.3887	88.875	106.2	99.5	80.8
6.3888	88.880	105.5	99.0	80.2
6.3888	88.885	105.7	99.2	80.1
6.3889	88.890	106.1	99.6	80.3
6.3889	88.895	106.0	99.5	80.2
6.3890	88.900	106.0	99.6	80.1
6.3891	88.905	105.9	99.4	80.2
6.3891	88.910	105.9	99.5	80.3
6.3891	88.915	106.4	100.1	80.9
6.3892	88.920	106.9	100.6	81.5
6.3892	88.925	107.0	100.6	81.6
6.3893	88.930	106.6	100.4	81.8
6.3894	88.935	105.9	99.5	81.0
6.3894	88.940	105.3	98.9	80.2
6.3895	88.945	105.2	98.9	79.8
6.3895	88.950	105.2	98.8	79.8
6.3895	88.955	105.6	99.3	80.1
6.3896	88.960	105.8	99.5	80.6
6.3896	88.965	105.1	99.0	80.2
6.3897	88.970	105.0	99.0	80.2
6.3898	88.975	104.7	98.8	80.1
6.3898	88.980	104.4	98.4	79.9
6.3899	88.985	104.2	98.4	80.1
6.3899	88.990	103.8	98.0	80.0
6.3899	88.995	103.9	98.2	80.1
6.3900	89.000	103.7	98.0	79.9
6.3901	89.005	103.9	98.2	80.1
6.3901	89.010	104.4	98.9	80.8
6.3902	89.015	104.7	99.1	81.2
6.3902	89.020	104.7	99.0	81.0
6.3902	89.025	105.0	99.2	81.0
6.3903	89.030	105.8	100.1	81.2
6.3903	89.035	106.4	100.4	81.6
6.3904	89.040	106.5	100.6	81.7
6.3904	89.045	107.2	101.0	82.3
6.3905	89.050	106.8	100.6	82.2
6.3906	89.055	106.2	100.0	81.5
6.3906	89.060	106.1	99.8	81.2
6.3906	89.065	106.1	99.9	81.2
6.3907	89.070	105.9	99.7	80.9
6.3907	89.075	105.7	99.5	80.8
6.3908	89.080	105.6	99.3	80.3
6.3909	89.085	105.6	99.2	80.4
6.3909	89.090	105.2	98.9	80.2
6.3910	89.095	104.9	98.5	79.9
6.3910	89.100	104.6	98.0	79.3
6.3910	89.105	104.6	98.3	78.7
6.3911	89.110	105.1	98.6	79.2
6.3911	89.115	105.4	99.0	79.5
6.3912	89.120	105.3	98.6	79.6
6.3913	89.125	105.3	98.8	79.5
6.3913	89.130	104.9	98.5	79.2
6.3914	89.135	104.9	98.6	79.0
6.3914	89.140	104.9	98.5	79.1
6.3914	89.145	104.7	98.3	79.1
6.3915	89.150	104.4	98.1	79.0
6.3916	89.155	104.0	97.7	78.6
6.3916	89.160	104.3	98.1	78.6
6.3917	89.165	104.7	98.6	79.2
6.3917	89.170	104.9	98.6	79.2
6.3918	89.175	105.0	98.8	79.6
6.3918	89.180	105.0	98.8	79.6
6.3918	89.185	105.1	98.8	79.4
6.3919	89.190	104.9	98.6	79.2
6.3919	89.195	104.9	98.6	79.3
6.3920	89.200	104.6	98.3	79.2
6.3921	89.205	104.5	98.4	79.2
6.3921	89.210	104.6	98.5	79.4
6.3921	89.215	104.6	98.6	79.7
6.3922	89.220	104.2	98.3	79.7
6.3922	89.225	103.7	97.8	79.9
6.3923	89.230	102.6	96.8	79.1
6.3924	89.235	101.8	96.0	78.3
6.3924	89.240	102.0	96.3	78.0
6.3925	89.245	103.0	97.1	78.7
6.3925	89.250	103.7	97.8	79.3
6.3925	89.255	103.7	97.5	79.2
6.3926	89.260	103.9	97.9	79.2
6.3926	89.265	104.2	98.2	79.7
6.3927	89.270	103.8	97.9	79.5
6.3928	89.275	103.9	98.1	79.6
6.3928	89.280	103.5	97.5	79.4
6.3929	89.285	103.6	97.7	79.2
6.3929	89.290	103.8	97.8	79.5
6.3929	89.295	103.7	97.7	79.3
6.3930	89.300	103.7	97.8	79.3
6.3931	89.305	103.7	97.7	79.3
6.3931	89.310	103.9	97.8	79.4
6.3932	89.315	103.9	97.7	79.3
6.3932	89.320	103.9	97.9	79.1
6.3933	89.325	104.0	97.9	79.4
6.3933	89.330	104.2	98.1	79.4
6.3933	89.335	104.7	98.5	79.8
6.3934	89.340	104.3	98.3	79.8
6.3934	89.345	104.3	98.1	79.6
6.3935	89.350	104.3	98.0	79.7
6.3936	89.355	104.7	98.4	79.5
6.3936	89.360	104.8	98.7	79.9
6.3937	89.365	104.8	98.7	79.8
6.3937	89.370	105.7	99.8	80.6
6.3937	89.375	106.0	100.0	81.3
6.3938	89.380	105.9	99.9	81.3
6.3939	89.385	106.0	100.1	81.2
6.3939	89.390	106.0	100.2	81.8
6.3940	89.395	106.0	100.3	81.8
6.3940	89.400	105.9	100.0	81.8
6.3941	89.405	105.5	99.7	81.5
6.3941	89.410	105.9	100.0	81.6
6.3941	89.415	106.5	100.5	81.9
6.3942	89.420	106.3	100.3	81.7
6.3942	89.425	106.2	100.2	81.3
6.3943	89.430	106.7	100.7	81.7
6.3944	89.435	106.5	100.4	81.9
6.3944	89.440	106.3	100.3	81.5
6.3944	89.445	106.5	100.6	82.0
6.3945	89.450	106.2	100.1	81.5
6.3945	89.455	106.0	100.1	81.3
6.3946	89.460	106.1	100.1	81.5
6.3947	89.465	106.2	100.3	81.7
6.3947	89.470	106.5	100.6	81.8
6.3948	89.475	106.6	100.6	81.8
6.3948	89.480	106.3	100.3	81.6
6.3948	89.485	106.8	100.7	81.7
6.3949	89.490	107.0	100.9	81.9
6.3949	89.495	106.8	100.7	81.9
6.3950	89.500	106.8	100.7	81.7
6.3950	89.505	107.2	101.1	82.2
6.3951	89.510	107.2	101.1	82.5
6.3952	89.515	107.0	101.0	82.5
6.3952	89.520	106.5	100.5	82.1
6.3952	89.525	106.1	100.0	81.5
6.3953	89.530	106.0	100.2	81.9
6.3953	89.535	105.8	100.0	81.9
6.3954	89.540	105.5	99.5	81.6
6.3955	89.545	105.8	100.1	81.5
6.3955	89.550	106.5	100.7	82.2
6.3956	89.555	106.3	100.5	82.2
6.3956	89.560	106.2	100.5	82.2
6.3956	89.565	106.0	100.1	82.1
6.3957	89.570	105.8	99.7	81.5
6.3957	89.575	105.5	99.5	81.0
6.3958	89.580	105.7	99.7	81.2
6.3959	89.585	106.2	100.0	81.7
6.3959	89.590	105.9	99.8	81.6
6.3960	89.595	106.0	100.0	81.4
6.3960	89.600	106.4	100.5	82.3
6.3960	89.605	106.4	100.4	82.2
6.3961	89.610	106.3	100.3	82.1
6.3962	89.615	106.2	100.3	82.2
6.3962	89.620	106.2	100.2	82.1
6.3963	89.625	106.0	100.2	82.1
6.3963	89.630	106.2	100.4	82.3
6.3963	89.635	106.2	100.2	82.3
6.3964	89.640	105.7	99.8	82.1
6.3964	89.645	104.5	98.6	81.3
6.3965	89.650	103.3	97.6	80.1
6.3965	89.655	102.9	97.1	80.0
6.3966	89.660	102.4	96.7	79.5
6.3967	89.665	102.1	96.3	79.1
6.3967	89.670	101.6	96.0	78.6
6.3967	89.675	100.9	95.1	78.1
6.3968	89.680	100.9	95.2	78.0
6.3968	89.685	101.2	95.6	78.2
6.3969	89.690	101.0	95.4	78.4
6.3970	89.695	100.4	95.1	78.1
6.3970	89.700	101.1	95.5	78.5
6.3971	89.705	101.5	96.0	78.9
6.3971	89.710	102.0	96.6	79.3
6.3971	89.715	102.5	97.0	79.7
6.3972	89.720	103.1	97.6	80.0
6.3972	89.725	103.2	97.6	80.5
6.3973	89.730	103.2	97.4	80.0
6.3974	89.735	103.3	97.7	80.3
6.3974	89.740	103.3	97.8	80.4
6.3975	89.745	103.6	98.0	80.3
6.3975	89.750	103.7	98.1	80.6
6.3975	89.755	103.8	98.2	80.7
6.3976	89.760	103.8	97.9	80.6
6.3977	89.765	103.7	98.2	80.7
6.3977	89.770	103.7	98.0	80.9
6.3978	89.775	103.4	97.9	80.7
6.3978	89.780	103.6	97.9	80.6
6.3979	89.785	103.8	98.2	80.9
6.3979	89.790	104.5	98.9	81.2
6.3979	89.795	104.7	99.0	81.7
6.3980	89.800	104.8	99.2	81.6
6.3980	89.805	104.8	99.0	82.1
6.3981	89.810	104.3	98.4	81.4
6.3982	89.815	104.4	98.5	81.0
6.3982	89.820	105.1	99.3	81.6
6.3982	89.825	105.0	99.3	81.9
6.3983	89.830	104.6	98.6	81.6
6.3983	89.835	104.3	98.5	80.9
6.3984	89.840	104.8	99.1	81.3
6.3985	89.845	104.8	99.0	81.5
6.3985	89.850	104.8	99.2	81.6
6.3986	89.855	104.6	98.9	81.7
6.3986	89.860	104.1	98.5	81.3
6.3986	89.865	103.9	98.2	81.0
6.3987	89.870	104.2	98.6	81.1
6.3987	89.875	104.4	98.9	81.6
6.3988	89.880	104.3	98.9	81.5
6.3989	89.885	104.2	98.6	81.3
6.3989	89.890	104.0	98.3	81.0
6.3990	89.895	103.6	98.1	80.8
6.3990	89.900	103.4	97.8	80.5
6.3990	89.905	103.4	97.7	80.1
6.3991	89.910	103.5	97.9	80.5
6.3992	89.915	103.2	97.8	80.4
6.3992	89.920	103.1	97.5	80.3
6.3993	89.925	102.9	97.4	80.0
6.3993	89.930	103.0	97.5	80.1
6.3994	89.935	102.7	97.1	79.9
6.3994	89.940	102.9	97.2	79.7
6.3994	89.945	103.0	97.3	79.8
6.3995	89.950	103.7	98.0	80.2
6.3995	89.955	104.0	98.3	80.7
6.3996	89.960	103.9	98.2	80.8
6.3997	89.965	103.8	97.9	80.5
6.3997	89.970	103.7	97.8	80.4
6.3998	89.975	103.2	97.5	80.2
6.3998	89.980	102.8	97.1	80.0
6.3998	89.985	102.8	97.1	79.7
6.3999	89.990	103.2	97.4	80.2
6.4000	89.995	103.4	97.6	80.4
6.4000	90.000	103.0	97.1	80.1
6.4001	90.005	102.7	96.8	79.5
6.4001	90.010	102.7	96.7	79.6
6.4002	90.015	102.2	96.2	79.2
6.4002	90.020	102.2	96.3	79.0
6.4002	90.025	103.1	97.3	79.8
6.4003	90.030	103.4	97.9	80.7
6.4003	90.035	103.3	97.6	80.7
6.4004	90.040	103.1	97.2	80.4
6.4005	90.045	102.0	96.4	79.9
6.4005	90.050	100.9	95.5	79.2
6.4005	90.055	101.5	96.1	79.3
6.4006	90.060	102.2	96.9	80.3
6.4006	90.065	102.3	96.8	80.4
6.4007	90.070	102.7	97.2	80.4
6.4008	90.075	103.5	98.1	81.1
6.4008	90.080	104.1	98.6	81.7
6.4009	90.085	104.3	98.6	81.9
6.4009	90.090	104.1	98.6	81.8
6.4009	90.095	103.5	97.9	81.2
6.4010	90.100	103.1	97.5	80.8
6.4010	90.105	102.8	97.5	80.7
6.4011	90.110	102.3	96.8	80.3
6.4011	90.115	101.5	95.9	79.5
6.4012	90.120	101.2	95.6	79.0
6.4013	90.125	100.5	94.9	78.4
6.4013	90.130	101.0	95.7	78.8
6.4013	90.135	101.9	96.6	80.2
6.4014	90.140	101.8	96.4	80.4
6.4014	90.145	101.7	96.1	79.9
6.4015	90.150	101.5	95.9	79.8
6.4016	90.155	101.2	95.7	79.4
6.4016	90.160	101.1	95.5	79.5
6.4017	90.165	100.7	94.9	78.8
6.4017	90.170	99.5	93.6	77.7
6.4017	90.175	99.4	93.8	77.3
6.4018	90.180	99.6	94.1	77.9
6.4018	90.185	99.7	94.3	78.3
6.4019	90.190	99.6	94.2	78.4
6.4020	90.195	99.4	94.0	78.1
6.4020	90.200	99.4	94.1	78.1
6.4021	90.205	99.5	94.3	78.4
6.4021	90.210	98.6	93.3	77.7
6.4021	90.215	97.5	92.0	76.4
6.4022	90.220	97.4	92.0	75.9
6.4023	90.225	97.7	92.3	76.2
6.4023	90.230	97.8	92.3	76.4
6.4024	90.235	97.9	92.4	76.5
6.4024	90.240	97.5	92.1	76.3
6.4024	90.245	97.1	91.6	75.9
6.4025	90.250	97.3	91.8	75.8
6.4025	90.255	97.3	91.8	75.9
6.4026	90.260	97.5	91.9	75.7
6.4026	90.265	98.3	92.8	76.6
6.4027	90.270	98.8	93.3	77.0
6.4028	90.275	98.9	93.1	76.9
6.4028	90.280	98.7	93.1	76.6
6.4028	90.285	99.1	93.4	77.1
6.4029	90.290	99.0	93.3	76.8
6.4029	90.295	99.7	94.1	77.3
6.4030	90.300	100.3	94.7	78.1
6.4031	90.305	100.5	94.8	78.1
6.4031	90.310	101.2	95.5	78.7
6.4032	90.315	101.4	95.8	78.8
6.4032	90.320	101.2	95.5	78.6
6.4032	90.325	101.4	95.6	78.6
6.4033	90.330	101.9	96.2	79.0
6.4033	90.335	101.8	96.0	79.3
6.4034	90.340	102.1	96.4	79.5
6.4035	90.345	102.5	96.9	79.9
6.4035	90.350	102.5	96.8	80.0
6.4036	90.355	102.9	97.3	80.2
6.4036	90.360	103.1	97.3	80.4
6.4036	90.365	103.8	98.2	81.0
6.4037	90.370	104.3	98.6	81.5
6.4038	90.375	104.1	98.3	81.4
6.4038	90.380	104.0	98.0	81.1
6.4039	90.385	104.4	98.5	81.2
6.4039	90.390	105.1	99.2	81.9
6.4040	90.395	105.3	99.4	82.3
6.4040	90.400	105.7	100.0	82.7
6.4040	90.405	106.0	100.2	82.8
6.4041	90.410	105.8	99.8	82.6
6.4041	90.415	105.7	99.9	82.4
6.4042	90.420	105.9	100.2	82.8
6.4043	90.425	105.9	100.2	82.9
6.4043	90.430	105.9	100.0	82.9
6.4043	90.435	105.6	99.8	82.8
6.4044	90.440	104.6	98.9	82.0
6.4044	90.445	104.2	98.4	81.4
6.4045	90.450	104.6	98.9	81.7
6.4046	90.455	104.9	99.1	82.1
6.4046	90.460	105.5	99.6	82.1
6.4047	90.465	106.4	100.7	83.2
6.4047	90.470	107.2	101.4	84.2
6.4047	90.475	107.7	102.0	85.0
6.4048	90.480	108.0	102.2	85.1
6.4048	90.485	107.3	101.4	84.7
6.4049	90.490	106.7	101.0	84.1
6.4050	90.495	106.3	100.5	83.5
6.4050	90.500	106.4	100.8	83.7
6.4051	90.505	106.1	100.5	83.7
6.4051	90.510	105.6	100.0	83.4
6.4051	90.515	105.3	99.5	82.8
6.4052	90.520	105.1	99.6	82.7
6.4053	90.525	105.1	99.2	82.6
6.4053	90.530	105.3	99.5	82.7
6.4054	90.535	104.9	99.1	82.6
6.4054	90.540	105.1	99.4	82.4
6.4055	90.545	105.9	100.2	83.2
6.4055	90.550	106.5	100.9	84.1
6.4055	90.555	106.6	101.0	84.3
6.4056	90.560	106.7	101.2	84.1
6.4056	90.565	107.3	101.7	84.9
6.4057	90.570	107.8	102.2	85.4
6.4058	90.575	107.7	101.9	85.4
6.4058	90.580	107.3	101.5	84.8
6.4059	90.585	106.5	100.7	84.1
6.4059	90.590	105.7	100.1	83.4
6.4059	90.595	105.5	99.8	83.1
6.4060	90.600	105.0	99.4	82.6
6.4061	90.605	104.0	98.3	81.9
6.4061	90.610	103.1	97.5	81.2
6.4062	90.615	102.8	97.4	80.7
6.4062	90.620	102.9	97.2	80.7
6.4062	90.625	102.8	97.2	80.3
6.4063	90.630	102.9	97.3	80.2
6.4063	90.635	103.0	97.3	80.4
6.4064	90.640	102.9	97.2	80.7
6.4064	90.645	102.7	97.1	80.6
6.4065	90.650	102.8	97.1	80.5
6.4066	90.655	103.0	97.3	80.6
6.4066	90.660	103.0	97.2	80.4
6.4066	90.665	103.1	97.2	80.1
6.4067	90.670	103.2	97.3	80.3
6.4067	90.675	103.1	97.1	80.0
6.4068	90.680	103.1	97.3	80.1
6.4069	90.685	103.0	97.1	80.3
6.4069	90.690	103.0	97.1	80.3
6.4070	90.695	102.5	96.5	80.0
6.4070	90.700	101.8	95.8	79.0
6.4070	90.705	102.2	96.2	78.9
6.4071	90.710	102.3	96.3	79.3
6.4071	90.715	102.3	96.1	79.1
6.4072	90.720	102.4	96.3	78.9
6.4072	90.725	102.7	96.7	79.4
6.4073	90.730	102.8	96.7	79.7
6.4074	90.735	102.9	96.9	79.7
6.4074	90.740	103.0	97.0	80.0
6.4074	90.745	102.6	96.8	79.8
6.4075	90.750	102.4	96.5	79.5
6.4075	90.755	102.0	96.0	79.4
6.4076	90.760	101.1	95.2	78.6
6.4077	90.765	100.6	94.7	78.1
6.4077	90.770	100.4	94.6	77.7
6.4078	90.775	100.7	94.9	77.9
6.4078	90.780	100.6	94.8	78.1
6.4078	90.785	100.4	94.6	77.7
6.4079	90.790	100.0	94.1	77.5
6.4079	90.795	100.0	93.9	77.3
6.4080	90.800	99.8	93.8	77.0
6.4081	90.805	99.7	93.7	76.7
6.4081	90.810	99.6	93.5	76.4
6.4082	90.815	99.9	93.8	76.5
6.4082	90.820	100.1	94.0	76.7
6.4082	90.825	99.8	93.6	76.7
6.4083	90.830	99.7	93.8	76.6
6.4084	90.835	99.2	93.3	76.5
6.4084	90.840	98.9	93.0	76.0
6.4085	90.845	99.0	93.0	75.9
6.4085	90.850	99.3	93.4	76.1
6.4085	90.855	99.7	93.9	76.6
6.4086	90.860	100.0	94.3	77.2
6.4086	90.865	100.2	94.5	77.5
6.4087	90.870	99.8	94.0	77.6
6.4087	90.875	99.3	93.3	76.8
6.4088	90.880	98.7	92.8	76.2
6.4089	90.885	98.9	93.0	76.2
6.4089	90.890	99.3	93.4	76.6
6.4089	90.895	98.9	93.0	76.6
6.4090	90.900	98.0	92.2	75.8
6.4090	90.905	97.9	91.9	75.2
6.4091	90.910	98.1	92.2	75.3
6.4092	90.915	98.0	92.0	75.2
6.4092	90.920	98.6	92.6	75.5
6.4093	90.925	99.4	93.6	76.3
6.4093	90.930	99.8	94.0	76.7
6.4093	90.935	100.1	94.3	77.0
6.4094	90.940	100.5	94.7	77.4
6.4094	90.945	100.6	94.6	77.4
6.4095	90.950	100.9	95.2	77.9
6.4096	90.955	101.0	95.1	78.2
6.4096	90.960	100.5	94.4	77.4
6.4097	90.965	100.8	94.6	77.6
6.4097	90.970	100.7	94.5	77.7
6.4097	90.975	100.4	94.4	77.3
6.4098	90.980	100.3	94.0	77.2
6.4099	90.985	100.1	94.0	76.9
6.4099	90.990	99.4	93.3	76.6
6.4100	90.995	99.3	93.1	76.1
6.4100	91.000	99.9	93.7	76.5
6.4101	91.005	100.2	94.0	77.0
6.4101	91.010	100.2	93.9	76.9
6.4101	91.015	99.9	93.8	76.6
6.4102	91.020	99.2	93.1	76.0
6.4102	91.025	99.4	93.2	75.8
6.4103	91.030	99.3	93.3	76.1
6.4104	91.035	99.0	92.8	75.9
6.4104	91.040	98.8	92.5	75.5
6.4104	91.045	98.7	92.4	75.2
6.4105	91.050	99.2	93.2	75.7
6.4105	91.055	99.4	93.5	76.3
6.4106	91.060	99.9	93.9	76.6
6.4107	91.065	100.2	94.4	77.3
6.4107	91.070	100.1	94.1	77.4
6.4108	91.075	100.2	94.4	77.3
6.4108	91.080	100.0	94.1	77.5
6.4108	91.085	99.1	93.2	76.7
6.4109	91.090	98.5	92.7	76.2
6.4109	91.095	98.1	92.4	75.9
6.4110	91.100	98.2	92.4	76.0
6.4111	91.105	98.0	92.3	75.6
6.4111	91.110	98.4	92.7	76.0
6.4112	91.115	98.2	92.6	76.1
6.4112	91.120	98.1	92.5	76.0
6.4112	91.125	98.1	92.4	75.8
6.4113	91.130	98.8	93.0	76.1
6.4114	91.135	99.0	93.1	76.2
6.4114	91.140	98.6	92.7	76.3
6.4115	91.145	98.4	92.4	75.7
6.4115	91.150	98.4	92.4	75.7
6.4116	91.155	98.3	92.2	75.6
6.4116	91.160	98.1	92.1	75.4
6.4116	91.165	98.6	92.5	75.5
6.4117	91.170	99.2	93.1	76.2
6.4117	91.175	99.8	93.9	76.9
6.4118	91.180	99.9	94.0	77.2
6.4119	91.185	100.5	94.7	77.4
6.4119	91.190	100.6	94.8	77.7
6.4120	91.195	100.5	94.5	77.4
6.4120	91.200	100.5	94.4	77.3
6.4120	91.205	100.2	94.2	77.1
6.4121	91.210	100.2	94.1	77.0
6.4122	91.215	100.4	94.2	77.0
6.4122	91.220	100.3	94.0	77.2
6.4123	91.225	100.0	93.7	76.9
6.4123	91.230	99.8	93.8	77.0
6.4123	91.235	100.0	93.9	77.0
6.4124	91.240	100.2	94.2	77.0
6.4124	91.245	100.8	94.9	77.5
6.4125	91.250	101.0	94.9	78.1
6.4125	91.255	101.2	95.2	78.0
6.4126	91.260	101.7	95.9	78.9
6.4127	91.265	101.8	96.0	79.0
6.4127	91.270	101.6	95.7	79.1
6.4127	91.275	101.5	95.8	79.0
6.4128	91.280	101.9	96.1	79.3
6.4128	91.285	102.4	96.5	79.5
6.4129	91.290	102.6	96.6	79.6
6.4130	91.295	102.6	96.5	79.5
6.4130	91.300	102.6	96.7	79.5
6.4131	91.305	102.5	96.7	79.7
6.4131	91.310	101.9	96.0	79.2
6.4131	91.315	101.2	95.4	78.9
6.4132	91.320	101.0	95.1	78.6
6.4132	91.325	101.0	95.1	78.4
6.4133	91.330	101.1	95.3	78.4
6.4133	91.335	100.8	95.1	78.2
6.4134	91.340	101.0	95.1	78.1
6.4135	91.345	101.2	95.3	78.2
6.4135	91.350	102.0	96.1	78.7
6.4135	91.355	102.3	96.2	79.0
6.4136	91.360	101.9	96.0	78.8
6.4136	91.365	101.3	95.6	78.6
6.4137	91.370	101.0	95.2	78.2
6.4138	91.375	100.7	94.9	78.1
6.4138	91.380	100.5	94.9	78.1
6.4139	91.385	100.9	95.1	78.2
6.4139	91.390	101.0	95.1	77.9
6.4139	91.395	100.9	95.0	77.9
6.4140	91.400	101.2	95.2	78.2
6.4140	91.405	101.3	95.4	78.2
6.4141	91.410	101.1	95.1	78.4
6.4142	91.415	100.3	94.5	77.9
6.4142	91.420	100.1	94.2	77.5
6.4143	91.425	99.7	93.8	77.1
6.4143	91.430	99.9	94.0	77.2
6.4143	91.435	99.8	93.9	77.2
6.4144	91.440	99.5	93.6	76.8
6.4145	91.445	99.3	93.4	76.5
6.4145	91.450	99.2	93.3	76.5
6.4146	91.455	99.2	93.2	76.4
6.4146	91.460	99.5	93.5	76.5
6.4146	91.465	99.4	93.4	76.4
6.4147	91.470	99.7	93.8	76.6
6.4147	91.475	100.0	93.9	77.1
6.4148	91.480	99.6	93.5	76.9
6.4148	91.485	98.9	92.9	76.2
6.4149	91.490	98.9	93.0	76.4
6.4150	91.495	98.6	92.8	76.4
6.4150	91.500	97.9	92.3	76.2
6.4150	91.505	97.1	91.5	75.7
6.4151	91.510	97.0	91.5	75.5
6.4151	91.515	97.4	91.8	75.8
6.4152	91.520	97.4	91.8	76.0
6.4153	91.525	96.9	91.4	75.8
6.4153	91.530	96.7	91.2	75.2
6.4154	91.535	97.1	91.6	75.4
6.4154	91.540	97.2	91.7	75.5
6.4154	91.545	97.4	91.9	75.5
6.4155	91.550	97.4	91.8	75.7
6.4155	91.555	97.6	92.0	75.6
6.4156	91.560	97.5	91.9	75.7
6.4157	91.565	97.3	91.6	75.5
6.4157	91.570	97.3	91.7	75.5
6.4158	91.575	97.7	92.1	75.6
6.4158	91.580	97.9	92.2	75.9
6.4158	91.585	98.2	92.3	75.8
6.4159	91.590	98.6	92.9	76.2
6.4160	91.595	98.6	93.0	76.4
6.4160	91.600	98.6	92.9	76.4
6.4161	91.605	98.7	93.0	76.5
6.4161	91.610	99.2	93.5	76.9
6.4162	91.615	99.6	93.8	77.4
6.4162	91.620	99.1	93.3	76.9
6.4162	91.625	98.8	92.9	76.8
6.4163	91.630	98.6	92.8	76.6
6.4163	91.635	98.9	92.9	76.4
6.4164	91.640	98.9	93.1	76.7
6.4165	91.645	98.7	92.9	76.4
6.4165	91.650	99.2	93.4	76.8
6.4165	91.655	98.9	93.1	76.8
6.4166	91.660	98.2	92.3	75.8
6.4166	91.665	98.5	92.7	75.9
6.4167	91.670	98.9	93.3	76.5
6.4168	91.675	99.2	93.6	76.8
6.4168	91.680	99.5	93.6	77.1
6.4169	91.685	99.5	93.8	77.3
6.4169	91.690	99.3	93.4	77.0
6.4169	91.695	98.9	93.2	76.7
6.4170	91.700	98.5	92.7	76.5
6.4170	91.705	98.2	92.5	75.9
6.4171	91.710	98.1	92.5	75.9
6.4172	91.715	98.1	92.7	76.2
6.4172	91.720	97.9	92.3	76.3
6.4173	91.725	97.7	92.1	76.1
6.4173	91.730	97.8	92.3	75.7
6.4173	91.735	98.3	92.6	75.9
6.4174	91.740	98.3	92.7	75.9
6.4175	91.745	98.5	92.9	76.0
6.4175	91.750	98.4	92.5	76.0
6.4176	91.755	98.9	93.0	76.3
6.4176	91.760	99.0	93.3	77.1
6.4177	91.765	98.5	92.7	76.7
6.4177	91.770	98.7	92.8	76.5
6.4177	91.775	98.9	92.9	76.7
6.4178	91.780	99.4	93.9	77.1
6.4178	91.785	99.9	94.3	77.8
6.4179	91.790	100.4	94.6	78.2
6.4180	91.795	100.4	94.7	78.3
6.4180	91.800	101.1	95.3	78.9
6.4181	91.805	101.2	95.6	79.5
6.4181	91.810	101.8	96.1	80.0
6.4181	91.815	102.1	96.6	80.5
6.4182	91.820	102.4	97.0	80.8
6.4183	91.825	103.2	97.6	81.6
6.4183	91.830	102.4	96.5	81.0
6.4184	91.835	101.8	96.0	80.0
6.4184	91.840	101.7	95.9	79.5
6.4184	91.845	101.6	95.7	79.2
6.4185	91.850	101.0	95.2	78.9
6.4185	91.855	100.4	94.6	78.5
6.4186	91.860	99.7	94.0	77.7
6.4186	91.865	99.5	93.8	77.4
6.4187	91.870	99.8	94.3	77.5
6.4188	91.875	100.3	94.5	78.1
6.4188	91.880	100.8	94.9	78.2
6.4188	91.885	100.9	95.0	78.3
6.4189	91.890	101.3	95.4	78.4
6.4189	91.895	101.4	95.6	78.7
6.4190	91.900	101.5	95.8	78.8
6.4191	91.905	101.5	95.6	78.9
6.4191	91.910	101.6	95.7	78.8
6.4192	91.915	101.9	95.9	79.0
6.4192	91.920	102.3	96.4	79.3
6.4192	91.925	101.8	95.8	78.9
6.4193	91.930	101.6	95.6	78.3
6.4193	91.935	101.0	95.0	78.2
6.4194	91.940	100.3	94.4	77.6
6.4194	91.945	100.4	94.5	77.6
6.4195	91.950	100.9	95.3	78.1
6.4196	91.955	101.7	96.0	79.1
6.4196	91.960	101.6	95.9	79.2
6.4196	91.965	101.7	96.0	79.3
6.4197	91.970	101.6	95.9	79.5
6.4197	91.975	101.2	95.3	79.2
6.4198	91.980	100.7	95.1	78.7
6.4199	91.985	101.2	95.5	78.9
6.4199	91.990	101.2	95.6	79.2
6.4200	91.995	101.2	95.6	79.1
6.4200	92.000	101.6	95.9	79.3
6.4200	92.005	101.7	96.2	79.7
6.4201	92.010	101.7	95.9	79.5
6.4201	92.015	101.7	95.9	79.4
6.4202	92.020	101.3	95.4	79.3
6.4203	92.025	101.2	95.4	78.9
6.4203	92.030	101.3	95.4	79.3
6.4204	92.035	101.2	95.4	79.1
6.4204	92.040	101.3	95.8	79.4
6.4204	92.045	100.9	95.3	79.1
6.4205	92.050	100.5	95.2	79.0
6.4206	92.055	100.8	95.3	79.2
6.4206	92.060	100.8	95.3	79.2
6.4207	92.065	100.9	95.5	79.1
6.4207	92.070	101.2	95.6	79.4
6.4207	92.075	101.6	95.7	79.5
6.4208	92.080	101.5	95.9	79.7
6.4208	92.085	100.8	95.2	79.2
6.4209	92.090	100.3	94.5	78.5
6.4209	92.095	100.4	94.6	78.2
6.4210	92.100	100.1	94.2	78.0
6.4211	92.105	100.1	94.4	78.0
6.4211	92.110	100.2	94.4	78.3
6.4211	92.115	100.2	94.4	78.5
6.4212	92.120	100.1	94.2	78.2
6.4212	92.125	99.9	94.1	78.2
6.4213	92.130	99.7	93.9	78.0
6.4214	92.135	99.5	93.7	77.7
6.4214	92.140	99.5	93.6	77.7
6.4215	92.145	99.4	93.4	77.4
6.4215	92.150	99.2	93.2	77.2
6.4215	92.155	98.8	93.2	76.9
6.4216	92.160	98.7	92.8	76.7
6.4216	92.165	98.3	92.3	76.2
6.4217	92.170	98.3	92.4	76.1
6.4218	92.175	98.5	92.6	76.3
6.4218	92.180	98.7	93.0	76.4
6.4219	92.185	98.9	93.2	77.1
6.4219	92.190	98.2	92.5	76.8
6.4219	92.195	98.1	92.5	76.6
6.4220	92.200	98.5	92.9	77.0
6.4221	92.205	98.5	93.0	77.3
6.4221	92.210	98.9	93.4	77.5
6.4222	92.215	99.0	93.3	77.7
6.4222	92.220	98.6	93.0	77.4
6.4223	92.225	98.0	92.5	76.9
6.4223	92.230	97.6	92.0	76.6
6.4223	92.235	97.5	92.0	76.5
6.4224	92.240	97.8	92.2	76.3
6.4224	92.245	98.2	92.6	76.7
6.4225	92.250	98.5	93.1	77.5
6.4226	92.255	98.7	93.2	77.8
6.4226	92.260	98.6	93.2	77.8
6.4226	92.265	98.3	92.7	77.3
6.4227	92.270	98.5	93.0	77.0
6.4227	92.275	98.9	93.3	77.3
6.4228	92.280	98.5	92.9	76.9
6.4229	92.285	98.6	92.9	76.8
6.4229	92.290	99.0	93.3	77.3
6.4230	92.295	99.5	93.8	77.7
6.4230	92.300	99.7	93.9	77.8
6.4230	92.305	100.0	94.3	78.2
6.4231	92.310	99.8	94.0	78.0
6.4231	92.315	99.7	93.9	77.7
6.4232	92.320	99.7	93.8	77.6
6.4233	92.325	99.4	93.6	77.6
6.4233	92.330	99.2	93.6	77.8
6.4234	92.335	98.8	93.2	77.7
6.4234	92.340	97.5	92.0	76.9
6.4234	92.345	96.9	91.6	76.3
6.4235	92.350	96.3	90.8	76.0
6.4236	92.355	96.1	90.7	75.6
6.4236	92.360	96.4	91.1	76.0
6.4237	92.365	96.8	91.6	76.3
6.4237	92.370	97.4	92.1	76.9
6.4238	92.375	98.0	92.5	77.3
6.4238	92.380	98.0	92.4	77.1
6.4238	92.385	98.0	92.5	76.9
6.4239	92.390	99.0	93.5	77.3
6.4239	92.395	99.4	93.8	78.0
6.4240	92.400	99.2	93.5	77.5
6.4241	92.405	98.8	92.9	76.9
6.4241	92.410	99.0	93.3	77.0
6.4242	92.415	99.5	93.8	77.6
6.4242	92.420	99.5	93.8	77.7
6.4242	92.425	99.8	94.0	77.8
6.4243	92.430	99.9	94.2	77.9
6.4244	92.435	100.0	94.2	77.8
6.4244	92.440	99.8	94.2	77.7
6.4245	92.445	100.0	94.4	77.9
6.4245	92.450	99.7	94.0	77.9
6.4245	92.455	99.5	93.9	77.8
6.4246	92.460	99.9	94.1	77.6
6.4246	92.465	100.1	94.5	78.1
6.4247	92.470	100.0	94.2	78.0
6.4247	92.475	99.4	93.8	77.5
6.4248	92.480	99.0	93.3	76.8
6.4249	92.485	99.3	93.6	77.0
6.4249	92.490	99.2	93.5	77.1
6.4249	92.495	99.1	93.4	77.0
6.4250	92.500	99.4	93.9	77.4
6.4250	92.505	99.2	93.5	77.3
6.4251	92.510	99.1	93.3	77.1
6.4252	92.515	99.0	93.2	77.1
6.4252	92.520	98.8	93.2	77.4
6.4253	92.525	98.8	93.0	77.3
6.4253	92.530	98.8	92.9	76.6
6.4253	92.535	99.0	93.4	76.8
6.4254	92.540	99.0	93.2	77.0
6.4254	92.545	98.8	93.3	76.8
6.4255	92.550	98.6	93.1	76.7
6.4256	92.555	97.8	92.0	76.0
6.4256	92.560	97.5	91.7	75.3
6.4257	92.565	97.9	92.0	75.5
6.4257	92.570	98.8	93.2	76.4
6.4257	92.575	99.3	93.6	77.2
6.4258	92.580	99.5	93.9	77.4
6.4258	92.585	99.4	93.6	77.4
6.4259	92.590	99.8	94.1	77.3
6.4260	92.595	99.7	94.0	77.7
6.4260	92.600	99.3	93.8	77.6
6.4261	92.605	98.8	93.4	77.4
6.4261	92.610	98.3	92.9	76.8
6.4261	92.615	98.0	92.6	76.6
6.4262	92.620	98.0	92.5	76.3
6.4262	92.625	98.0	92.5	76.2
6.4263	92.630	97.7	91.9	75.7
6.4264	92.635	97.2	91.3	75.2
6.4264	92.640	97.3	91.7	75.4
6.4264	92.645	97.4	91.9	75.8
6.4265	92.650	97.1	91.7	75.9
6.4265	92.655	97.1	91.4	75.5
6.4266	92.660	97.3	91.8	75.6
6.4267	92.665	97.8	92.4	76.0
6.4267	92.670	98.3	92.7	76.5
6.4268	92.675	98.2	92.3	76.3
6.4268	92.680	97.7	92.1	76.0
6.4268	92.685	97.9	92.2	76.1
6.4269	92.690	98.1	92.5	76.3
6.4269	92.695	98.2	92.3	76.3
6.4270	92.700	98.2	92.3	76.1
6.4270	92.705	98.1	92.2	76.1
6.4271	92.710	98.2	92.4	76.1
6.4272	92.715	98.5	92.8	76.4
6.4272	92.720	98.4	92.6	76.8
6.4272	92.725	98.5	92.6	76.6
6.4273	92.730	98.5	92.8	76.8
6.4273	92.735	98.8	92.9	76.8
6.4274	92.740	98.3	92.5	76.6
6.4275	92.745	98.6	92.8	76.5
6.4275	92.750	99.1	93.3	76.9
6.4276	92.755	99.3	93.4	77.2
6.4276	92.760	99.3	93.3	77.4
6.4276	92.765	99.0	93.2	77.0
6.4277	92.770	98.5	92.5	76.8
6.4277	92.775	97.7	91.8	76.0
6.4278	92.780	97.6	91.7	75.7
6.4279	92.785	98.1	92.1	76.0
6.4279	92.790	98.4	92.3	76.3
6.4280	92.795	98.3	92.5	76.6
6.4280	92.800	98.4	92.6	76.6
6.4280	92.805	98.8	93.0	77.0
6.4281	92.810	98.9	93.2	77.2
6.4282	92.815	98.9	93.0	77.0
6.4282	92.820	99.1	93.2	77.0
6.4283	92.825	99.3	93.5	77.4
6.4283	92.830	99.4	93.5	77.6
6.4284	92.835	99.0	93.3	77.6
6.4284	92.840	98.6	92.8	77.2
6.4284	92.845	98.2	92.3	76.8
6.4285	92.850	98.0	92.4	76.5
6.4285	92.855	97.8	92.0	76.3
6.4286	92.860	97.6	92.0	76.0
6.4287	92.865	97.8	92.2	76.0
6.4287	92.870	98.2	92.6	76.5
6.4287	92.875	98.3	92.7	76.9
6.4288	92.880	98.2	92.6	76.8
6.4288	92.885	98.0	92.2	76.4
6.4289	92.890	97.8	91.9	76.2
6.4290	92.895	98.0	92.3	76.3
6.4290	92.900	98.2	92.7	76.7
6.4291	92.905	98.5	92.9	76.9
6.4291	92.910	98.2	92.6	76.8
6.4291	92.915	97.9	92.2	76.4
6.4292	92.920	97.9	92.2	76.4
6.4292	92.925	98.2	92.3	76.4
6.4293	92.930	98.3	92.4	76.4
6.4294	92.935	98.1	92.5	76.5
6.4294	92.940	98.0	92.4	76.2
6.4295	92.945	98.2	92.5	76.4
6.4295	92.950	98.3	92.6	76.5
6.4295	92.955	97.3	91.5	75.9
6.4296	92.960	97.0	91.1	75.2
6.4297	92.965	96.9	91.0	75.0
6.4297	92.970	97.1	91.3	75.3
6.4298	92.975	97.4	91.3	75.6
6.4298	92.980	97.5	91.6	75.6
6.4299	92.985	97.7	92.0	75.7
6.4299	92.990	98.1	92.0	75.9
6.4299	92.995	98.2	92.4	76.4
6.4300	93.000	97.9	92.3	76.3
6.4300	93.005	97.7	92.0	75.9
6.4301	93.010	97.9	92.0	76.1
6.4302	93.015	97.7	91.7	76.0
6.4302	93.020	97.5	91.6	75.4
6.4303	93.025	97.7	91.6	75.5
6.4303	93.030	97.4	91.5	75.3
6.4303	93.035	97.7	91.9	75.3
6.4304	93.040	98.0	92.0	75.7
6.4305	93.045	97.9	91.8	75.6
6.4305	93.050	98.0	92.0	75.8
6.4306	93.055	98.5	92.6	76.3
6.4306	93.060	98.4	92.5	76.4
6.4306	93.065	98.5	92.6	76.5
6.4307	93.070	98.7	92.8	76.6
6.4307	93.075	98.2	92.4	76.5
6.4308	93.080	97.8	92.1	76.2
6.4308	93.085	97.9	92.1	76.3
6.4309	93.090	98.0	92.2	76.4
6.4310	93.095	97.8	92.0	76.2
6.4310	93.100	97.7	91.9	75.8
6.4310	93.105	98.0	92.4	75.9
6.4311	93.110	98.1	92.4	76.1
6.4311	93.115	98.0	92.2	76.1
6.4312	93.120	97.3	91.4	75.2
6.4313	93.125	97.4	91.8	75.3
6.4313	93.130	97.7	92.1	75.7
6.4314	93.135	97.8	92.1	76.2
6.4314	93.140	97.2	91.3	75.3
6.4314	93.145	97.1	91.1	75.2
6.4315	93.150	97.3	91.2	75.2
6.4315	93.155	96.8	90.8	75.1
6.4316	93.160	96.3	90.3	74.3
6.4317	93.165	96.4	90.5	74.5
6.4317	93.170	96.7	90.8	74.8
6.4318	93.175	96.9	91.0	75.1
6.4318	93.180	97.2	91.3	75.4
6.4318	93.185	97.0	91.3	75.4
6.4319	93.190	97.0	91.4	75.4
6.4319	93.195	96.8	91.1	75.3
6.4320	93.200	96.5	90.7	75.2
6.4321	93.205	96.0	90.3	74.7
6.4321	93.210	95.9	90.3	74.6
6.4322	93.215	95.8	90.3	75.1
6.4322	93.220	95.7	89.9	74.9
6.4322	93.225	95.5	89.9	74.6
6.4323	93.230	95.7	90.1	74.8
6.4323	93.235	96.0	90.5	75.0
6.4324	93.240	96.4	90.8	75.5
6.4325	93.245	96.4	90.8	75.4
6.4325	93.250	96.4	90.8	75.3
6.4325	93.255	96.7	91.1	75.7
6.4326	93.260	96.7	91.1	75.7
6.4326	93.265	97.0	91.4	75.6
6.4327	93.270	96.7	91.1	75.4
6.4328	93.275	96.8	90.9	75.2
6.4328	93.280	96.6	90.9	75.5
6.4329	93.285	96.4	90.5	75.3
6.4329	93.290	96.1	90.4	74.8
6.4329	93.295	96.3	90.6	75.0
6.4330	93.300	96.2	90.7	75.2
6.4330	93.305	95.8	90.2	74.9
6.4331	93.310	95.5	89.9	74.4
6.4331	93.315	95.8	90.3	74.5
6.4332	93.320	96.3	90.8	74.9
6.4333	93.325	96.7	91.1	75.1
6.4333	93.330	96.9	91.2	75.4
6.4333	93.335	96.9	91.2	75.2
6.4334	93.340	97.1	91.3	75.5
6.4334	93.345	97.1	91.2	75.5
6.4335	93.350	97.2	91.3	75.7
6.4336	93.355	96.7	91.1	75.4
6.4336	93.360	96.6	90.9	75.4
6.4337	93.365	96.2	90.4	75.2
6.4337	93.370	96.2	90.4	74.8
6.4337	93.375	96.4	90.4	75.0
6.4338	93.380	96.6	90.8	75.0
6.4338	93.385	96.7	91.0	75.2
6.4339	93.390	96.6	90.7	75.2
6.4340	93.395	96.1	90.3	74.8
6.4340	93.400	96.2	90.1	74.5
6.4341	93.405	96.3	90.5	75.0
6.4341	93.410	96.8	90.9	75.2
6.4341	93.415	96.5	90.6	75.2
6.4342	93.420	96.3	90.4	75.0
6.4343	93.425	96.5	90.8	75.2
6.4343	93.430	96.7	90.9	75.1
6.4344	93.435	96.7	91.0	75.3
6.4344	93.440	96.6	90.7	74.9
6.4345	93.445	96.5	90.7	75.1
6.4345	93.450	96.3	90.5	74.9
6.4345	93.455	95.7	90.2	75.0
6.4346	93.460	95.5	89.7	74.5
6.4346	93.465	95.6	90.1	74.4
6.4347	93.470	95.8	90.1	74.6
6.4348	93.475	95.5	89.8	74.2
6.4348	93.480	95.2	89.5	73.8
6.4348	93.485	95.3	89.5	73.6
6.4349	93.490	95.3	89.5	73.8
6.4349	93.495	95.6	89.9	73.7
6.4350	93.500	95.8	90.0	73.8
6.4351	93.505	96.0	89.9	73.9
6.4351	93.510	96.0	90.0	73.8
6.4352	93.515	95.6	89.7	73.8
6.4352	93.520	95.5	89.7	73.7
6.4352	93.525	95.9	89.9	74.0
6.4353	93.530	96.0	90.0	74.1
6.4353	93.535	95.9	90.1	74.1
6.4354	93.540	96.0	90.0	74.2
6.4355	93.545	96.0	90.2	74.1
6.4355	93.550	96.4	90.6	74.5
6.4356	93.555	96.5	90.7	74.7
6.4356	93.560	96.8	91.0	74.8
6.4356	93.565	96.8	91.0	75.5
6.4357	93.570	96.4	90.8	75.3
6.4358	93.575	96.0	90.4	74.9
6.4358	93.580	95.6	90.1	74.7
6.4359	93.585	95.3	89.8	74.7
6.4359	93.590	95.1	89.6	74.2
6.4360	93.595	95.4	89.8	74.2
6.4360	93.600	95.8	90.2	74.1
6.4360	93.605	96.3	90.5	74.5
6.4361	93.610	96.3	90.4	74.4
6.4361	93.615	96.6	90.7	74.4
6.4362	93.620	96.4	90.4	74.2
6.4363	93.625	96.3	90.2	74.1
6.4363	93.630	96.5	90.5	74.1
6.4364	93.635	96.3	90.4	74.3
6.4364	93.640	96.1	90.3	73.9
6.4364	93.645	96.4	90.5	74.1
6.4365	93.650	96.3	90.3	74.2
6.4366	93.655	95.9	90.1	74.1
6.4366	93.660	96.4	90.5	74.0
6.4367	93.665	97.0	91.2	74.8
6.4367	93.670	96.9	91.1	74.8
6.4367	93.675	96.6	90.7	74.4
6.4368	93.680	96.6	90.6	74.4
6.4368	93.685	96.7	90.7	74.4
6.4369	93.690	96.8	90.9	74.5
6.4369	93.695	96.7	90.7	74.5
6.4370	93.700	96.7	90.8	74.6
6.4371	93.705	96.9	91.2	74.8
6.4371	93.710	97.0	91.3	75.1
6.4371	93.715	97.1	91.3	75.2
6.4372	93.720	96.8	91.0	75.3
6.4372	93.725	96.5	90.6	74.8
6.4373	93.730	96.5	90.7	74.5
6.4374	93.735	96.5	90.6	74.7
6.4374	93.740	96.8	90.8	74.6
6.4375	93.745	96.5	90.8	74.8
6.4375	93.750	96.1	90.4	74.4
6.4375	93.755	95.9	90.2	74.1
6.4376	93.760	95.9	90.2	74.1
6.4376	93.765	96.4	90.8	74.5
6.4377	93.770	96.8	91.2	75.1
6.4378	93.775	96.8	91.0	74.8
6.4378	93.780	96.6	91.0	74.8
6.4379	93.785	96.5	90.8	74.7
6.4379	93.790	96.4	90.4	74.5
6.4379	93.795	96.3	90.5	74.1
6.4380	93.800	96.4	90.5	74.4
6.4381	93.805	96.6	90.7	74.4
6.4381	93.810	97.0	91.1	74.7
6.4382	93.815	97.3	91.4	75.0
6.4382	93.820	97.3	91.4	75.3
6.4383	93.825	97.0	91.0	74.9
6.4383	93.830	96.8	90.8	75.0
6.4383	93.835	96.0	90.0	74.1
6.4384	93.840	95.8	89.7	73.9
6.4384	93.845	96.0	90.0	74.0
6.4385	93.850	96.3	90.4	74.2
6.4386	93.855	96.4	90.5	74.3
6.4386	93.860	96.8	90.9	74.4
6.4386	93.865	97.0	91.1	74.8
6.4387	93.870	96.7	90.7	74.9
6.4387	93.875	96.3	90.4	74.5
6.4388	93.880	96.5	90.6	74.3
6.4389	93.885	96.7	90.7	74.5
6.4389	93.890	96.2	90.3	74.4
6.4390	93.895	96.1	90.0	74.0
6.4390	93.900	96.5	90.4	74.4
6.4390	93.905	96.6	90.5	74.6
6.4391	93.910	96.7	90.6	74.7
6.4391	93.915	97.2	91.2	75.0
6.4392	93.920	97.6	91.5	75.4
6.4392	93.925	97.6	91.5	75.3
6.4393	93.930	97.4	91.3	75.2
6.4394	93.935	96.7	90.5	74.6
6.4394	93.940	96.4	90.2	74.2
6.4394	93.945	96.3	90.2	74.1
6.4395	93.950	96.0	89.9	74.0
6.4395	93.955	95.9	89.7	73.8
6.4396	93.960	95.9	89.9	73.8
6.4397	93.965	95.7	89.7	73.8
6.4397	93.970	95.8	89.7	74.0
6.4398	93.975	95.2	89.4	73.7
6.4398	93.980	95.3	89.3	73.5
6.4398	93.985	95.6	89.6	73.5
6.4399	93.990	95.6	89.9	74.0
6.4399	93.995	95.5	89.8	74.3
6.4400	94.000	95.4	89.6	74.0
6.4401	94.005	95.0	89.1	73.8
6.4401	94.010	94.8	89.1	73.6
6.4402	94.015	95.1	89.4	74.0
6.4402	94.020	95.3	89.6	74.1
6.4402	94.025	95.2	89.3	73.9
6.4403	94.030	95.3	89.4	73.8
6.4404	94.035	95.5	89.6	73.8
6.4404	94.040	95.3	89.3	73.6
6.4405	94.045	96.0	89.9	73.7
6.4405	94.050	96.4	90.5	74.2
6.4405	94.055	96.9	90.8	74.8
6.4406	94.060	96.8	90.6	74.7
6.4406	94.065	96.4	90.2	74.3
6.4407	94.070	96.4	90.2	74.2
6.4407	94.075	96.4	90.3	74.3
6.4408	94.080	96.8	90.7	74.4
6.4409	94.085	97.2	91.1	74.7
6.4409	94.090	97.3	91.3	75.2
6.4409	94.095	97.3	91.3	75.1
6.4410	94.100	97.2	91.3	75.1
6.4410	94.105	97.1	91.0	75.0
6.4411	94.110	96.5	90.4	74.7
6.4412	94.115	95.9	90.0	74.4
6.4412	94.120	95.8	90.0	74.3
6.4413	94.125	95.7	89.9	74.4
6.4413	94.130	95.5	89.5	74.0
6.4413	94.135	95.6	89.5	73.5
6.4414	94.140	95.5	89.4	73.5
6.4414	94.145	95.5	89.5	73.7
6.4415	94.150	95.6	89.5	73.8
6.4416	94.155	95.9	89.8	73.8
6.4416	94.160	95.9	90.0	74.0
6.4417	94.165	95.9	89.7	73.8
6.4417	94.170	96.0	89.8	73.9
6.4417	94.175	96.0	90.1	73.9
6.4418	94.180	96.1	90.1	74.0
6.4419	94.185	96.3	90.3	73.8
6.4419	94.190	96.4	90.3	74.0
6.4420	94.195	96.5	90.5	74.4
6.4420	94.200	96.3	90.3	74.4
6.4421	94.205	95.9	89.9	74.1
6.4421	94.210	95.9	89.9	73.8
6.4421	94.215	95.8	90.0	73.8
6.4422	94.220	95.7	89.8	74.1
6.4422	94.225	95.1	89.2	73.5
6.4423	94.230	94.6	88.7	73.2
6.4424	94.235	94.4	88.5	72.8
6.4424	94.240	94.8	89.0	73.2
6.4425	94.245	95.6	89.9	74.0
6.4425	94.250	95.8	90.1	74.5
6.4425	94.255	95.6	89.8	74.4
6.4426	94.260	95.4	89.5	74.3
6.4427	94.265	95.3	89.5	73.9
6.4427	94.270	96.0	90.2	74.5
6.4428	94.275	96.4	90.4	74.7
6.4428	94.280	96.4	90.3	74.5
6.4428	94.285	96.4	90.4	74.4
6.4429	94.290	96.6	90.6	74.6
6.4429	94.295	96.8	91.0	74.8
6.4430	94.300	97.1	91.3	75.3
6.4431	94.305	97.0	91.2	75.6
6.4431	94.310	96.7	91.0	75.4
6.4432	94.315	96.3	90.6	75.4
6.4432	94.320	95.9	90.3	75.0
6.4432	94.325	95.8	90.2	74.9
6.4433	94.330	96.0	90.3	75.0
6.4433	94.335	95.7	90.3	75.1
6.4434	94.340	94.5	89.0	74.7
6.4435	94.345	93.1	87.7	73.7
6.4435	94.350	92.3	87.1	73.2
6.4436	94.355	92.2	87.1	72.9
6.4436	94.360	92.0	86.8	72.7
6.4436	94.365	91.9	86.5	72.3
6.4437	94.370	92.5	87.2	72.7
6.4437	94.375	92.6	87.5	73.1
6.4438	94.380	93.1	87.6	73.4
6.4439	94.385	93.4	88.0	73.4
6.4439	94.390	94.1	88.7	73.7
6.4440	94.395	94.7	89.4	74.9
6.4440	94.400	94.6	89.2	74.8
6.4440	94.405	94.7	89.2	74.6
6.4441	94.410	94.6	89.2	74.2
6.4442	94.415	95.4	90.0	74.7
6.4442	94.420	95.8	90.1	74.9
6.4443	94.425	95.7	90.1	74.8
6.4443	94.430	96.0	90.2	74.6
6.4444	94.435	96.0	90.2	74.6
6.4444	94.440	95.8	90.0	74.5
6.4444	94.445	96.0	90.3	74.5
6.4445	94.450	96.5	90.8	75.1
6.4445	94.455	96.4	90.8	75.0
6.4446	94.460	96.9	91.3	75.3
6.4447	94.465	97.2	91.5	75.6
6.4447	94.470	97.0	91.3	75.7
6.4447	94.475	96.5	90.8	75.5
6.4448	94.480	95.7	90.0	74.8
6.4448	94.485	95.6	90.0	74.5
6.4449	94.490	95.4	89.7	74.2
6.4450	94.495	95.5	89.6	74.0
6.4450	94.500	95.7	89.8	73.8
6.4451	94.505	96.4	90.5	74.2
6.4451	94.510	96.8	91.0	74.8
6.4451	94.515	96.9	91.0	75.2
6.4452	94.520	96.6	90.8	75.3
6.4452	94.525	95.5	89.8	74.3
6.4453	94.530	95.0	89.3	73.7
6.4453	94.535	95.5	90.0	74.3
6.4454	94.540	96.4	90.8	74.9
6.4455	94.545	97.2	91.4	75.2
6.4455	94.550	97.5	91.5	75.5
6.4455	94.555	97.9	91.8	75.5
6.4456	94.560	97.8	91.6	75.6
6.4456	94.565	97.3	91.4	75.2
6.4457	94.570	97.0	91.1	74.8
6.4458	94.575	97.3	91.5	75.1
6.4458	94.580	97.9	92.2	75.8
6.4459	94.585	98.7	93.0	76.7
6.4459	94.590	98.6	93.0	77.1
6.4459	94.595	98.2	92.5	76.7
6.4460	94.600	97.7	92.0	76.4
6.4460	94.605	97.2	91.7	76.4
6.4461	94.610	97.5	92.2	76.9
6.4462	94.615	98.1	92.9	77.6
6.4462	94.620	99.0	93.9	78.3
6.4463	94.625	99.3	94.1	78.5
6.4463	94.630	99.5	94.1	78.4
6.4463	94.635	100.5	95.2	78.9
6.4464	94.640	101.2	95.6	79.6
6.4465	94.645	101.2	95.8	79.7
6.4465	94.650	101.3	95.6	79.7
6.4466	94.655	100.8	95.0	79.2
6.4466	94.660	100.3	94.3	78.3
6.4466	94.665	100.1	94.3	77.7
6.4467	94.670	100.0	94.3	77.5
6.4467	94.675	100.3	94.4	77.6
6.4468	94.680	100.0	94.3	77.6
6.4468	94.685	99.6	93.8	77.4
6.4469	94.690	98.9	93.2	76.9
6.4470	94.695	98.7	93.1	76.7
6.4470	94.700	98.2	92.5	76.4
6.4470	94.705	97.1	91.6	75.5
6.4471	94.710	96.4	90.8	75.1
6.4471	94.715	96.0	90.7	75.0
6.4472	94.720	95.9	90.3	74.8
6.4473	94.725	96.8	91.5	75.2
6.4473	94.730	97.7	92.1	75.9
6.4474	94.735	98.2	92.6	76.1
6.4474	94.740	98.3	92.7	76.2
6.4474	94.745	98.5	93.0	76.6
6.4475	94.750	98.4	93.0	77.0
6.4475	94.755	98.1	92.5	76.5
6.4476	94.760	97.6	91.9	76.3
6.4477	94.765	97.3	91.8	75.9
6.4477	94.770	97.9	92.2	76.2
6.4478	94.775	98.3	92.7	76.6
6.4478	94.780	98.5	92.6	76.7
6.4478	94.785	98.5	92.8	76.5
6.4479	94.790	99.0	93.1	76.6
6.4480	94.795	99.3	93.4	76.8
6.4480	94.800	99.7	93.8	77.2
6.4481	94.805	99.5	93.5	77.1
6.4481	94.810	99.2	93.2	76.7
6.4482	94.815	99.4	93.4	76.6
6.4482	94.820	99.4	93.4	76.7
6.4482	94.825	99.8	93.7	77.0
6.4483	94.830	99.8	93.6	77.2
6.4483	94.835	99.3	93.2	76.6
6.4484	94.840	99.1	93.1	76.4
6.4485	94.845	99.3	93.3	76.7
6.4485	94.850	99.2	93.2	76.5
6.4486	94.855	99.2	93.2	76.3
6.4486	94.860	99.0	93.0	76.4
6.4486	94.865	98.5	92.3	75.8
6.4487	94.870	98.4	92.3	75.6
6.4488	94.875	98.4	92.4	75.7
6.4488	94.880	98.5	92.6	75.8
6.4489	94.885	98.3	92.3	75.9
6.4489	94.890	97.5	91.3	75.1
6.4489	94.895	97.5	91.6	74.5
6.4490	94.900	98.2	92.3	75.4
6.4490	94.905	98.4	92.5	75.8
6.4491	94.910	98.2	92.2	75.6
6.4492	94.915	97.9	91.9	75.4
6.4492	94.920	97.8	91.8	75.1
6.4493	94.925	97.7	91.7	74.8
6.4493	94.930	97.5	91.5	74.8
6.4493	94.935	97.5	91.3	74.7
6.4494	94.940	98.0	92.0	75.2
6.4494	94.945	98.5	92.6	75.6
6.4495	94.950	98.6	92.7	75.8
6.4496	94.955	98.6	92.8	76.0
6.4496	94.960	99.0	93.1	76.3
6.4497	94.965	99.5	93.5	76.9
6.4497	94.970	99.6	93.5	76.9
6.4497	94.975	99.3	93.3	76.8
6.4498	94.980	99.1	93.1	76.5
6.4498	94.985	99.5	93.6	77.0
6.4499	94.990	99.3	93.3	77.0
6.4500	94.995	99.2	93.2	76.6
6.4500	95.000	99.5	93.6	77.0
6.4501	95.005	99.3	93.3	77.1
6.4501	95.010	99.0	93.1	76.7
6.4501	95.015	99.0	93.1	76.7
6.4502	95.020	99.0	93.0	76.7
6.4503	95.025	98.8	92.9	76.6
6.4503	95.030	98.8	92.8	76.5
6.4504	95.035	98.6	92.6	76.0
6.4504	95.040	98.7	92.7	76.2
6.4505	95.045	99.0	93.2	76.7
6.4505	95.050	99.0	93.0	76.7
6.4505	95.055	99.0	93.1	76.7
6.4506	95.060	99.2	93.3	77.2
6.4506	95.065	99.2	93.1	77.2
6.4507	95.070	98.7	92.8	76.5
6.4508	95.075	98.7	92.8	76.2
6.4508	95.080	99.0	92.9	76.4
6.4508	95.085	98.7	92.6	76.2
6.4509	95.090	98.4	92.4	76.2
6.4509	95.095	98.6	92.5	76.2
6.4510	95.100	98.6	92.6	75.9
6.4511	95.105	98.9	93.0	76.4
6.4511	95.110	98.8	92.9	76.5
6.4512	95.115	98.5	92.5	76.0
6.4512	95.120	98.0	92.0	75.7
6.4512	95.125	97.4	91.4	75.2
6.4513	95.130	97.2	91.3	74.9
6.4513	95.135	97.6	91.5	75.1
6.4514	95.140	97.8	91.8	75.4
6.4514	95.145	98.0	92.0	75.7
6.4515	95.150	97.7	91.9	75.4
6.4516	95.155	97.9	92.0	75.7
6.4516	95.160	98.3	92.2	75.6
6.4516	95.165	98.6	92.5	75.9
6.4517	95.170	98.9	93.0	76.2
6.4517	95.175	98.8	92.9	76.5
6.4518	95.180	98.6	92.7	76.4
6.4519	95.185	98.5	92.6	76.3
6.4519	95.190	98.3	92.3	76.0
6.4520	95.195	98.6	92.5	76.4
6.4520	95.200	98.8	92.7	76.6
6.4520	95.205	98.9	92.8	76.7
6.4521	95.210	99.7	93.6	77.3
6.4521	95.215	100.2	94.2	77.8
6.4522	95.220	100.2	93.9	77.8
6.4523	95.225	100.1	94.0	77.7
6.4523	95.230	100.6	94.6	77.9
6.4524	95.235	100.9	94.9	78.3
6.4524	95.240	100.6	94.3	78.2
6.4524	95.245	100.1	93.9	77.7
6.4525	95.250	100.0	94.0	77.6
6.4526	95.255	100.1	94.0	77.6
6.4526	95.260	99.9	93.7	77.2
6.4527	95.265	100.0	93.9	77.1
6.4527	95.270	100.6	94.5	77.3
6.4527	95.275	101.3	95.1	78.3
6.4528	95.280	101.3	95.0	78.0
6.4528	95.285	101.5	95.3	78.5
6.4529	95.290	101.1	94.8	78.1
6.4529	95.295	100.6	94.2	77.6
6.4530	95.300	100.4	94.2	77.1
6.4531	95.305	101.2	95.0	78.1
6.4531	95.310	101.4	95.3	78.2
6.4531	95.315	101.3	95.1	78.2
6.4532	95.320	101.5	95.3	78.2
6.4532	95.325	101.4	95.2	78.2
6.4533	95.330	101.5	95.2	78.2
6.4534	95.335	101.5	95.1	78.1
6.4534	95.340	101.4	95.2	78.4
6.4535	95.345	101.1	95.1	78.3
6.4535	95.350	100.7	94.6	78.1
6.4535	95.355	100.5	94.5	78.1
6.4536	95.360	100.6	94.4	78.0
6.4536	95.365	100.5	94.3	77.8
6.4537	95.370	100.3	94.3	77.7
6.4538	95.375	100.3	94.3	77.6
6.4538	95.380	100.6	94.5	77.6
6.4539	95.385	101.4	95.4	78.1
6.4539	95.390	102.1	96.1	78.9
6.4539	95.395	102.6	96.4	79.3
6.4540	95.400	102.9	96.6	79.5
6.4541	95.405	102.9	96.8	79.5
6.4541	95.410	102.8	96.5	79.4
6.4542	95.415	102.5	96.2	79.2
6.4542	95.420	102.1	95.8	78.7
6.4543	95.425	102.0	95.7	78.3
6.4543	95.430	102.2	95.8	78.2
6.4543	95.435	102.5	96.0	78.5
6.4544	95.440	102.5	96.0	78.9
6.4544	95.445	102.5	96.3	79.0
6.4545	95.450	102.2	95.7	78.6
6.4546	95.455	101.8	95.5	77.9
6.4546	95.460	102.1	95.6	78.2
6.4546	95.465	101.8	95.2	78.0
6.4547	95.470	101.8	95.4	77.9
6.4547	95.475	101.8	95.3	78.1
6.4548	95.480	101.7	95.4	78.1
6.4549	95.485	102.3	96.0	78.4
6.4549	95.490	102.5	96.0	78.8
6.4550	95.495	102.3	96.0	78.5
6.4550	95.500	102.4	95.9	78.9
6.4550	95.505	101.6	95.3	78.2
6.4551	95.510	101.6	95.3	78.2
6.4551	95.515	101.3	94.9	78.0
6.4552	95.520	101.2	95.0	77.8
6.4553	95.525	101.1	94.8	77.4
6.4553	95.530	101.7	95.3	77.7
6.4554	95.535	102.3	96.0	78.5
6.4554	95.540	102.5	96.1	78.7
6.4554	95.545	102.6	96.1	78.5
6.4555	95.550	102.5	95.8	78.3
6.4556	95.555	102.7	96.1	78.4
6.4556	95.560	103.1	96.6	79.0
6.4557	95.565	103.4	97.1	79.5
6.4557	95.570	103.4	96.8	79.4
6.4558	95.575	102.9	96.4	79.0
6.4558	95.580	103.1	96.7	79.0
6.4558	95.585	103.3	96.9	79.2
6.4559	95.590	103.1	96.6	79.3
6.4559	95.595	103.1	96.7	79.2
6.4560	95.600	103.6	97.2	79.7
6.4561	95.605	103.7	97.2	79.9
6.4561	95.610	103.4	97.0	79.6
6.4562	95.615	103.3	96.8	79.3
6.4562	95.620	102.9	96.5	78.9
6.4562	95.625	102.7	96.2	78.6
6.4563	95.630	102.6	96.0	78.5
6.4564	95.635	102.4	96.0	78.4
6.4564	95.640	102.7	96.2	78.6
6.4565	95.645	102.6	96.1	78.5
6.4565	95.650	102.7	96.1	78.4
6.4566	95.655	102.7	96.1	78.2
6.4566	95.660	103.0	96.3	78.5
6.4566	95.665	103.1	96.5	78.7
6.4567	95.670	103.1	96.5	78.7
6.4567	95.675	103.3	96.9	79.0
6.4568	95.680	103.4	96.7	79.0
6.4569	95.685	103.6	97.1	79.2
6.4569	95.690	103.7	97.3	79.2
6.4569	95.695	103.4	96.8	79.0
6.4570	95.700	103.4	96.7	78.9
6.4570	95.705	103.6	97.1	78.8
6.4571	95.710	103.4	97.0	78.9
6.4572	95.715	103.6	97.2	79.1
6.4572	95.720	103.7	97.3	79.2
6.4573	95.725	103.2	96.7	79.2
6.4573	95.730	102.7	96.5	79.0
6.4573	95.735	102.3	96.1	78.7
6.4574	95.740	102.3	96.0	78.5
6.4574	95.745	102.4	96.2	78.6
6.4575	95.750	102.5	96.4	78.7
6.4575	95.755	101.9	95.7	78.2
6.4576	95.760	100.8	94.7	77.5
6.4577	95.765	100.8	94.8	77.5
6.4577	95.770	100.5	94.7	77.7
6.4577	95.775	100.7	94.7	77.9
6.4578	95.780	100.7	95.0	78.1
6.4578	95.785	100.2	94.3	77.8
6.4579	95.790	99.6	93.8	77.1
6.4580	95.795	99.7	93.9	76.8
6.4580	95.800	99.8	94.0	77.0
6.4581	95.805	100.0	94.1	77.0
6.4581	95.810	100.0	94.0	77.1
6.4581	95.815	100.2	94.1	77.0
6.4582	95.820	100.3	94.1	77.0
6.4582	95.825	100.9	95.0	77.6
6.4583	95.830	101.5	95.5	78.5
6.4584	95.835	102.3	96.0	78.7
6.4584	95.840	102.4	96.2	79.1
6.4585	95.845	101.8	95.4	78.4
6.4585	95.850	101.3	94.9	77.6
6.4585	95.855	101.7	95.5	77.7
6.4586	95.860	102.0	95.6	78.0
6.4587	95.865	102.2	95.5	77.9
6.4587	95.870	102.6	96.2	78.2
6.4588	95.875	102.7	96.1	78.2
6.4588	95.880	102.6	95.9	78.3
6.4588	95.885	102.6	96.0	78.4
6.4589	95.890	102.6	96.2	78.4
6.4589	95.895	103.0	96.5	78.6
6.4590	95.900	102.8	96.2	78.6
6.4590	95.905	102.6	96.1	78.5
6.4591	95.910	102.7	96.4	78.9
6.4592	95.915	103.0	96.6	79.0
6.4592	95.920	102.8	96.4	78.8
6.4592	95.925	102.8	96.3	78.6
6.4593	95.930	103.1	96.7	79.0
6.4593	95.935	102.9	96.3	78.7
6.4594	95.940	102.4	95.7	78.2
6.4595	95.945	102.7	96.1	78.1
6.4595	95.950	103.3	96.5	78.3
6.4596	95.955	103.8	97.2	78.8
6.4596	95.960	104.0	97.2	79.1
6.4596	95.965	104.1	97.3	79.0
6.4597	95.970	104.3	97.5	79.2
6.4597	95.975	104.6	97.8	79.5
6.4598	95.980	104.5	97.8	79.3
6.4599	95.985	104.7	97.9	79.6
6.4599	95.990	104.8	98.0	79.5
6.4600	95.995	104.9	98.2	79.6
6.4600	96.000	105.2	98.4	80.0
6.4600	96.005	105.2	98.4	80.0
6.4601	96.010	105.7	98.9	80.4
6.4602	96.015	106.0	99.4	80.9
6.4602	96.020	106.2	99.5	80.6
6.4603	96.025	106.4	99.5	80.8
6.4603	96.030	106.4	99.8	81.0
6.4604	96.035	107.1	100.2	81.4
6.4604	96.040	107.2	100.5	81.7
6.4604	96.045	107.2	100.2	81.6
6.4605	96.050	107.2	100.1	81.3
6.4605	96.055	107.4	100.4	81.4
6.4606	96.060	107.5	100.3	81.3
6.4607	96.065	107.6	100.4	81.3
6.4607	96.070	107.5	100.4	81.2
6.4607	96.075	107.8	100.8	81.4
6.4608	96.080	108.1	101.2	82.0
6.4608	96.085	108.2	101.4	82.7
6.4609	96.090	108.0	101.2	82.5
6.4610	96.095	108.2	101.3	82.1
6.4610	96.100	108.2	101.3	82.2
6.4611	96.105	108.2	101.4	82.1
6.4611	96.110	108.3	101.3	82.1
6.4611	96.115	108.6	101.7	82.6
6.4612	96.120	109.2	102.4	82.9
6.4612	96.125	109.6	102.8	83.4
6.4613	96.130	109.4	102.1	82.9
6.4614	96.135	109.5	102.3	82.8
6.4614	96.140	109.6	102.7	83.2
6.4615	96.145	110.2	103.1	83.6
6.4615	96.150	110.1	103.0	83.9
6.4615	96.155	110.0	102.9	83.6
6.4616	96.160	110.2	103.1	83.6
6.4617	96.165	110.1	103.0	83.9
6.4617	96.170	109.6	102.7	83.3
6.4618	96.175	109.8	102.9	83.3
6.4618	96.180	110.2	103.4	83.9
6.4619	96.185	110.6	103.7	84.2
6.4619	96.190	111.0	103.9	84.3
6.4619	96.195	111.3	104.3	84.7
6.4620	96.200	111.8	104.8	85.2
6.4620	96.205	111.8	104.9	85.4
6.4621	96.210	111.2	104.2	85.2
6.4622	96.215	110.3	103.3	84.4
6.4622	96.220	110.1	103.2	84.3
6.4623	96.225	109.8	103.0	84.3
6.4623	96.230	109.5	102.7	84.0
6.4623	96.235	109.0	102.4	84.1
6.4624	96.240	108.2	101.7	83.6
6.4625	96.245	108.0	101.4	83.3
6.4625	96.250	108.2	101.6	83.3
6.4626	96.255	108.2	101.9	83.4
6.4626	96.260	107.9	101.5	83.3
6.4627	96.265	107.4	101.0	83.0
6.4627	96.270	107.7	101.4	82.9
6.4627	96.275	107.3	101.1	83.2
6.4628	96.280	106.4	100.3	82.6
6.4628	96.285	105.4	99.1	81.6
6.4629	96.290	104.5	98.4	80.9
6.4630	96.295	104.1	98.2	80.7
6.4630	96.300	104.0	98.2	80.9
6.4630	96.305	104.5	98.6	80.9
6.4631	96.310	104.5	98.7	81.3
6.4631	96.315	104.3	98.4	81.1
6.4632	96.320	104.2	98.2	80.8
6.4633	96.325	104.1	98.3	80.8
6.4633	96.330	105.1	99.4	81.8
6.4634	96.335	106.4	100.5	82.7
6.4634	96.340	107.4	101.0	82.8
6.4634	96.345	108.2	101.7	83.1
6.4635	96.350	108.8	102.2	83.2
6.4635	96.355	109.6	102.9	83.9
6.4636	96.360	110.1	103.4	84.6
6.4636	96.365	109.8	103.2	84.2
6.4637	96.370	110.2	103.4	84.5
6.4638	96.375	110.3	103.6	84.4
6.4638	96.380	110.7	103.8	84.5
6.4638	96.385	110.5	103.6	84.7
6.4639	96.390	110.7	103.6	84.6
6.4639	96.395	111.0	104.0	85.0
6.4640	96.400	111.6	104.7	85.5
6.4641	96.405	111.9	105.0	85.8
6.4641	96.410	112.4	105.6	86.3
6.4642	96.415	112.9	106.2	87.0
6.4642	96.420	112.8	106.2	87.2
6.4642	96.425	112.5	105.9	86.6
6.4643	96.430	112.4	105.5	86.3
6.4643	96.435	112.6	105.8	86.4
6.4644	96.440	112.5	105.7	86.5
6.4645	96.445	112.3	105.4	86.3
6.4645	96.450	111.7	105.0	85.8
6.4646	96.455	111.7	104.8	85.9
6.4646	96.460	111.5	104.5	85.3
6.4646	96.465	111.1	104.2	85.0
6.4647	96.470	110.9	103.9	85.0
6.4648	96.475	110.7	104.0	85.0
6.4648	96.480	110.7	104.2	85.4
6.4649	96.485	110.1	103.6	85.1
6.4649	96.490	109.9	103.5	84.8
6.4649	96.495	109.6	103.2	85.0
6.4650	96.500	109.3	102.9	84.8
6.4650	96.505	109.4	102.8	84.5
6.4651	96.510	109.8	103.3	84.5
6.4651	96.515	110.7	104.3	85.1
6.4652	96.520	111.8	105.2	86.0
6.4653	96.525	112.5	105.9	86.7
6.4653	96.530	112.8	106.1	87.1
6.4653	96.535	112.6	105.8	87.0
6.4654	96.540	112.3	105.6	86.7
6.4654	96.545	112.4	105.9	87.0
6.4655	96.550	112.5	105.6	86.7
6.4656	96.555	112.6	105.8	86.9
6.4656	96.560	112.3	105.5	86.7
6.4657	96.565	112.6	105.8	86.5
6.4657	96.570	112.7	105.8	86.8
6.4657	96.575	112.5	105.6	86.7
6.4658	96.580	112.4	105.7	86.8
6.4658	96.585	112.5	105.7	86.9
6.4659	96.590	112.5	105.5	86.5
6.4660	96.595	112.6	105.9	86.8
6.4660	96.600	112.8	106.1	87.0
6.4661	96.605	112.8	106.0	87.1
6.4661	96.610	113.1	106.5	87.1
6.4661	96.615	113.5	106.8	87.7
6.4662	96.620	113.6	106.9	88.0
6.4663	96.625	113.6	106.8	88.2
6.4663	96.630	113.4	106.8	87.9
6.4664	96.635	113.3	106.5	87.7
6.4664	96.640	112.7	105.8	86.9
6.4665	96.645	112.3	105.3	86.3
6.4665	96.650	112.2	105.3	86.2
6.4665	96.655	112.3	105.6	86.1
6.4666	96.660	112.4	105.7	86.3
6.4666	96.665	112.4	105.5	86.2
6.4667	96.670	112.3	105.3	86.1
6.4668	96.675	112.1	105.0	85.8
6.4668	96.680	111.9	105.0	85.7
6.4668	96.685	111.6	104.5	85.6
6.4669	96.690	111.2	104.1	85.2
6.4669	96.695	110.9	104.0	84.9
6.4670	96.700	110.9	103.9	84.9
6.4671	96.705	110.5	103.8	84.8
6.4671	96.710	110.8	104.2	84.9
6.4672	96.715	110.8	104.2	85.3
6.4672	96.720	110.1	103.5	84.9
6.4672	96.725	109.6	103.0	84.5
6.4673	96.730	109.8	103.4	84.9
6.4673	96.735	109.9	103.6	85.2
6.4674	96.740	110.0	103.5	85.3
6.4675	96.745	110.4	103.8	85.0
6.4675	96.750	110.8	104.1	85.4
6.4676	96.755	110.7	104.0	85.5
6.4676	96.760	110.2	103.6	85.3
6.4676	96.765	108.7	102.4	84.3
6.4677	96.770	107.6	101.1	83.1
6.4678	96.775	106.2	100.0	82.1
6.4678	96.780	105.5	99.3	81.5
6.4679	96.785	105.4	99.2	81.3
6.4679	96.790	105.7	99.4	81.7
6.4680	96.795	105.5	99.2	81.6
6.4680	96.800	104.5	98.3	80.7
6.4680	96.805	103.9	97.7	80.2
6.4681	96.810	103.0	96.9	79.7
6.4681	96.815	102.9	96.9	79.3
6.4682	96.820	103.2	97.1	79.3
6.4683	96.825	104.0	98.0	80.0
6.4683	96.830	104.6	98.7	80.8
6.4684	96.835	105.2	99.1	81.1
6.4684	96.840	106.1	99.8	81.4
6.4684	96.845	106.8	100.5	81.8
6.4685	96.850	107.1	100.8	82.1
6.4686	96.855	106.7	100.2	82.0
6.4686	96.860	106.3	100.0	81.3
6.4687	96.865	106.3	99.9	81.2
6.4687	96.870	106.2	99.9	81.1
6.4687	96.875	106.2	99.7	81.0
6.4688	96.880	106.0	99.6	80.9
6.4688	96.885	105.7	99.2	81.0
6.4689	96.890	104.7	98.3	80.5
6.4689	96.895	102.1	95.7	78.8
6.4690	96.900	98.8	92.7	76.4
6.4691	96.905	96.5	90.8	74.7
6.4691	96.910	94.1	88.5	73.1
6.4691	96.915	90.7	85.4	71.1
6.4692	96.920	87.6	82.5	68.7
6.4692	96.925	87.0	82.1	67.5
6.4693	96.930	87.1	82.2	67.7
6.4694	96.935	87.2	82.3	67.9
6.4694	96.940	88.3	83.4	68.3
6.4695	96.945	89.9	85.0	69.6
6.4695	96.950	91.9	86.6	70.8
6.4695	96.955	93.8	88.4	72.1
6.4696	96.960	96.4	90.6	73.5
6.4696	96.965	99.5	93.5	75.1
6.4697	96.970	102.5	96.2	77.3
6.4697	96.975	104.4	98.1	79.3
6.4698	96.980	104.8	98.4	80.1
6.4699	96.985	105.6	99.3	81.0
6.4699	96.990	106.1	99.8	81.7
6.4699	96.995	106.5	100.4	82.2
6.4700	97.000	107.1	100.7	82.8
6.4700	97.005	106.2	99.8	82.4
6.4701	97.010	105.6	99.4	81.7
6.4702	97.015	105.5	99.6	82.2
6.4702	97.020	105.4	99.4	82.0
6.4703	97.025	105.6	99.8	82.3
6.4703	97.030	105.9	99.9	82.3
6.4703	97.035	106.6	100.6	82.6
6.4704	97.040	107.1	101.3	83.2
6.4704	97.045	107.5	101.6	83.4
6.4705	97.050	107.6	101.6	83.6
6.4706	97.055	107.5	101.6	83.6
6.4706	97.060	107.8	101.9	83.9
6.4707	97.065	107.7	101.9	83.9
6.4707	97.070	107.7	101.9	83.8
6.4707	97.075	108.0	102.2	83.9
6.4708	97.080	108.2	102.2	84.0
6.4709	97.085	108.4	102.3	83.8
6.4709	97.090	109.0	102.8	84.1
6.4710	97.095	109.1	102.8	84.3
6.4710	97.100	109.5	103.4	84.6
6.4710	97.105	110.3	104.1	85.2
6.4711	97.110	110.6	104.2	85.2
6.4711	97.115	110.4	104.0	85.1
6.4712	97.120	110.1	103.8	84.8
6.4712	97.125	110.0	103.6	84.8
6.4713	97.130	109.9	103.6	84.7
6.4714	97.135	110.1	103.7	84.7
6.4714	97.140	110.5	104.1	84.9
6.4714	97.145	110.4	104.1	85.0
6.4715	97.150	110.5	104.0	84.8
6.4715	97.155	110.5	104.2	84.9
6.4716	97.160	110.7	104.4	85.2
6.4717	97.165	111.1	104.7	85.5
6.4717	97.170	111.5	105.2	85.9
6.4718	97.175	112.2	106.0	86.7
6.4718	97.180	112.1	105.8	87.0
6.4718	97.185	111.2	105.0	86.6
6.4719	97.190	110.8	104.7	86.4
6.4719	97.195	110.5	104.6	86.0
6.4720	97.200	111.0	104.8	86.1
6.4721	97.205	111.2	104.8	85.9
6.4721	97.210	111.3	104.9	86.0
6.4722	97.215	111.5	105.2	86.1
6.4722	97.220	111.5	105.2	86.5
6.4722	97.225	110.9	104.5	86.0
6.4723	97.230	111.1	104.7	85.8
6.4724	97.235	111.7	105.4	86.5
6.4724	97.240	112.0	105.7	86.8
6.4725	97.245	112.3	105.8	86.9
6.4725	97.250	112.0	105.4	86.8
6.4726	97.255	111.6	104.8	86.2
6.4726	97.260	110.8	104.1	85.7
6.4726	97.265	109.9	103.4	85.2
6.4727	97.270	109.4	103.0	84.8
6.4727	97.275	109.3	102.9	84.6
6.4728	97.280	109.7	103.2	84.8
6.4729	97.285	110.2	104.0	85.4
6.4729	97.290	110.3	103.9	85.8
6.4729	97.295	110.1	103.8	85.7
6.4730	97.300	110.1	104.1	85.7
6.4730	97.305	110.2	104.0	85.7
6.4731	97.310	110.5	104.2	85.8
6.4732	97.315	110.9	104.6	85.6
6.4732	97.320	111.5	105.0	85.9
6.4733	97.325	111.4	104.8	85.9
6.4733	97.330	111.3	104.6	85.8
6.4733	97.335	111.3	104.6	85.7
6.4734	97.340	112.2	105.5	86.0
6.4734	97.345	112.9	106.1	86.6
6.4735	97.350	113.5	106.7	87.1
6.4736	97.355	113.7	106.8	87.3
6.4736	97.360	114.3	107.4	87.6
6.4737	97.365	115.0	108.3	88.6
6.4737	97.370	115.6	108.7	89.1
6.4737	97.375	115.3	108.6	89.5
6.4738	97.380	114.3	107.6	88.4
6.4739	97.385	113.8	107.0	87.4
6.4739	97.390	113.7	106.9	87.3
6.4740	97.395	114.0	107.3	87.2
6.4740	97.400	114.2	107.3	87.4
6.4741	97.405	114.4	107.4	87.5
6.4741	97.410	114.6	107.8	87.9
6.4741	97.415	114.6	107.8	88.2
6.4742	97.420	114.1	107.2	87.6
6.4742	97.425	114.4	107.7	88.0
6.4743	97.430	114.9	108.3	88.8
6.4744	97.435	114.7	108.2	88.8
6.4744	97.440	114.8	108.3	88.8
6.4745	97.445	114.6	108.0	88.9
6.4745	97.450	113.9	107.2	88.1
6.4745	97.455	113.5	106.9	87.8
6.4746	97.460	112.8	106.2	87.1
6.4747	97.465	112.6	106.0	86.7
6.4747	97.470	113.5	107.1	87.3
6.4748	97.475	113.9	107.3	88.1
6.4748	97.480	114.0	107.5	88.0
6.4748	97.485	114.0	107.3	87.9
6.4749	97.490	113.4	106.9	87.7
6.4749	97.495	113.2	106.7	87.5
6.4750	97.500	113.5	106.9	87.5
6.4750	97.505	113.8	106.9	87.4
6.4751	97.510	113.9	107.3	87.7
6.4752	97.515	114.0	107.4	87.8
6.4752	97.520	113.9	107.2	87.8
6.4752	97.525	114.0	107.4	87.7
6.4753	97.530	114.1	107.2	87.6
6.4753	97.535	114.2	107.3	87.6
6.4754	97.540	114.1	107.5	87.9
6.4755	97.545	114.0	107.5	87.9
6.4755	97.550	113.2	106.6	87.5
6.4756	97.555	112.2	105.7	86.6
6.4756	97.560	112.6	106.0	86.8
6.4756	97.565	113.1	106.6	87.1
6.4757	97.570	113.2	106.8	87.4
6.4757	97.575	113.3	106.7	87.4
6.4758	97.580	113.4	106.8	87.5
6.4758	97.585	113.8	107.1	87.6
6.4759	97.590	113.9	107.2	87.4
6.4760	97.595	114.3	107.4	87.8
6.4760	97.600	114.5	107.7	88.2
6.4760	97.605	114.1	107.3	87.8
6.4761	97.610	114.0	107.2	87.4
6.4761	97.615	114.2	107.5	87.6
6.4762	97.620	114.7	107.8	87.9
6.4763	97.625	115.0	108.2	88.2
6.4763	97.630	114.9	108.2	88.2
6.4764	97.635	115.0	108.2	88.3
6.4764	97.640	114.8	108.0	88.4
6.4764	97.645	114.6	107.9	88.1
6.4765	97.650	114.4	107.4	87.9
6.4765	97.655	113.8	106.8	87.1
6.4766	97.660	113.3	106.3	86.4
6.4767	97.665	113.1	106.5	86.5
6.4767	97.670	113.4	106.6	87.0
6.4768	97.675	113.6	107.0	87.2
6.4768	97.680	114.0	107.5	87.5
6.4768	97.685	114.6	107.9	88.2
6.4769	97.690	114.6	107.9	88.1
6.4770	97.695	114.6	107.7	88.2
6.4770	97.700	114.3	107.6	88.0
6.4771	97.705	114.3	107.7	88.1
6.4771	97.710	114.3	107.7	88.5
6.4771	97.715	114.2	107.6	88.3
6.4772	97.720	114.2	107.6	88.3
6.4772	97.725	114.0	107.4	88.1
6.4773	97.730	113.9	107.3	87.9
6.4773	97.735	113.9	107.4	87.8
6.4774	97.740	113.4	106.8	87.6
6.4775	97.745	113.1	106.4	87.2
6.4775	97.750	113.0	106.3	86.8
6.4775	97.755	113.0	106.4	86.8
6.4776	97.760	113.1	106.4	86.9
6.4776	97.765	113.2	106.9	87.6
6.4777	97.770	112.6	106.2	87.4
6.4778	97.775	111.9	105.6	87.1
6.4778	97.780	110.9	104.8	86.3
6.4779	97.785	109.9	103.8	85.8
6.4779	97.790	109.4	103.4	85.2
6.4779	97.795	108.8	103.1	85.1
6.4780	97.800	109.3	103.5	85.2
6.4780	97.805	109.9	104.2	85.7
6.4781	97.810	110.0	104.2	86.0
6.4782	97.815	109.9	103.9	86.1
6.4782	97.820	109.9	103.8	85.8
6.4783	97.825	110.2	104.2	85.8
6.4783	97.830	110.5	104.3	86.1
6.4783	97.835	110.9	104.7	86.0
6.4784	97.840	111.8	105.4	86.1
6.4785	97.845	112.2	105.8	86.1
6.4785	97.850	112.8	106.1	86.5
6.4786	97.855	113.0	106.1	86.7
6.4786	97.860	113.4	106.7	87.3
6.4787	97.865	113.6	106.9	87.6
6.4787	97.870	113.5	106.9	87.8
6.4787	97.875	113.0	106.5	87.3
6.4788	97.880	113.2	106.7	87.8
6.4788	97.885	113.0	106.5	87.9
6.4789	97.890	112.8	106.4	87.9
6.4790	97.895	112.5	106.2	87.6
6.4790	97.900	112.0	105.7	87.1
6.4790	97.905	111.7	105.4	86.7
6.4791	97.910	111.5	105.1	86.3
6.4791	97.915	111.3	105.0	86.0
6.4792	97.920	110.9	104.7	85.9
6.4793	97.925	110.4	104.3	85.6
6.4793	97.930	110.7	104.5	85.5
6.4794	97.935	111.0	104.9	86.1
6.4794	97.940	111.4	105.3	86.5
6.4794	97.945	112.1	105.9	86.9
6.4795	97.950	112.2	106.1	87.2
6.4795	97.955	112.0	105.8	87.0
6.4796	97.960	111.8	105.5	87.0
6.4797	97.965	111.7	105.4	86.8
6.4797	97.970	112.6	106.4	87.2
6.4798	97.975	113.5	107.2	88.4
6.4798	97.980	113.5	107.2	88.5
6.4798	97.985	113.4	106.8	88.2
6.4799	97.990	113.2	106.8	88.2
6.4800	97.995	113.5	107.1	88.5
6.4800	98.000	113.6	107.1	88.4
6.4801	98.005	112.9	106.4	87.8
6.4801	98.010	112.4	106.1	87.5
6.4802	98.015	112.6	106.1	87.4
6.4802	98.020	112.5	106.1	87.6
6.4802	98.025	112.3	105.8	87.3
6.4803	98.030	112.3	105.7	87.2
6.4803	98.035	112.2	105.7	87.0
6.4804	98.040	112.0	105.4	86.8
6.4805	98.045	112.1	105.4	86.7
6.4805	98.050	112.6	105.8	87.0
6.4806	98.055	113.1	106.6	87.2
6.4806	98.060	113.1	106.6	87.8
6.4806	98.065	112.8	106.5	87.5
6.4807	98.070	112.9	106.6	87.4
6.4808	98.075	113.0	106.4	87.2
6.4808	98.080	113.1	106.4	87.2
6.4809	98.085	113.2	106.4	87.2
6.4809	98.090	112.9	106.2	87.0
6.4809	98.095	112.7	105.9	86.7
6.4810	98.100	112.9	106.1	86.7
6.4810	98.105	112.8	106.0	86.9
6.4811	98.110	113.3	106.5	87.1
6.4811	98.115	113.6	106.9	87.5
6.4812	98.120	113.3	106.5	87.4
6.4813	98.125	112.9	106.2	86.9
6.4813	98.130	112.8	106.0	86.7
6.4813	98.135	113.1	106.1	86.6
6.4814	98.140	113.2	106.1	86.6
6.4814	98.145	112.7	105.8	86.4
6.4815	98.150	112.3	105.4	86.2
6.4816	98.155	112.0	105.2	85.8
6.4816	98.160	112.4	105.7	86.1
6.4817	98.165	112.7	105.9	86.6
6.4817	98.170	112.3	105.7	86.7
6.4817	98.175	112.1	105.6	86.6
6.4818	98.180	112.7	106.1	86.8
6.4818	98.185	113.3	106.6	87.1
6.4819	98.190	113.9	107.2	87.6
6.4819	98.195	114.3	107.6	88.2
6.4820	98.200	114.8	108.2	88.7
6.4821	98.205	115.0	108.5	88.7
6.4821	98.210	115.4	108.7	88.9
6.4821	98.215	115.8	108.9	89.3
6.4822	98.220	115.9	109.2	89.5
6.4822	98.225	115.6	108.8	89.3
6.4823	98.230	115.2	108.5	89.1
6.4824	98.235	115.0	108.3	88.8
6.4824	98.240	115.3	108.8	89.1
6.4825	98.245	115.4	108.8	89.4
6.4825	98.250	115.5	108.7	89.4
6.4825	98.255	115.4	108.7	89.4
6.4826	98.260	115.5	108.9	89.3
6.4826	98.265	115.9	109.2	89.7
6.4827	98.270	116.3	109.6	90.1
6.4828	98.275	116.4	109.6	90.1
6.4828	98.280	116.8	110.0	90.1
6.4829	98.285	117.0	110.3	90.6
6.4829	98.290	117.2	110.7	91.0
6.4829	98.295	117.3	110.5	90.9
6.4830	98.300	117.5	110.8	90.9
6.4831	98.305	117.8	111.2	91.3
6.4831	98.310	118.2	111.7	91.7
6.4832	98.315	118.3	111.7	92.0
6.4832	98.320	118.0	111.3	91.7
6.4832	98.325	117.7	111.1	91.3
6.4833	98.330	117.4	110.7	91.0
6.4833	98.335	117.3	110.7	90.8
6.4834	98.340	117.8	111.3	91.1
6.4834	98.345	117.8	111.2	91.3
6.4835	98.350	117.4	110.7	91.1
6.4836	98.355	116.9	110.2	90.5
6.4836	98.360	116.8	110.2	90.4
6.4836	98.365	116.5	110.2	90.4
6.4837	98.370	116.3	109.8	90.3
6.4837	98.375	115.6	109.0	89.7
6.4838	98.380	115.6	109.2	89.6
6.4839	98.385	115.9	109.6	89.6
6.4839	98.390	116.6	110.3	90.3
6.4840	98.395	116.7	110.3	90.4
6.4840	98.400	117.2	110.8	90.6
6.4840	98.405	117.9	111.2	91.3
6.4841	98.410	117.9	111.2	91.2
6.4841	98.415	117.9	111.0	91.1
6.4842	98.420	117.8	111.0	90.7
6.4843	98.425	117.5	110.8	90.4
6.4843	98.430	117.8	110.9	90.6
6.4844	98.435	117.8	111.0	90.9
6.4844	98.440	117.6	111.0	91.0
6.4844	98.445	117.2	110.6	90.8
6.4845	98.450	117.0	110.4	90.3
6.4846	98.455	116.8	110.0	90.1
6.4846	98.460	116.7	109.9	89.8
6.4847	98.465	117.0	110.3	90.4
6.4847	98.470	116.4	109.6	90.3
6.4848	98.475	115.6	108.9	89.3
6.4848	98.480	115.4	108.6	88.8
6.4848	98.485	115.5	108.7	88.5
6.4849	98.490	115.8	108.9	88.5
6.4849	98.495	115.8	108.9	88.9
6.4850	98.500	116.0	109.1	89.2
6.4851	98.505	116.0	109.1	89.2
6.4851	98.510	115.7	108.7	88.9
6.4851	98.515	115.7	109.0	89.0
6.4852	98.520	116.3	109.5	89.4
6.4852	98.525	116.6	109.8	89.8
6.4853	98.530	116.9	110.1	90.0
6.4854	98.535	116.5	109.5	89.5
6.4854	98.540	116.0	108.9	88.7
6.4855	98.545	115.9	108.8	88.4
6.4855	98.550	116.0	108.9	88.4
6.4855	98.555	116.1	108.9	88.3
6.4856	98.560	116.0	108.8	88.0
6.4856	98.565	116.0	108.8	87.9
6.4857	98.570	116.4	109.5	88.7
6.4858	98.575	117.0	110.2	89.6
6.4858	98.580	117.3	110.5	90.2
6.4859	98.585	117.7	110.9	90.6
6.4859	98.590	118.0	111.2	90.8
6.4859	98.595	117.9	110.8	90.8
6.4860	98.600	117.9	110.9	90.4
6.4861	98.605	117.7	110.8	90.5
6.4861	98.610	117.5	110.4	90.1
6.4862	98.615	117.3	110.6	90.2
6.4862	98.620	117.4	110.5	90.2
6.4863	98.625	117.0	110.2	89.8
6.4863	98.630	117.2	110.2	89.7
6.4863	98.635	117.3	110.3	89.8
6.4864	98.640	117.4	110.3	89.7
6.4864	98.645	117.2	110.1	89.7
6.4865	98.650	116.9	109.8	89.5
6.4866	98.655	117.1	110.2	89.8
6.4866	98.660	117.6	110.6	90.1
6.4867	98.665	117.1	110.1	90.0
6.4867	98.670	116.7	109.8	89.4
6.4867	98.675	116.7	109.8	89.5
6.4868	98.680	116.8	109.9	89.5
6.4869	98.685	117.1	110.1	89.6
6.4869	98.690	117.0	110.0	89.6
6.4870	98.695	117.2	110.1	89.6
6.4870	98.700	117.6	110.4	90.0
6.4870	98.705	117.2	110.2	90.0
6.4871	98.710	117.2	110.4	89.8
6.4871	98.715	117.6	110.8	90.5
6.4872	98.720	117.4	110.7	90.4
6.4872	98.725	117.6	110.9	90.4
6.4873	98.730	118.1	111.2	91.0
6.4874	98.735	118.0	111.3	91.1
6.4874	98.740	117.9	111.2	90.5
6.4874	98.745	118.4	111.5	90.8
6.4875	98.750	118.7	111.7	91.3
6.4875	98.755	118.8	112.0	91.4
6.4876	98.760	119.1	112.2	91.7
6.4877	98.765	119.3	112.5	92.2
6.4877	98.770	118.5	111.7	91.8
6.4878	98.775	118.2	111.4	91.2
6.4878	98.780	117.9	110.9	90.9
6.4878	98.785	117.4	110.4	90.3
6.4879	98.790	117.5	110.6	90.4
6.4879	98.795	117.8	110.9	90.7
6.4880	98.800	117.3	110.3	90.2
6.4881	98.805	117.3	110.4	89.9
6.4881	98.810	117.4	110.5	90.0
6.4882	98.815	118.1	111.2	90.4
6.4882	98.820	118.6	111.8	91.2
6.4882	98.825	118.5	111.6	91.6
6.4883	98.830	118.5	111.6	91.4
6.4883	98.835	118.7	111.9	91.9
6.4884	98.840	118.8	111.9	91.7
6.4885	98.845	118.5	111.6	91.4
6.4885	98.850	118.3	111.3	91.1
6.4886	98.855	118.0	111.0	90.7
6.4886	98.860	117.9	110.8	90.4
6.4886	98.865	117.8	110.9	90.5
6.4887	98.870	117.9	111.0	90.6
6.4887	98.875	117.7	110.8	90.6
6.4888	98.880	117.4	110.3	90.3
6.4889	98.885	117.1	109.9	89.6
6.4889	98.890	116.5	109.3	89.0
6.4889	98.895	116.1	109.0	88.7
6.4890	98.900	115.9	108.9	88.6
6.4890	98.905	115.8	108.9	89.2
6.4891	98.910	114.9	108.0	88.6
6.4892	98.915	114.5	107.6	88.0
6.4892	98.920	114.1	107.5	87.8
6.4893	98.925	114.1	107.5	87.7
6.4893	98.930	114.0	107.3	87.9
6.4893	98.935	113.7	107.2	87.9
6.4894	98.940	113.5	107.2	88.1
6.4894	98.945	113.7	107.5	88.2
6.4895	98.950	113.0	106.6	87.8
6.4895	98.955	111.8	105.5	86.7
6.4896	98.960	111.5	105.3	86.2
6.4897	98.965	111.2	104.9	86.1
6.4897	98.970	110.5	104.3	85.5
6.4897	98.975	110.1	103.9	85.1
6.4898	98.980	110.2	104.1	85.3
6.4898	98.985	109.4	103.2	85.0
6.4899	98.990	108.9	102.7	84.6
6.4900	98.995	109.2	103.1	84.5
6.4900	99.000	109.5	103.3	84.9
6.4901	99.005	108.8	102.7	84.5
6.4901	99.010	108.8	102.6	84.1
6.4901	99.015	108.8	102.6	84.2
6.4902	99.020	108.8	102.7	84.0
6.4902	99.025	109.1	102.5	83.8
6.4903	99.030	108.9	102.2	83.3
6.4904	99.035	109.0	102.4	83.2
6.4904	99.040	108.8	102.3	83.1
6.4905	99.045	108.6	102.1	82.9
6.4905	99.050	109.3	102.8	83.2
6.4905	99.055	110.0	103.6	84.3
6.4906	99.060	110.4	104.0	84.8
6.4907	99.065	110.4	104.1	85.0
6.4907	99.070	110.6	104.3	85.2
6.4908	99.075	110.3	104.0	85.3
6.4908	99.080	109.8	103.5	85.0
6.4909	99.085	109.4	103.0	84.4
6.4909	99.090	108.9	102.5	84.0
6.4909	99.095	108.8	102.5	83.6
6.4910	99.100	108.9	102.7	83.7
6.4910	99.105	109.7	103.3	84.3
6.4911	99.110	109.7	103.5	84.8
6.4912	99.115	109.4	103.2	84.7
6.4912	99.120	108.8	102.5	84.3
6.4912	99.125	108.9	102.6	84.1
6.4913	99.130	109.5	103.4	84.3
6.4913	99.135	110.2	104.1	85.1
6.4914	99.140	110.3	104.0	85.4
6.4915	99.145	110.1	103.7	85.3
6.4915	99.150	109.7	103.3	84.8
6.4916	99.155	109.3	102.9	84.3
6.4916	99.160	109.0	102.6	84.1
6.4916	99.165	108.3	102.0	83.6
6.4917	99.170	108.4	102.0	83.5
6.4917	99.175	108.6	102.2	83.2
6.4918	99.180	109.3	102.7	83.9
6.4919	99.185	109.4	102.7	83.7
6.4919	99.190	109.4	102.8	83.4
6.4920	99.195	109.5	102.9	83.6
6.4920	99.200	109.5	102.7	83.5
6.4920	99.205	109.7	102.9	83.5
6.4921	99.210	109.8	103.3	83.7
6.4922	99.215	110.4	103.6	84.2
6.4922	99.220	110.9	104.3	84.5
6.4923	99.225	111.4	104.5	85.0
6.4923	99.230	111.1	104.4	85.0
6.4924	99.235	110.8	103.9	84.3
6.4924	99.240	110.5	103.7	84.0
6.4924	99.245	110.1	103.1	83.9
6.4925	99.250	109.4	102.5	83.2
6.4925	99.255	108.9	102.0	82.8
6.4926	99.260	109.0	102.3	83.0
6.4927	99.265	109.0	102.2	83.1
6.4927	99.270	109.0	102.2	83.2
6.4928	99.275	109.0	102.2	83.0
6.4928	99.280	109.3	102.7	83.1
6.4928	99.285	109.6	102.9	83.7
6.4929	99.290	109.4	102.6	83.5
6.4930	99.295	109.3	102.6	83.2
6.4930	99.300	109.6	102.6	83.3
6.4931	99.305	109.5	102.8	83.4
6.4931	99.310	109.1	102.4	83.2
6.4931	99.315	108.9	102.4	83.2
6.4932	99.320	108.7	102.1	83.4
6.4932	99.325	108.3	101.7	82.9
6.4933	99.330	108.4	101.7	83.0
6.4933	99.335	108.7	102.2	83.1
6.4934	99.340	109.1	102.6	83.4
6.4935	99.345	109.4	102.7	83.6
6.4935	99.350	109.8	103.1	83.7
6.4935	99.355	109.8	103.0	83.9
6.4936	99.360	110.0	103.3	84.0
6.4936	99.365	109.8	103.2	84.3
6.4937	99.370	109.2	102.5	83.8
6.4938	99.375	108.9	102.1	83.2
6.4938	99.380	108.7	102.1	83.0
6.4939	99.385	108.5	101.8	82.9
6.4939	99.390	108.9	102.3	82.9
6.4939	99.395	108.9	102.2	82.9
6.4940	99.400	108.3	101.6	82.7
6.4940	99.405	107.9	101.4	82.6
6.4941	99.410	107.8	101.4	82.4
6.4942	99.415	108.1	101.5	82.3
6.4942	99.420	108.4	101.8	82.8
6.4943	99.425	107.9	101.5	83.1
6.4943	99.430	107.3	100.7	82.2
6.4943	99.435	107.0	100.6	81.7
6.4944	99.440	106.8	100.5	81.4
6.4944	99.445	107.1	100.7	81.8
6.4945	99.450	106.9	100.6	81.8
6.4946	99.455	106.7	100.4	81.8
6.4946	99.460	106.9	100.8	82.0
6.4947	99.465	106.9	100.7	82.1
6.4947	99.470	106.9	100.8	82.4
6.4947	99.475	106.6	100.4	82.4
6.4948	99.480	106.3	100.2	82.1
6.4948	99.485	105.6	99.6	82.0
6.4949	99.490	104.2	98.5	81.3
6.4950	99.495	103.5	97.8	80.6
6.4950	99.500	103.7	97.9	80.7
6.4950	99.505	104.8	99.0	81.4
6.4951	99.510	105.3	99.3	81.9
6.4951	99.515	105.5	99.5	82.0
6.4952	99.520	106.1	100.0	82.3
6.4953	99.525	106.5	100.2	82.4
6.4953	99.530	106.5	100.2	82.2
6.4954	99.535	106.9	100.5	82.1
6.4954	99.540	107.3	100.9	82.4
6.4954	99.545	106.9	100.5	82.2
6.4955	99.550	106.4	99.9	81.9
6.4955	99.555	105.5	99.1	81.2
6.4956	99.560	105.9	99.5	81.2
6.4956	99.565	106.0	99.7	81.6
6.4957	99.570	106.1	99.6	81.4
6.4958	99.575	106.2	99.7	81.3
6.4958	99.580	106.1	99.5	81.4
6.4958	99.585	106.3	99.7	81.3
6.4959	99.590	106.5	99.8	81.3
6.4959	99.595	106.8	100.1	81.6
6.4960	99.600	106.6	100.1	81.8
6.4961	99.605	106.6	100.3	81.9
6.4961	99.610	106.9	100.6	82.3
6.4962	99.615	107.1	101.1	82.8
6.4962	99.620	106.9	100.6	82.6
6.4962	99.625	106.6	100.6	82.5
6.4963	99.630	107.0	100.9	82.5
6.4963	99.635	107.3	101.2	83.0
6.4964	99.640	107.4	101.2	83.0
6.4965	99.645	107.7	101.5	83.4
6.4965	99.650	107.4	101.3	83.3
6.4966	99.655	107.0	100.8	82.9
6.4966	99.660	106.8	100.7	82.9
6.4966	99.665	106.4	100.1	82.3
6.4967	99.670	106.7	100.4	82.0
6.4968	99.675	106.9	100.6	82.1
6.4968	99.680	107.2	100.8	82.2
6.4969	99.685	107.4	101.0	82.5
6.4969	99.690	107.8	101.4	83.1
6.4970	99.695	107.4	101.0	82.7
6.4970	99.700	106.9	100.5	82.3
6.4970	99.705	106.7	100.4	81.8
6.4971	99.710	106.4	100.1	81.8
6.4971	99.715	105.6	99.2	81.3
6.4972	99.720	104.4	98.1	80.5
6.4973	99.725	104.0	97.8	79.9
6.4973	99.730	104.4	98.2	79.8
6.4973	99.735	105.3	98.8	80.5
6.4974	99.740	106.5	100.2	81.2
6.4974	99.745	107.5	101.0	82.1
6.4975	99.750	107.2	100.7	82.3
6.4976	99.755	107.4	101.0	82.3
6.4976	99.760	107.6	101.2	82.4
6.4977	99.765	107.7	101.4	82.6
6.4977	99.770	107.9	101.6	82.9
6.4977	99.775	107.8	101.7	83.2
6.4978	99.780	107.3	100.9	82.9
6.4978	99.785	106.9	100.7	82.3
6.4979	99.790	106.8	100.5	82.0
6.4980	99.795	106.5	100.2	82.2
6.4980	99.800	105.6	99.5	81.8
6.4981	99.805	105.4	99.1	81.4
6.4981	99.810	105.5	99.5	81.6
6.4981	99.815	105.9	99.7	82.2
6.4982	99.820	105.8	99.8	82.2
6.4983	99.825	106.0	100.1	82.3
6.4983	99.830	106.4	100.2	82.4
6.4984	99.835	106.7	100.6	82.4
6.4984	99.840	106.7	100.5	82.4
6.4985	99.845	107.1	101.0	82.6
6.4985	99.850	106.9	100.6	82.7
6.4985	99.855	106.6	100.4	82.3
6.4986	99.860	106.0	100.0	82.1
6.4986	99.865	106.4	100.1	82.1
6.4987	99.870	107.0	100.8	82.6
6.4988	99.875	107.3	101.0	82.8
6.4988	99.880	108.0	101.8	83.2
6.4989	99.885	108.3	102.0	83.5
6.4989	99.890	107.8	101.5	83.2
6.4989	99.895	107.4	101.1	82.6
6.4990	99.900	107.1	100.9	82.5
6.4991	99.905	107.0	100.7	82.5
6.4991	99.910	106.7	100.5	82.0
6.4992	99.915	107.2	100.6	82.0
6.4992	99.920	107.4	101.0	82.5
6.4992	99.925	107.6	101.3	82.7
6.4993	99.930	107.6	101.2	82.9
6.4993	99.935	107.2	100.7	82.7
6.4994	99.940	106.7	100.2	82.1
6.4994	99.945	106.6	100.1	81.8
6.4995	99.950	106.7	100.1	81.8
6.4996	99.955	106.7	100.2	81.9
6.4996	99.960	106.6	100.2	81.7
6.4996	99.965	106.5	100.0	81.7
6.4997	99.970	106.7	100.3	81.9
6.4997	99.975	107.2	100.8	82.4
6.4998	99.980	107.5	101.2	82.9
6.4999	99.985	108.2	101.7	83.3
6.4999	99.990	108.2	101.9	83.5
6.5000	99.995	108.6	102.1	83.6
6.5000	100.000	108.7	102.2	83.7
6.5000	100.005	108.6	102.3	84.0
6.5001	100.010	108.1	101.5	83.5
6.5001	100.015	107.5	101.0	82.8
6.5002	100.020	107.2	100.9	82.9
6.5003	100.025	106.8	100.3	82.6
6.5003	100.030	106.6	100.2	82.2
6.5004	100.035	106.8	100.4	82.3
6.5004	100.040	106.8	100.6	82.5
6.5004	100.045	106.9	100.7	82.5
6.5005	100.050	107.1	100.8	82.7
6.5006	100.055	106.8	100.6	82.6
6.5006	100.060	106.9	100.7	82.6
6.5007	100.065	107.2	100.9	82.9
6.5007	100.070	107.0	100.8	83.1
6.5008	100.075	107.0	100.8	83.0
6.5008	100.080	107.0	100.8	82.9
6.5008	100.085	107.1	100.7	82.8
6.5009	100.090	107.1	100.8	82.7
6.5009	100.095	107.4	101.3	83.2
6.5010	100.100	106.8	100.5	82.8
6.5011	100.105	106.5	100.3	82.6
6.5011	100.110	106.8	100.5	82.7
6.5011	100.115	107.3	100.9	82.9
6.5012	100.120	107.6	101.2	83.0
6.5012	100.125	108.0	101.6	83.2
6.5013	100.130	108.5	102.0	83.6
6.5014	100.135	108.5	102.0	83.7
6.5014	100.140	108.0	101.6	83.4
6.5015	100.145	107.6	101.2	83.2
6.5015	100.150	107.5	101.1	83.0
6.5015	100.155	107.7	101.3	82.9
6.5016	100.160	107.9	101.3	83.2
6.5016	100.165	107.5	101.0	83.0
6.5017	100.170	107.4	101.0	82.8
6.5017	100.175	107.3	101.0	83.0
6.5018	100.180	107.1	100.6	82.8
6.5019	100.185	106.9	100.6	82.6
6.5019	100.190	107.0	100.6	82.6
6.5019	100.195	107.1	100.6	82.5
6.5020	100.200	106.8	100.3	82.3
6.5020	100.205	106.1	99.7	81.7
6.5021	100.210	105.8	99.4	81.5
6.5022	100.215	105.8	99.5	81.4
6.5022	100.220	106.3	99.9	81.9
6.5023	100.225	106.7	100.3	82.2
6.5023	100.230	106.5	100.1	82.2
6.5023	100.235	106.6	100.2	82.1
6.5024	100.240	106.3	100.1	82.3
6.5024	100.245	105.9	99.5	82.0
6.5025	100.250	105.8	99.5	81.9
6.5026	100.255	105.8	99.7	82.1
6.5026	100.260	105.0	98.8	81.9
6.5027	100.265	105.0	99.0	81.5
6.5027	100.270	105.5	99.5	81.8
6.5027	100.275	105.8	99.9	82.1
6.5028	100.280	106.1	100.1	82.4
6.5029	100.285	105.8	99.9	82.7
6.5029	100.290	105.5	99.7	82.5
6.5030	100.295	105.4	99.6	82.5
6.5030	100.300	105.6	99.7	82.2
6.5030	100.305	106.4	100.3	82.7
6.5031	100.310	106.4	100.4	82.8
6.5031	100.315	106.7	100.5	82.7
6.5032	100.320	106.7	100.4	82.2
6.5032	100.325	106.4	99.9	81.8
6.5033	100.330	105.9	99.4	81.3
6.5034	100.335	105.7	99.3	81.0
6.5034	100.340	105.6	99.1	80.9
6.5034	100.345	105.0	98.5	80.3
6.5035	100.350	104.4	97.9	80.0
6.5035	100.355	104.2	97.8	79.8
6.5036	100.360	104.1	97.8	79.6
6.5037	100.365	104.3	97.8	79.6
6.5037	100.370	104.1	97.6	79.7
6.5038	100.375	103.4	96.9	79.3
6.5038	100.380	103.0	96.7	79.0
6.5038	100.385	103.5	97.3	79.4
6.5039	100.390	104.2	97.9	80.0
6.5039	100.395	105.2	98.8	80.6
6.5040	100.400	106.5	100.3	81.8
6.5041	100.405	106.7	100.3	82.4
6.5041	100.410	106.3	99.9	81.9
6.5042	100.415	106.7	100.2	82.1
6.5042	100.420	107.1	100.6	82.5
6.5042	100.425	107.5	101.2	83.1
6.5043	100.430	107.6	101.1	82.9
6.5044	100.435	107.3	100.6	82.9
6.5044	100.440	106.6	100.1	82.3
6.5045	100.445	105.7	99.1	81.4
6.5045	100.450	104.9	98.3	81.0
6.5046	100.455	104.1	97.6	80.4
6.5046	100.460	104.0	97.6	79.8
6.5046	100.465	103.6	97.1	79.8
6.5047	100.470	103.4	97.0	79.7
6.5047	100.475	103.2	96.9	79.5
6.5048	100.480	103.1	96.8	79.4
6.5049	100.485	103.7	97.3	79.5
6.5049	100.490	104.4	97.9	79.9
6.5050	100.495	104.9	98.4	80.1
6.5050	100.500	104.7	98.3	80.2
6.5050	100.505	104.6	98.1	80.1
6.5051	100.510	104.4	97.9	79.9
6.5052	100.515	104.0	97.2	79.1
6.5052	100.520	103.6	96.8	78.5
6.5053	100.525	103.8	97.0	78.6
6.5053	100.530	104.0	97.3	79.2
6.5053	100.535	103.9	97.3	79.3
6.5054	100.540	104.0	97.3	79.4
6.5054	100.545	103.6	97.0	79.1
6.5055	100.550	103.7	97.0	79.1
6.5056	100.555	104.1	97.5	79.3
6.5056	100.560	103.8	97.1	79.1
6.5057	100.565	103.8	97.1	78.6
6.5057	100.570	103.9	97.4	78.8
6.5057	100.575	103.9	97.3	78.8
6.5058	100.580	103.3	96.7	78.5
6.5058	100.585	102.7	96.1	77.8
6.5059	100.590	103.3	96.8	77.9
6.5060	100.595	103.8	97.0	78.5
6.5060	100.600	103.8	97.3	78.9
6.5061	100.605	103.3	96.7	78.6
6.5061	100.610	102.8	96.2	78.2
6.5061	100.615	102.3	95.7	77.9
6.5062	100.620	102.3	95.7	78.0
6.5062	100.625	102.3	95.9	78.1
6.5063	100.630	102.4	96.0	78.2
6.5064	100.635	102.6	96.2	78.0
6.5064	100.640	103.5	96.8	78.5
6.5065	100.645	103.7	97.0	78.4
6.5065	100.650	103.8	96.8	78.2
6.5065	100.655	103.2	96.4	78.0
6.5066	100.660	102.3	95.6	77.4
6.5067	100.665	101.7	94.9	76.9
6.5067	100.670	101.9	95.2	77.2
6.5068	100.675	102.0	95.3	77.4
6.5068	100.680	102.0	95.3	77.4
6.5069	100.685	101.5	94.8	77.2
6.5069	100.690	100.9	94.3	76.8
6.5069	100.695	100.8	94.3	76.6
6.5070	100.700	101.3	94.7	76.8
6.5070	100.705	101.2	94.6	76.6
6.5071	100.710	101.3	94.6	77.0
6.5072	100.715	101.2	94.5	76.8
6.5072	100.720	101.8	95.0	77.0
6.5072	100.725	102.2	95.5	77.4
6.5073	100.730	102.5	95.9	78.1
6.5073	100.735	102.3	95.6	78.2
6.5074	100.740	102.2	95.6	78.1
6.5075	100.745	102.4	95.9	78.5
6.5075	100.750	101.7	95.2	78.1
6.5076	100.755	101.1	94.8	77.8
6.5076	100.760	101.0	94.6	77.5
6.5076	100.765	101.8	95.4	77.9
6.5077	100.770	102.8	96.2	78.1
6.5077	100.775	103.4	96.7	78.7
6.5078	100.780	103.7	96.8	78.8
6.5078	100.785	103.8	97.0	78.7
6.5079	100.790	104.0	97.1	79.2
6.5080	100.795	103.5	96.4	78.9
6.5080	100.800	103.0	96.0	78.0
6.5080	100.805	102.8	95.8	77.8
6.5081	100.810	102.8	95.7	77.7
6.5081	100.815	102.1	95.2	77.6
6.5082	100.820	101.8	94.8	77.2
6.5083	100.825	101.6	94.7	77.2
6.5083	100.830	101.5	94.7	77.0
6.5084	100.835	102.0	95.2	77.3
6.5084	100.840	102.3	95.6	77.8
6.5084	100.845	102.3	95.3	77.9
6.5085	100.850	102.0	95.1	77.6
6.5085	100.855	101.9	95.4	77.5
6.5086	100.860	102.1	95.5	77.8
6.5087	100.865	101.5	94.8	77.5
6.5087	100.870	101.2	94.4	77.2
6.5088	100.875	101.7	94.9	77.4
6.5088	100.880	101.8	95.1	77.4
6.5088	100.885	102.4	95.5	77.3
6.5089	100.890	103.0	96.1	77.9
6.5090	100.895	102.9	95.9	78.0
6.5090	100.900	102.7	95.8	77.8
6.5091	100.905	102.5	95.7	77.8
6.5091	100.910	101.9	95.1	77.5
6.5091	100.915	101.3	94.7	76.8
6.5092	100.920	101.3	94.8	77.2
6.5092	100.925	100.9	94.4	77.1
6.5093	100.930	100.8	94.4	76.9
6.5093	100.935	101.1	94.7	77.0
6.5094	100.940	101.2	94.6	76.9
6.5095	100.945	101.1	94.5	76.7
6.5095	100.950	101.1	94.5	76.7
6.5095	100.955	101.3	94.6	76.6
6.5096	100.960	101.8	95.0	76.8
6.5096	100.965	102.0	95.2	77.1
6.5097	100.970	102.1	95.3	77.1
6.5098	100.975	102.0	95.2	77.1
6.5098	100.980	101.3	94.3	76.7
6.5099	100.985	100.8	93.9	76.0
6.5099	100.990	100.9	94.0	76.0
6.5099	100.995	100.5	93.7	75.8
6.5100	101.000	100.5	93.8	75.9
6.5100	101.005	101.1	94.2	76.1
6.5101	101.010	101.4	94.6	76.5
6.5102	101.015	102.0	95.0	76.9
6.5102	101.020	101.9	95.0	77.2
6.5103	101.025	101.7	95.0	77.0
6.5103	101.030	102.1	95.3	77.2
6.5103	101.035	102.0	95.2	77.2
6.5104	101.040	101.0	93.9	76.4
6.5105	101.045	100.2	93.3	75.7
6.5105	101.050	99.6	92.8	75.1
6.5106	101.055	99.4	92.7	75.1
6.5106	101.060	99.7	93.1	75.3
6.5107	101.065	99.6	93.1	75.2
6.5107	101.070	99.7	93.1	75.3
6.5107	101.075	100.4	93.7	75.5
6.5108	101.080	100.9	94.1	76.1
6.5108	101.085	100.6	93.8	75.8
6.5109	101.090	100.8	94.2	76.0
6.5110	101.095	101.5	94.5	76.3
6.5110	101.100	101.5	94.6	76.5
6.5111	101.105	100.9	94.0	76.1
6.5111	101.110	100.7	93.9	76.1
6.5111	101.115	100.8	94.3	76.4
6.5112	101.120	101.1	94.5	76.7
6.5113	101.125	100.9	94.4	76.7
6.5113	101.130	100.9	94.2	76.5
6.5114	101.135	100.9	94.1	76.2
6.5114	101.140	101.3	94.6	76.5
6.5114	101.145	101.5	94.9	77.0
6.5115	101.150	101.6	95.0	77.0
6.5115	101.155	101.8	95.0	76.8
6.5116	101.160	101.8	95.1	76.9
6.5117	101.165	102.1	95.5	77.0
6.5117	101.170	102.5	95.8	77.6
6.5118	101.175	102.2	95.7	77.5
6.5118	101.180	102.1	95.4	77.3
6.5118	101.185	102.2	95.3	77.3
6.5119	101.190	102.0	95.3	77.3
6.5119	101.195	102.0	95.3	77.2
6.5120	101.200	102.1	95.6	77.6
6.5121	101.205	102.2	95.7	77.7
6.5121	101.210	102.2	95.5	77.6
6.5122	101.215	102.4	95.8	77.5
6.5122	101.220	103.0	96.3	78.1
6.5122	101.225	102.8	96.2	78.0
6.5123	101.230	103.2	96.6	78.2
6.5123	101.235	103.2	96.6	78.3
6.5124	101.240	102.5	95.9	77.9
6.5125	101.245	101.6	95.2	77.3
6.5125	101.250	101.3	94.8	77.1
6.5126	101.255	100.9	94.6	77.1
6.5126	101.260	100.3	94.0	76.8
6.5126	101.265	99.9	93.6	76.4
6.5127	101.270	100.2	93.7	76.7
6.5128	101.275	100.6	94.2	76.8
6.5128	101.280	101.2	94.8	77.2
6.5129	101.285	101.9	95.5	77.5
6.5129	101.290	102.0	95.3	77.2
6.5130	101.295	102.1	95.4	77.2
6.5130	101.300	101.9	95.3	77.3
6.5130	101.305	101.2	94.5	76.7
6.5131	101.310	100.9	94.3	76.2
6.5131	101.315	101.2	94.6	76.5
6.5132	101.320	101.5	94.9	76.9
6.5133	101.325	101.8	95.1	77.2
6.5133	101.330	101.9	95.1	77.0
6.5133	101.335	101.5	94.7	76.8
6.5134	101.340	101.2	94.3	76.5
6.5134	101.345	100.5	93.5	75.8
6.5135	101.350	100.5	93.5	75.4
6.5136	101.355	100.7	93.9	76.0
6.5136	101.360	100.5	93.7	76.0
6.5137	101.365	100.6	93.8	75.9
6.5137	101.370	100.8	94.1	76.0
6.5137	101.375	100.8	93.9	75.8
6.5138	101.380	100.9	94.2	76.2
6.5138	101.385	101.4	94.7	76.5
6.5139	101.390	102.5	95.9	77.3
6.5139	101.395	102.8	96.0	77.7
6.5140	101.400	102.8	96.0	77.9
6.5141	101.405	102.8	96.0	77.9
6.5141	101.410	102.7	96.1	77.9
6.5141	101.415	102.8	96.1	78.0
6.5142	101.420	102.8	96.0	77.9
6.5142	101.425	103.1	96.4	78.2
6.5143	101.430	102.8	96.0	78.2
6.5144	101.435	102.8	96.1	78.0
6.5144	101.440	103.2	96.6	78.4
6.5145	101.445	103.7	97.0	78.7
6.5145	101.450	103.8	97.1	79.1
6.5145	101.455	103.1	96.6	78.7
6.5146	101.460	102.6	96.0	78.1
6.5146	101.465	102.1	95.4	78.0
6.5147	101.470	101.7	95.1	77.4
6.5148	101.475	102.1	95.5	77.4
6.5148	101.480	102.3	95.7	77.8
6.5149	101.485	102.3	95.7	77.9
6.5149	101.490	101.8	95.2	77.6
6.5149	101.495	102.0	95.3	77.5
6.5150	101.500	102.2	95.6	77.8
6.5151	101.505	102.2	95.6	77.8
6.5151	101.510	102.2	95.6	77.8
6.5152	101.515	102.2	95.7	77.9
6.5152	101.520	102.5	95.8	77.8
6.5152	101.525	102.6	95.8	77.8
6.5153	101.530	102.9	96.2	77.9
6.5153	101.535	103.0	96.4	78.3
6.5154	101.540	102.9	96.3	78.3
6.5154	101.545	102.7	96.0	78.0
6.5155	101.550	102.3	95.5	77.3
6.5156	101.555	102.3	95.4	77.3
6.5156	101.560	102.9	96.2	77.8
6.5156	101.565	102.8	96.0	78.2
6.5157	101.570	102.7	95.9	77.7
6.5157	101.575	102.6	95.7	77.8
6.5158	101.580	101.8	94.9	77.1
6.5159	101.585	101.6	94.7	76.7
6.5159	101.590	101.8	94.9	76.8
6.5160	101.595	101.5	94.6	76.6
6.5160	101.600	101.5	94.6	76.6
6.5160	101.605	101.8	95.0	76.9
6.5161	101.610	102.1	95.3	77.1
6.5161	101.615	102.4	95.5	77.1
6.5162	101.620	102.3	95.5	77.3
6.5163	101.625	102.1	95.2	77.3
6.5163	101.630	101.4	94.6	76.7
6.5164	101.635	100.9	94.1	76.1
6.5164	101.640	101.2	94.5	76.3
6.5164	101.645	101.9	95.2	77.0
6.5165	101.650	102.2	95.5	77.7
6.5166	101.655	102.1	95.4	77.6
6.5166	101.660	101.7	95.1	77.4
6.5167	101.665	101.5	94.9	77.3
6.5167	101.670	101.9	95.3	77.5
6.5168	101.675	102.0	95.3	77.8
6.5168	101.680	101.7	95.2	77.8
6.5168	101.685	100.9	94.3	77.2
6.5169	101.690	100.9	94.4	76.8
6.5169	101.695	102.1	95.4	77.3
6.5170	101.700	102.8	96.1	78.2
6.5171	101.705	102.5	95.9	78.0
6.5171	101.710	102.1	95.5	78.0
6.5171	101.715	101.5	95.1	77.8
6.5172	101.720	102.0	95.6	78.1
6.5172	101.725	102.5	96.0	78.3
6.5173	101.730	101.7	95.2	77.9
6.5174	101.735	101.2	94.8	77.4
6.5174	101.740	101.1	94.5	77.0
6.5175	101.745	100.9	94.4	76.9
6.5175	101.750	100.8	94.4	76.9
6.5175	101.755	101.2	94.6	76.9
6.5176	101.760	101.2	94.5	76.9
6.5176	101.765	101.1	94.7	77.0
6.5177	101.770	100.8	94.3	76.9
6.5178	101.775	100.5	94.1	76.7
6.5178	101.780	100.1	94.0	76.6
6.5179	101.785	99.5	93.2	76.3
6.5179	101.790	99.4	93.2	76.2
6.5179	101.795	100.2	94.0	76.4
6.5180	101.800	101.2	94.8	77.1
6.5181	101.805	101.9	95.3	77.3
6.5181	101.810	102.1	95.5	77.5
6.5182	101.815	102.1	95.3	77.3
6.5182	101.820	102.4	95.7	77.5
6.5183	101.825	102.7	95.9	77.7
6.5183	101.830	102.9	96.1	78.0
6.5183	101.835	103.0	96.3	78.1
6.5184	101.840	103.1	96.5	78.5
6.5184	101.845	103.0	96.2	78.0
6.5185	101.850	103.0	96.1	77.8
6.5186	101.855	103.1	96.2	77.7
6.5186	101.860	103.3	96.3	78.0
6.5187	101.865	103.4	96.7	78.2
6.5187	101.870	103.9	97.1	78.6
6.5187	101.875	103.7	96.9	78.6
6.5188	101.880	103.5	96.5	78.4
6.5189	101.885	103.4	96.7	78.4
6.5189	101.890	103.3	96.7	78.6
6.5190	101.895	103.5	96.8	78.7
6.5190	101.900	103.5	96.9	78.6
6.5191	101.905	103.7	97.0	78.7
6.5191	101.910	104.1	97.3	78.7
6.5191	101.915	103.8	96.9	78.6
6.5192	101.920	103.5	96.5	78.2
6.5192	101.925	103.5	96.5	78.1
6.5193	101.930	103.7	96.8	78.6
6.5194	101.935	103.6	96.7	78.3
6.5194	101.940	103.9	97.0	78.4
6.5194	101.945	104.2	97.2	78.7
6.5195	101.950	104.1	97.1	78.7
6.5195	101.955	103.8	96.7	78.4
6.5196	101.960	103.5	96.3	77.9
6.5197	101.965	103.5	96.5	78.0
6.5197	101.970	104.5	97.5	78.8
6.5198	101.975	105.0	98.0	79.4
6.5198	101.980	105.4	98.3	79.9
6.5198	101.985	105.5	98.6	80.1
6.5199	101.990	105.7	98.7	80.3
6.5199	101.995	105.6	98.5	80.3
6.5200	102.000	105.9	99.0	80.5
6.5200	102.005	106.1	99.2	80.8
6.5201	102.010	106.3	99.3	81.3
6.5202	102.015	104.6	97.5	79.8
6.5202	102.020	103.4	96.5	79.0
6.5202	102.025	101.8	94.8	77.7
6.5203	102.030	99.8	93.0	75.9
6.5203	102.035	98.3	91.6	74.5
6.5204	102.040	98.1	91.4	74.1
6.5205	102.045	98.6	91.9	74.6
6.5205	102.050	98.2	91.5	74.3
6.5206	102.055	97.9	91.0	73.5
6.5206	102.060	97.6	90.8	73.4
6.5206	102.065	98.0	91.6	74.1
6.5207	102.070	99.9	93.4	75.6
6.5207	102.075	101.7	95.2	77.5
6.5208	102.080	103.5	96.9	79.0
6.5209	102.085	104.2	97.3	79.9
6.5209	102.090	104.2	97.6	80.0
6.5210	102.095	103.7	97.0	79.8
6.5210	102.100	103.3	96.5	79.3
6.5210	102.105	103.1	96.4	79.1
6.5211	102.110	102.7	95.9	78.8
6.5212	102.115	102.5	95.9	78.6
6.5212	102.120	102.9	96.3	79.1
6.5213	102.125	102.8	96.2	79.3
6.5213	102.130	102.5	95.9	79.3
6.5213	102.135	101.8	94.9	78.5
6.5214	102.140	101.3	94.7	77.9
6.5214	102.145	101.3	94.6	77.9
6.5215	102.150	100.9	94.2	77.2
6.5215	102.155	100.6	94.1	77.0
6.5216	102.160	99.2	92.3	76.0
6.5217	102.165	97.9	91.5	74.9
6.5217	102.170	98.6	92.4	75.5
6.5217	102.175	100.7	94.5	77.0
6.5218	102.180	102.1	96.1	78.9
6.5218	102.185	102.5	96.2	79.5
6.5219	102.190	102.7	96.5	79.7
6.5220	102.195	102.7	96.3	79.4
6.5220	102.200	103.0	96.8	79.7
6.5221	102.205	103.4	97.2	80.0
6.5221	102.210	103.5	97.3	80.2
6.5221	102.215	102.8	96.8	80.0
6.5222	102.220	102.6	96.4	79.6
6.5222	102.225	102.6	96.3	79.6
6.5223	102.230	102.1	96.0	79.1
6.5224	102.235	102.2	96.1	78.9
6.5224	102.240	102.5	96.6	79.4
6.5225	102.245	102.3	96.2	79.3
6.5225	102.250	101.3	95.3	78.9
6.5225	102.255	100.4	94.5	78.2
6.5226	102.260	100.0	94.2	78.1
6.5227	102.265	99.3	93.6	77.8
6.5227	102.270	99.2	93.6	77.6
6.5228	102.275	99.3	93.6	77.4
6.5228	102.280	99.9	94.1	77.5
6.5229	102.285	100.3	94.4	77.9
6.5229	102.290	100.5	94.6	77.9
6.5229	102.295	100.7	94.6	77.9
6.5230	102.300	100.2	94.3	77.7
6.5230	102.305	99.8	93.8	77.3
6.5231	102.310	100.4	94.5	77.8
6.5232	102.315	101.4	95.4	78.2
6.5232	102.320	102.1	95.9	78.7
6.5232	102.325	102.8	96.6	79.1
6.5233	102.330	103.1	96.8	79.6
6.5233	102.335	102.3	96.0	79.1
6.5234	102.340	101.9	95.7	78.3
6.5235	102.345	102.5	96.3	78.6
6.5235	102.350	103.0	96.9	79.5
6.5236	102.355	103.0	96.7	79.4
6.5236	102.360	103.3	97.2	79.5
6.5236	102.365	103.9	97.7	80.0
6.5237	102.370	103.7	97.6	80.1
6.5237	102.375	103.1	97.0	79.8
6.5238	102.380	103.2	97.3	79.7
6.5239	102.385	103.8	97.4	80.2
6.5239	102.390	103.6	97.4	79.8
6.5240	102.395	103.9	97.7	80.0
6.5240	102.400	103.9	97.6	80.0
6.5240	102.405	103.9	97.6	80.2
6.5241	102.410	103.4	97.0	79.8
6.5242	102.415	103.3	96.9	79.4
6.5242	102.420	103.2	96.8	79.2
6.5243	102.425	103.2	96.9	79.3
6.5243	102.430	103.4	97.2	79.3
6.5244	102.435	104.0	97.9	79.9
6.5244	102.440	104.0	97.8	80.0
6.5244	102.445	103.7	97.5	79.7
6.5245	102.450	104.1	97.8	79.6
6.5245	102.455	104.3	98.3	80.0
6.5246	102.460	104.3	98.3	80.2
6.5247	102.465	104.0	97.7	80.2
6.5247	102.470	103.0	96.7	79.2
6.5248	102.475	102.6	96.2	78.6
6.5248	102.480	102.7	96.4	78.5
6.5248	102.485	103.1	96.8	79.1
6.5249	102.490	103.5	97.5	79.8
6.5250	102.495	103.4	97.1	79.8
6.5250	102.500	103.0	96.7	79.5
6.5251	102.505	103.5	97.7	79.8
6.5251	102.510	104.1	97.8	80.4
6.5252	102.515	103.6	97.4	80.2
6.5252	102.520	102.7	96.5	79.3
6.5252	102.525	102.2	96.2	78.9
6.5253	102.530	102.4	96.2	78.7
6.5253	102.535	101.9	95.8	78.3
6.5254	102.540	102.3	96.1	78.1
6.5255	102.545	102.3	96.0	78.4
6.5255	102.550	102.1	96.0	78.3
6.5255	102.555	102.4	96.4	78.5
6.5256	102.560	102.9	96.9	79.1
6.5256	102.565	102.5	96.5	79.1
6.5257	102.570	102.5	96.6	79.0
6.5258	102.575	102.7	96.7	79.0
6.5258	102.580	102.3	96.1	79.0
6.5259	102.585	101.3	95.3	78.1
6.5259	102.590	101.3	95.1	77.7
6.5259	102.595	101.3	95.1	77.4
6.5260	102.600	101.5	95.2	77.4
6.5260	102.605	101.7	95.6	77.8
6.5261	102.610	102.0	95.8	78.2
6.5261	102.615	102.1	95.9	78.5
6.5262	102.620	102.1	96.0	78.4
6.5263	102.625	102.2	96.2	78.5
6.5263	102.630	102.4	96.3	78.8
6.5263	102.635	102.8	96.5	79.2
6.5264	102.640	102.9	97.0	79.5
6.5264	102.645	102.7	96.8	79.6
6.5265	102.650	103.1	97.1	79.4
6.5266	102.655	103.3	97.2	79.8
6.5266	102.660	103.4	97.3	79.8
6.5267	102.665	103.5	97.5	79.9
6.5267	102.670	103.0	97.0	79.4
6.5267	102.675	102.4	96.3	78.9
6.5268	102.680	102.3	96.0	78.4
6.5268	102.685	102.8	96.8	79.2
6.5269	102.690	102.8	96.8	79.3
6.5270	102.695	102.3	96.1	78.7
6.5270	102.700	102.5	96.4	78.4
6.5271	102.705	103.7	97.6	79.4
6.5271	102.710	104.1	98.1	80.2
6.5271	102.715	104.3	98.4	80.8
6.5272	102.720	104.9	99.1	81.5
6.5273	102.725	105.3	99.1	81.8
6.5273	102.730	105.6	99.8	82.0
6.5274	102.735	105.7	99.8	82.4
6.5274	102.740	105.1	99.1	81.9
6.5274	102.745	105.3	99.2	81.8
6.5275	102.750	105.0	98.9	81.7
6.5275	102.755	104.1	98.2	80.9
6.5276	102.760	104.0	98.2	80.6
6.5276	102.765	103.8	97.9	80.4
6.5277	102.770	103.9	98.0	80.3
6.5278	102.775	104.0	98.1	80.7
6.5278	102.780	103.8	97.8	80.3
6.5278	102.785	103.5	97.3	79.9
6.5279	102.790	103.6	97.0	79.5
6.5279	102.795	104.3	98.0	80.3
6.5280	102.800	104.2	98.2	80.7
6.5281	102.805	103.7	97.8	80.3
6.5281	102.810	103.8	97.7	80.2
6.5282	102.815	104.0	98.1	80.3
6.5282	102.820	104.1	98.1	80.5
6.5282	102.825	103.9	97.9	80.5
6.5283	102.830	104.2	98.3	80.7
6.5283	102.835	104.2	98.3	81.0
6.5284	102.840	103.5	97.7	80.7
6.5285	102.845	102.9	97.0	80.5
6.5285	102.850	102.6	96.7	80.1
6.5286	102.855	102.7	96.9	79.6
6.5286	102.860	103.2	97.4	79.9
6.5286	102.865	104.0	98.2	80.4
6.5287	102.870	104.3	98.1	80.8
6.5288	102.875	104.4	98.3	80.9
6.5288	102.880	103.7	97.7	80.6
6.5289	102.885	103.5	97.4	79.9
6.5289	102.890	103.6	97.5	80.1
6.5290	102.895	104.4	98.4	80.5
6.5290	102.900	104.9	98.7	80.9
6.5290	102.905	105.2	99.0	80.8
6.5291	102.910	105.7	99.5	81.4
6.5291	102.915	105.7	99.7	81.6
6.5292	102.920	106.0	99.9	82.0
6.5293	102.925	105.8	99.8	82.1
6.5293	102.930	106.1	99.9	82.2
6.5293	102.935	106.8	100.8	82.7
6.5294	102.940	107.3	101.3	83.6
6.5294	102.945	106.6	100.5	83.3
6.5295	102.950	106.0	99.9	82.5
6.5296	102.955	105.8	99.9	82.3
6.5296	102.960	105.9	100.0	82.5
6.5297	102.965	106.5	100.4	82.8
6.5297	102.970	107.2	100.9	83.0
6.5297	102.975	108.0	101.8	83.7
6.5298	102.980	108.0	101.7	83.7
6.5298	102.985	108.1	101.8	83.4
6.5299	102.990	108.3	102.1	83.9
6.5300	102.995	108.4	102.2	84.4
6.5300	103.000	108.3	102.2	84.4
6.5301	103.005	108.2	102.0	84.1
6.5301	103.010	108.5	102.2	84.3
6.5301	103.015	108.6	102.4	84.4
6.5302	103.020	108.4	102.2	84.1
6.5303	103.025	108.3	102.2	84.3
6.5303	103.030	107.9	101.7	84.3
6.5304	103.035	107.4	101.2	83.5
6.5304	103.040	107.7	101.4	83.6
6.5305	103.045	108.0	101.9	84.2
6.5305	103.050	107.9	101.9	84.2
6.5305	103.055	108.2	102.0	84.4
6.5306	103.060	108.3	102.2	84.7
6.5306	103.065	107.9	102.1	84.5
6.5307	103.070	107.9	102.0	84.7
6.5308	103.075	107.6	101.7	84.4
6.5308	103.080	107.4	101.4	84.1
6.5309	103.085	107.3	101.2	83.9
6.5309	103.090	107.2	101.0	83.7
6.5309	103.095	107.1	100.8	83.4
6.5310	103.100	107.4	101.3	83.7
6.5311	103.105	107.3	101.0	83.9
6.5311	103.110	106.9	100.5	83.3
6.5312	103.115	106.6	100.2	83.0
6.5312	103.120	106.5	100.2	82.7
6.5312	103.125	106.9	100.5	83.1
6.5313	103.130	107.4	101.2	83.7
6.5313	103.135	107.6	101.6	84.3
6.5314	103.140	107.8	101.6	84.6
6.5314	103.145	107.3	101.3	84.5
6.5315	103.150	106.7	100.6	83.9
6.5316	103.155	106.3	100.5	83.7
6.5316	103.160	106.0	100.0	83.4
6.5316	103.165	105.4	99.5	82.7
6.5317	103.170	105.0	98.8	82.5
6.5317	103.175	104.5	98.4	82.0
6.5318	103.180	104.8	98.7	82.2
6.5319	103.185	105.5	99.3	82.4
6.5319	103.190	106.2	100.2	83.1
6.5320	103.195	107.0	100.9	83.8
6.5320	103.200	106.8	100.5	83.6
6.5320	103.205	106.2	100.0	82.8
6.5321	103.210	105.8	99.5	82.7
6.5321	103.215	105.5	99.3	82.6
6.5322	103.220	105.7	99.7	82.6
6.5322	103.225	105.7	99.8	82.7
6.5323	103.230	105.6	99.4	82.5
6.5324	103.235	105.2	98.9	82.2
6.5324	103.240	105.0	98.7	81.7
6.5324	103.245	105.2	98.9	81.8
6.5325	103.250	105.2	99.2	82.1
6.5325	103.255	105.1	98.7	81.9
6.5326	103.260	105.0	98.8	81.3
6.5327	103.265	105.8	99.7	81.9
6.5327	103.270	105.9	99.7	82.6
6.5328	103.275	105.7	99.5	82.7
6.5328	103.280	105.9	99.7	82.6
6.5328	103.285	106.1	99.8	82.8
6.5329	103.290	106.2	99.9	83.1
6.5329	103.295	106.4	100.3	83.3
6.5330	103.300	106.8	100.7	83.7
6.5331	103.305	107.2	100.9	83.9
6.5331	103.310	107.0	101.0	84.0
6.5332	103.315	106.6	100.6	84.0
6.5332	103.320	106.1	100.2	83.8
6.5332	103.325	105.1	99.4	83.2
6.5333	103.330	104.7	99.1	82.8
6.5334	103.335	104.5	98.9	82.5
6.5334	103.340	104.4	98.7	82.5
6.5335	103.345	104.5	98.8	82.5
6.5335	103.350	104.8	98.9	82.4
6.5335	103.355	104.8	99.0	82.4
6.5336	103.360	104.9	99.0	82.7
6.5336	103.365	104.6	98.6	82.6
6.5337	103.370	104.7	98.7	82.4
6.5337	103.375	104.6	98.8	82.4
6.5338	103.380	105.5	99.5	82.9
6.5339	103.385	106.2	100.3	83.4
6.5339	103.390	106.8	100.8	83.8
6.5339	103.395	106.9	100.8	83.8
6.5340	103.400	107.3	101.2	83.8
6.5340	103.405	106.9	100.6	83.3
6.5341	103.410	106.5	100.2	82.8
6.5342	103.415	106.6	100.3	82.7
6.5342	103.420	106.4	99.9	82.7
6.5343	103.425	105.8	99.6	82.0
6.5343	103.430	105.9	99.5	81.8
6.5343	103.435	106.3	100.0	82.0
6.5344	103.440	106.2	100.0	82.4
6.5344	103.445	105.9	99.5	82.0
6.5345	103.450	106.2	99.9	82.0
6.5346	103.455	106.5	100.3	82.5
6.5346	103.460	106.7	100.3	82.5
6.5347	103.465	106.5	100.1	82.3
6.5347	103.470	106.7	100.4	82.4
6.5347	103.475	107.0	100.5	82.5
6.5348	103.480	107.1	100.7	83.0
6.5349	103.485	106.9	100.7	82.6
6.5349	103.490	106.9	100.5	82.3
6.5350	103.495	107.1	100.6	82.6
6.5350	103.500	107.1	100.7	82.7
6.5351	103.505	107.2	100.9	82.7
6.5351	103.510	107.3	100.9	82.6
6.5351	103.515	107.7	101.3	83.1
6.5352	103.520	108.3	102.0	83.6
6.5352	103.525	108.9	102.6	84.4
6.5353	103.530	109.0	102.8	84.8
6.5354	103.535	108.9	102.6	84.7
6.5354	103.540	109.2	102.8	84.8
6.5354	103.545	109.5	103.1	85.1
6.5355	103.550	109.5	103.1	85.2
6.5355	103.555	109.4	103.1	85.2
6.5356	103.560	109.4	103.1	85.4
6.5357	103.565	109.0	102.7	85.1
6.5357	103.570	108.5	102.3	84.6
6.5358	103.575	108.2	101.8	84.1
6.5358	103.580	108.2	102.1	84.1
6.5358	103.585	108.1	102.0	84.5
6.5359	103.590	107.7	101.6	84.1
6.5359	103.595	107.6	101.3	83.7
6.5360	103.600	107.7	101.4	83.5
6.5361	103.605	107.7	101.4	83.9
6.5361	103.610	107.3	101.1	83.6
6.5362	103.615	107.0	100.9	83.3
6.5362	103.620	107.2	101.1	83.5
6.5362	103.625	106.9	100.9	83.8
6.5363	103.630	106.5	100.5	83.5
6.5364	103.635	106.4	100.4	83.0
6.5364	103.640	106.8	100.7	83.1
6.5365	103.645	106.9	100.7	83.2
6.5365	103.650	106.6	100.5	82.9
6.5366	103.655	106.4	100.3	82.8
6.5366	103.660	106.1	99.9	82.4
6.5366	103.665	106.3	100.2	82.3
6.5367	103.670	106.7	100.7	82.9
6.5367	103.675	106.4	100.3	82.7
6.5368	103.680	106.1	99.8	82.4
6.5369	103.685	106.2	100.0	82.3
6.5369	103.690	106.3	100.3	82.8
6.5370	103.695	106.3	100.2	82.7
6.5370	103.700	106.3	100.2	82.6
6.5370	103.705	106.1	100.0	82.5
6.5371	103.710	106.0	99.8	82.3
6.5372	103.715	105.8	99.8	82.2
6.5372	103.720	106.2	100.2	82.4
6.5373	103.725	106.9	100.8	82.8
6.5373	103.730	106.8	100.6	83.1
6.5373	103.735	106.6	100.5	82.9
6.5374	103.740	106.3	100.3	82.5
6.5374	103.745	106.5	100.2	82.7
6.5375	103.750	106.0	99.9	82.6
6.5375	103.755	105.8	99.7	82.3
6.5376	103.760	105.8	99.7	82.3
6.5377	103.765	105.8	99.7	82.3
6.5377	103.770	106.0	100.2	82.8
6.5377	103.775	105.9	99.8	83.1
6.5378	103.780	105.5	99.6	82.5
6.5378	103.785	105.5	99.6	82.3
6.5379	103.790	105.3	99.3	82.3
6.5380	103.795	104.6	98.7	81.7
6.5380	103.800	104.4	98.3	81.3
6.5381	103.805	104.3	98.2	81.1
6.5381	103.810	105.0	99.0	81.6
6.5381	103.815	105.2	99.2	82.1
6.5382	103.820	105.0	99.2	82.1
6.5382	103.825	104.9	99.0	82.0
6.5383	103.830	104.6	98.5	81.7
6.5383	103.835	104.1	98.1	81.2
6.5384	103.840	104.2	98.1	81.2
6.5385	103.845	104.2	98.0	80.9
6.5385	103.850	104.4	98.2	80.8
6.5385	103.855	104.4	98.2	80.9
6.5386	103.860	104.5	98.4	80.8
6.5386	103.865	105.0	98.7	81.4
6.5387	103.870	104.9	98.7	81.2
6.5388	103.875	105.4	98.9	81.2
6.5388	103.880	106.0	99.6	81.9
6.5389	103.885	106.8	100.3	82.6
6.5389	103.890	106.9	100.5	82.5
6.5389	103.895	107.1	100.7	82.8
6.5390	103.900	106.7	100.2	82.3
6.5390	103.905	106.6	100.1	82.2
6.5391	103.910	106.8	100.4	82.4
6.5392	103.915	106.6	100.1	82.3
6.5392	103.920	106.4	100.0	82.2
6.5393	103.925	106.2	99.6	81.8
6.5393	103.930	106.0	99.4	81.8
6.5393	103.935	105.8	99.3	81.7
6.5394	103.940	105.5	98.9	81.5
6.5395	103.945	104.9	98.5	81.0
6.5395	103.950	104.8	98.4	80.7
6.5396	103.955	104.8	98.3	80.5
6.5396	103.960	104.9	98.6	80.7
6.5396	103.965	105.3	98.9	81.0
6.5397	103.970	105.3	98.9	81.5
6.5397	103.975	104.9	98.5	81.3
6.5398	103.980	105.0	98.9	81.4
6.5398	103.985	104.8	98.7	81.5
6.5399	103.990	104.8	98.7	81.1
6.5400	103.995	105.3	99.0	81.4
6.5400	104.000	105.6	99.3	81.9
6.5400	104.005	105.7	99.3	82.0
6.5401	104.010	105.7	99.2	81.9
6.5401	104.015	105.6	99.2	81.8
6.5402	104.020	105.4	99.3	81.4
6.5403	104.025	105.5	99.1	81.2
6.5403	104.030	105.4	99.1	81.1
6.5404	104.035	105.5	99.2	81.2
6.5404	104.040	106.0	99.6	81.7
6.5404	104.045	106.0	99.8	82.0
6.5405	104.050	106.2	99.9	82.1
6.5405	104.055	106.5	100.2	82.4
6.5406	104.060	106.5	100.0	82.3
6.5407	104.065	106.7	100.3	82.4
6.5407	104.070	106.7	100.4	82.9
6.5408	104.075	106.5	100.1	82.7
6.5408	104.080	106.1	99.8	82.6
6.5408	104.085	106.0	99.7	82.1
6.5409	104.090	106.3	99.9	82.2
6.5410	104.095	106.2	99.8	82.2
6.5410	104.100	106.2	99.6	81.8
6.5411	104.105	106.2	99.8	81.6
6.5411	104.110	106.7	100.2	82.2
6.5412	104.115	107.0	100.5	82.5
6.5412	104.120	107.2	100.9	82.9
6.5412	104.125	107.1	100.7	82.7
6.5413	104.130	107.1	100.7	82.8
6.5413	104.135	106.9	100.5	82.6
6.5414	104.140	107.2	100.8	83.0
6.5415	104.145	107.1	100.7	82.8
6.5415	104.150	106.8	100.6	82.7
6.5415	104.155	106.8	100.5	82.7
6.5416	104.160	106.9	100.7	83.1
6.5416	104.165	106.9	100.5	83.0
6.5417	104.170	107.0	100.7	82.7
6.5418	104.175	107.0	100.7	82.9
6.5418	104.180	106.4	100.0	82.2
6.5419	104.185	105.7	99.2	81.4
6.5419	104.190	105.9	99.5	81.2
6.5419	104.195	106.2	99.8	81.7
6.5420	104.200	106.5	100.1	82.1
6.5420	104.205	106.2	100.0	82.0
6.5421	104.210	105.9	99.6	81.9
6.5422	104.215	105.6	99.4	81.3
6.5422	104.220	105.9	99.8	81.6
6.5423	104.225	105.5	99.4	81.7
6.5423	104.230	105.2	99.1	81.3
6.5423	104.235	105.3	99.0	81.6
6.5424	104.240	105.2	98.9	81.3
6.5425	104.245	105.6	99.3	81.5
6.5425	104.250	105.7	99.4	81.6
6.5426	104.255	105.9	99.8	81.8
6.5426	104.260	106.0	100.0	82.2
6.5427	104.265	105.7	99.5	81.8
6.5427	104.270	105.5	99.3	81.8
6.5427	104.275	105.6	99.3	81.6
6.5428	104.280	105.3	99.0	81.4
6.5428	104.285	105.1	98.6	80.8
6.5429	104.290	105.2	98.5	80.6
6.5430	104.295	105.5	99.1	80.8
6.5430	104.300	106.6	100.1	81.8
6.5431	104.305	107.0	100.4	82.7
6.5431	104.310	106.1	99.7	81.7
6.5431	104.315	105.6	98.8	81.2
6.5432	104.320	105.4	98.7	80.7
6.5433	104.325	105.7	99.1	80.9
6.5433	104.330	105.7	98.9	81.2
6.5434	104.335	105.5	98.9	81.0
6.5434	104.340	106.0	99.4	81.0
6.5434	104.345	106.4	99.8	81.6
6.5435	104.350	106.6	100.1	81.7
6.5435	104.355	107.0	100.2	81.9
6.5436	104.360	107.2	100.5	82.2
6.5436	104.365	106.8	100.1	81.9
6.5437	104.370	106.2	99.4	81.2
6.5438	104.375	106.0	99.2	80.7
6.5438	104.380	106.3	99.4	80.8
6.5438	104.385	106.5	99.8	81.1
6.5439	104.390	107.1	100.3	81.5
6.5439	104.395	107.1	100.4	82.0
6.5440	104.400	106.8	100.1	81.9
6.5441	104.405	106.9	100.2	81.8
6.5441	104.410	107.1	100.4	82.2
6.5442	104.415	106.8	100.1	81.8
6.5442	104.420	106.6	100.0	81.8
6.5442	104.425	106.5	99.8	81.7
6.5443	104.430	107.0	100.3	82.0
6.5443	104.435	107.1	100.5	82.3
6.5444	104.440	106.8	100.3	82.1
6.5444	104.445	106.6	99.8	81.6
6.5445	104.450	106.4	99.5	81.4
6.5446	104.455	106.5	99.7	81.7
6.5446	104.460	106.3	99.6	81.4
6.5446	104.465	106.7	99.9	81.5
6.5447	104.470	106.8	100.0	81.9
6.5447	104.475	106.6	99.8	81.5
6.5448	104.480	106.6	99.8	81.4
6.5449	104.485	106.7	99.8	81.3
6.5449	104.490	106.2	99.3	81.1
6.5450	104.495	105.9	99.0	80.9
6.5450	104.500	105.8	98.8	80.8
6.5450	104.505	105.4	98.6	80.5
6.5451	104.510	105.6	98.8	80.7
6.5451	104.515	105.7	99.0	81.0
6.5452	104.520	105.4	98.7	80.9
6.5453	104.525	104.7	97.9	80.4
6.5453	104.530	104.2	97.3	79.7
6.5454	104.535	104.2	97.5	79.5
6.5454	104.540	104.3	97.8	79.7
6.5454	104.545	104.7	97.9	80.2
6.5455	104.550	105.3	98.5	80.4
6.5456	104.555	105.5	98.7	80.7
6.5456	104.560	105.4	98.5	80.8
6.5457	104.565	105.2	98.4	80.5
6.5457	104.570	105.3	98.6	80.5
6.5457	104.575	105.9	99.1	81.0
6.5458	104.580	106.0	99.2	81.2
6.5458	104.585	106.0	99.1	81.0
6.5459	104.590	105.9	98.9	80.8
6.5459	104.595	106.1	99.1	80.5
6.5460	104.600	106.2	99.4	81.0
6.5461	104.605	106.7	99.8	81.4
6.5461	104.610	106.7	99.7	81.4
6.5461	104.615	106.0	99.0	80.8
6.5462	104.620	105.6	98.5	80.0
6.5462	104.625	105.2	98.0	79.4
6.5463	104.630	105.6	98.5	79.6
6.5464	104.635	105.3	98.4	80.0
6.5464	104.640	105.2	98.3	80.0
6.5465	104.645	105.3	98.3	79.8
6.5465	104.650	105.6	98.8	80.0
6.5465	104.655	105.9	99.0	80.5
6.5466	104.660	106.4	99.5	80.6
6.5466	104.665	107.2	100.3	81.5
6.5467	104.670	107.3	100.3	81.7
6.5468	104.675	107.2	100.2	81.7
6.5468	104.680	106.9	100.0	81.5
6.5469	104.685	107.0	100.2	81.6
6.5469	104.690	108.1	101.5	82.7
6.5469	104.695	108.4	101.7	83.7
6.5470	104.700	108.8	102.1	83.9
6.5471	104.705	108.8	102.2	84.2
6.5471	104.710	108.6	101.8	83.9
6.5472	104.715	108.2	101.4	83.8
6.5472	104.720	108.0	101.4	83.5
6.5473	104.725	107.5	100.8	83.0
6.5473	104.730	106.9	100.3	82.4
6.5473	104.735	106.9	100.4	82.4
6.5474	104.740	107.2	100.8	83.2
6.5474	104.745	107.3	100.8	83.1
6.5475	104.750	106.9	100.4	83.0
6.5476	104.755	107.0	100.6	83.0
6.5476	104.760	107.4	100.9	83.1
6.5476	104.765	107.7	101.0	83.4
6.5477	104.770	107.9	101.5	83.4
6.5477	104.775	108.5	102.2	84.0
6.5478	104.780	109.2	102.8	85.0
6.5479	104.785	109.8	103.5	85.8
6.5479	104.790	109.9	103.6	86.2
6.5480	104.795	110.1	103.9	86.5
6.5480	104.800	110.3	103.7	86.7
6.5480	104.805	109.6	103.2	86.1
6.5481	104.810	109.0	102.5	85.4
6.5481	104.815	109.3	102.9	85.3
6.5482	104.820	109.9	103.6	86.2
6.5483	104.825	109.6	103.1	86.0
6.5483	104.830	109.2	102.5	85.4
6.5484	104.835	109.1	102.5	85.1
6.5484	104.840	109.2	102.7	85.4
6.5484	104.845	108.7	102.4	85.1
6.5485	104.850	108.4	101.8	84.7
6.5486	104.855	108.4	101.9	84.7
6.5486	104.860	108.3	102.1	84.7
6.5487	104.865	108.3	102.0	84.8
6.5487	104.870	108.2	102.1	84.6
6.5488	104.875	109.2	102.9	84.9
6.5488	104.880	110.0	103.6	85.9
6.5488	104.885	110.1	103.8	86.3
6.5489	104.890	110.0	103.7	86.3
6.5489	104.895	109.4	103.0	85.8
6.5490	104.900	109.4	103.3	85.4
6.5491	104.905	110.0	103.5	85.9
6.5491	104.910	109.6	103.2	85.7
6.5492	104.915	109.2	102.8	85.3
6.5492	104.920	109.2	103.0	85.4
6.5492	104.925	109.3	102.9	85.4
6.5493	104.930	109.4	103.1	85.8
6.5494	104.935	109.1	102.6	85.6
6.5494	104.940	108.9	102.6	85.4
6.5495	104.945	108.1	101.7	85.0
6.5495	104.950	107.3	101.1	84.2
6.5495	104.955	106.8	100.6	83.8
6.5496	104.960	106.5	100.3	83.2
6.5496	104.965	106.5	100.3	83.1
6.5497	104.970	106.8	100.7	83.3
6.5497	104.975	106.7	100.6	83.3
6.5498	104.980	106.7	100.6	83.2
6.5499	104.985	106.4	100.2	83.0
6.5499	104.990	106.1	100.0	82.9
6.5499	104.995	106.0	99.8	82.8
6.5500	105.000	106.4	100.2	82.6
6.5500	105.005	107.2	100.9	83.4
6.5501	105.010	107.7	101.4	84.0
6.5502	105.015	108.0	101.7	84.4
6.5502	105.020	107.9	101.5	84.5
6.5503	105.025	107.7	101.5	84.2
6.5503	105.030	107.8	101.6	84.3
6.5503	105.035	108.3	102.0	84.9
6.5504	105.040	108.9	102.7	85.3
6.5504	105.045	109.1	102.9	85.7
6.5505	105.050	109.0	102.6	85.6
6.5506	105.055	108.5	102.0	84.9
6.5506	105.060	108.3	101.9	84.9
6.5507	105.065	108.3	101.9	84.7
6.5507	105.070	109.0	102.7	85.3
6.5507	105.075	109.5	103.3	86.1
6.5508	105.080	109.4	103.1	85.9
6.5508	105.085	109.3	103.0	85.8
6.5509	105.090	109.2	102.9	85.7
6.5510	105.095	109.4	103.1	85.7
6.5510	105.100	109.3	102.9	85.8
6.5511	105.105	108.8	102.5	85.2
6.5511	105.110	108.7	102.4	85.1
6.5511	105.115	108.8	102.5	85.0
6.5512	105.120	109.4	103.1	85.5
6.5512	105.125	109.4	103.1	85.7
6.5513	105.130	109.7	103.3	85.8
6.5514	105.135	110.1	103.8	86.2
6.5514	105.140	109.7	103.3	86.1
6.5514	105.145	108.7	102.1	84.8
6.5515	105.150	108.3	101.6	84.3
6.5515	105.155	108.5	102.1	84.5
6.5516	105.160	108.6	102.1	84.7
6.5517	105.165	108.8	102.1	84.6
6.5517	105.170	109.1	102.5	85.0
6.5518	105.175	109.4	103.0	85.5
6.5518	105.180	110.2	103.7	86.2
6.5518	105.185	109.8	103.0	86.1
6.5519	105.190	109.0	102.4	85.2
6.5519	105.195	109.2	102.8	85.1
6.5520	105.200	109.5	102.8	85.7
6.5520	105.205	109.3	102.8	85.4
6.5521	105.210	109.2	102.7	85.6
6.5522	105.215	109.3	102.8	85.7
6.5522	105.220	109.2	103.0	86.0
6.5522	105.225	108.9	102.4	86.0
6.5523	105.230	108.1	101.8	85.2
6.5523	105.235	107.5	101.3	84.9
6.5524	105.240	107.4	101.2	84.7
6.5525	105.245	108.1	101.9	85.0
6.5525	105.250	109.1	102.6	85.3
6.5526	105.255	109.6	103.1	85.9
6.5526	105.260	109.5	102.9	85.7
6.5526	105.265	109.0	102.4	85.4
6.5527	105.270	108.3	101.9	85.0
6.5527	105.275	109.0	102.4	85.1
6.5528	105.280	109.1	102.6	85.7
6.5529	105.285	109.6	103.3	85.8
6.5529	105.290	110.0	103.6	86.1
6.5530	105.295	110.5	103.9	86.5
6.5530	105.300	110.6	104.2	86.6
6.5530	105.305	110.9	104.4	86.9
6.5531	105.310	110.8	104.5	86.8
6.5532	105.315	110.7	104.3	86.6
6.5532	105.320	110.2	103.6	86.2
6.5533	105.325	109.6	103.0	85.5
6.5533	105.330	109.0	102.5	84.9
6.5534	105.335	108.8	102.2	84.7
6.5534	105.340	109.1	102.5	84.9
6.5534	105.345	109.3	102.8	85.2
6.5535	105.350	109.6	102.8	85.3
6.5535	105.355	109.4	102.6	85.0
6.5536	105.360	109.7	103.0	85.3
6.5537	105.365	110.1	103.4	85.7
6.5537	105.370	110.4	103.7	85.9
6.5537	105.375	110.4	103.8	86.3
6.5538	105.380	110.6	103.9	86.1
6.5538	105.385	111.3	104.8	86.9
6.5539	105.390	111.4	104.7	87.5
6.5540	105.395	110.6	104.0	86.8
6.5540	105.400	110.7	104.0	86.3
6.5541	105.405	111.2	104.5	86.9
6.5541	105.410	110.5	103.8	86.5
6.5541	105.415	110.3	103.7	86.1
6.5542	105.420	110.0	103.5	86.2
6.5542	105.425	109.8	103.1	85.6
6.5543	105.430	110.1	103.5	85.6
6.5544	105.435	110.4	103.8	86.3
6.5544	105.440	109.7	103.3	86.3
6.5545	105.445	108.6	102.3	85.2
6.5545	105.450	108.1	102.0	84.9
6.5545	105.455	108.0	101.7	84.5
6.5546	105.460	108.5	102.4	84.7
6.5547	105.465	109.5	103.0	85.0
6.5547	105.470	110.0	103.6	85.8
6.5548	105.475	110.5	104.0	86.0
6.5548	105.480	110.9	104.3	86.5
6.5549	105.485	110.9	104.2	86.5
6.5549	105.490	110.8	104.1	86.3
6.5549	105.495	111.4	104.8	86.8
6.5550	105.500	111.7	105.0	87.1
6.5550	105.505	111.7	104.9	87.1
6.5551	105.510	111.7	105.0	86.9
6.5552	105.515	111.9	105.1	87.2
6.5552	105.520	112.3	105.6	87.5
6.5553	105.525	112.6	106.0	87.8
6.5553	105.530	112.2	105.7	87.5
6.5553	105.535	112.0	105.2	87.3
6.5554	105.540	112.3	105.6	87.4
6.5555	105.545	112.1	105.4	87.6
6.5555	105.550	111.6	104.9	87.1
6.5556	105.555	111.0	104.4	86.6
6.5556	105.560	110.2	103.8	86.2
6.5556	105.565	110.3	103.9	86.4
6.5557	105.570	110.6	104.4	86.8
6.5557	105.575	110.9	104.8	87.4
6.5558	105.580	110.8	104.9	87.7
6.5558	105.585	110.7	104.9	87.7
6.5559	105.590	110.5	104.8	87.8
6.5560	105.595	110.6	104.9	88.2
6.5560	105.600	110.7	105.1	88.2
6.5560	105.605	111.8	106.0	88.9
6.5561	105.610	113.2	107.7	90.0
6.5561	105.615	114.2	108.3	91.0
6.5562	105.620	114.2	108.2	90.7
6.5563	105.625	113.5	107.6	90.2
6.5563	105.630	112.9	106.9	89.6
6.5564	105.635	112.5	106.7	89.4
6.5564	105.640	111.8	106.1	89.2
6.5564	105.645	111.3	105.7	88.8
6.5565	105.650	110.8	105.3	88.4
6.5565	105.655	109.9	104.4	87.7
6.5566	105.660	109.9	104.8	87.8
6.5567	105.665	109.9	104.7	87.9
6.5567	105.670	109.8	104.3	87.4
6.5568	105.675	109.8	104.6	87.4
6.5568	105.680	110.3	105.0	87.8
6.5568	105.685	110.7	105.2	87.8
6.5569	105.690	110.9	105.0	87.9
6.5569	105.695	111.4	105.9	88.0
6.5570	105.700	112.6	106.8	89.3
6.5571	105.705	112.2	106.1	89.0
6.5571	105.710	111.5	105.4	88.0
6.5572	105.715	111.1	105.1	87.7
6.5572	105.720	111.0	105.1	87.4
6.5572	105.725	111.2	105.2	87.8
6.5573	105.730	110.8	104.8	87.7
6.5573	105.735	110.9	104.9	87.5
6.5574	105.740	110.6	104.5	87.1
6.5575	105.745	110.2	104.1	86.6
6.5575	105.750	110.4	104.1	86.5
6.5575	105.755	110.0	104.0	86.6
6.5576	105.760	109.8	104.0	86.9
6.5576	105.765	109.2	103.4	86.7
6.5577	105.770	109.0	103.4	86.6
6.5578	105.775	109.4	103.8	86.9
6.5578	105.780	110.0	104.6	87.7
6.5579	105.785	110.4	104.9	88.2
6.5579	105.790	111.1	105.4	88.4
6.5579	105.795	111.5	105.7	88.7
6.5580	105.800	111.7	105.9	88.6
6.5580	105.805	111.8	105.9	88.7
6.5581	105.810	112.5	106.5	88.9
6.5581	105.815	113.6	107.5	89.7
6.5582	105.820	113.4	107.2	89.9
6.5583	105.825	113.2	107.1	89.4
6.5583	105.830	113.4	107.5	89.9
6.5583	105.835	112.8	107.0	89.9
6.5584	105.840	111.5	105.9	89.4
6.5584	105.845	109.7	104.2	88.3
6.5585	105.850	108.5	103.2	87.4
6.5586	105.855	108.3	102.8	86.7
6.5586	105.860	108.9	103.4	86.9
6.5587	105.865	109.2	103.7	87.2
6.5587	105.870	109.9	104.3	87.1
6.5587	105.875	111.6	105.8	88.0
6.5588	105.880	113.0	106.9	89.0
6.5588	105.885	114.2	108.1	89.5
6.5589	105.890	114.5	108.3	90.0
6.5590	105.895	115.2	108.9	90.1
6.5590	105.900	115.2	108.7	90.3
6.5591	105.905	115.2	108.9	89.8
6.5591	105.910	115.6	109.0	90.3
6.5591	105.915	115.9	109.3	90.5
6.5592	105.920	116.6	110.0	91.0
6.5593	105.925	117.2	110.6	91.7
6.5593	105.930	117.0	110.5	92.1
6.5594	105.935	115.6	109.1	90.9
6.5594	105.940	114.8	108.3	89.6
6.5595	105.945	113.9	107.4	89.0
6.5595	105.950	113.4	107.1	88.5
6.5595	105.955	112.8	106.4	88.2
6.5596	105.960	111.9	105.6	87.4
6.5596	105.965	110.6	104.3	86.2
6.5597	105.970	110.2	103.7	85.5
6.5598	105.975	110.5	104.3	86.1
6.5598	105.980	111.0	104.7	86.6
6.5598	105.985	110.5	104.5	86.8
6.5599	105.990	110.9	105.1	87.4
6.5599	105.995	110.2	104.2	87.1
6.5600	106.000	110.7	105.0	86.8
6.5601	106.005	112.1	106.4	88.4
6.5601	106.010	112.8	107.0	89.6
6.5602	106.015	112.7	106.9	89.8
6.5602	106.020	112.8	106.9	89.4
6.5602	106.025	114.7	109.0	90.7
6.5603	106.030	117.0	111.3	93.1
6.5603	106.035	118.8	112.8	95.1
6.5604	106.040	120.5	114.7	96.7
6.5605	106.045	121.3	115.4	97.7
6.5605	106.050	121.3	115.2	97.7
6.5606	106.055	121.3	115.3	97.6
6.5606	106.060	121.6	115.5	97.9
6.5606	106.065	121.7	115.8	97.9
6.5607	106.070	121.8	115.9	98.0
6.5608	106.075	121.1	114.9	97.4
6.5608	106.080	121.0	115.0	96.8
6.5609	106.085	121.3	115.2	97.2
6.5609	106.090	121.4	115.3	97.1
6.5610	106.095	121.2	115.2	97.2
6.5610	106.100	120.9	114.8	96.8
6.5610	106.105	120.6	114.5	96.6
6.5611	106.110	120.9	115.0	96.6
6.5611	106.115	121.0	115.1	97.2
6.5612	106.120	120.2	114.1	96.6
6.5613	106.125	119.3	113.3	95.7
6.5613	106.130	118.2	112.3	94.8
6.5614	106.135	116.9	111.2	94.3
6.5614	106.140	115.0	109.6	93.1
6.5614	106.145	113.5	108.0	91.5
6.5615	106.150	113.2	107.8	90.8
6.5616	106.155	113.5	108.2	91.1
6.5616	106.160	114.1	108.6	91.2
6.5617	106.165	114.3	108.8	91.2
6.5617	106.170	113.5	108.0	91.0
6.5617	106.175	112.0	106.6	90.2
6.5618	106.180	110.4	105.0	88.4
6.5618	106.185	110.7	105.4	88.2
6.5619	106.190	111.9	106.4	88.5
6.5619	106.195	112.2	106.5	88.8
6.5620	106.200	112.8	106.8	88.6
6.5621	106.205	113.8	107.8	89.2
6.5621	106.210	114.5	108.4	90.1
6.5621	106.215	114.6	108.6	90.4
6.5622	106.220	114.9	108.8	90.6
6.5622	106.225	114.6	108.5	90.1
6.5623	106.230	115.3	109.2	90.5
6.5624	106.235	116.3	110.0	91.4
6.5624	106.240	116.4	110.4	91.8
6.5625	106.245	116.1	109.9	91.6
6.5625	106.250	115.6	109.3	90.9
6.5625	106.255	115.3	109.1	90.6
6.5626	106.260	115.1	109.0	90.6
6.5626	106.265	114.8	108.7	90.3
6.5627	106.270	114.6	108.7	90.3
6.5628	106.275	114.7	108.8	90.5
6.5628	106.280	114.2	108.3	90.4
6.5629	106.285	114.0	107.9	90.0
6.5629	106.290	114.2	108.2	90.5
6.5629	106.295	114.2	108.5	91.0
6.5630	106.300	114.5	108.8	91.1
6.5631	106.305	114.8	108.9	91.1
6.5631	106.310	115.6	109.5	91.0
6.5632	106.315	116.5	110.5	92.0
6.5632	106.320	116.6	110.6	92.1
6.5633	106.325	116.8	110.5	91.8
6.5633	106.330	117.8	111.6	92.4
6.5633	106.335	118.5	112.2	93.3
6.5634	106.340	118.9	112.7	93.7
6.5634	106.345	119.0	112.7	94.1
6.5635	106.350	119.0	112.6	93.7
6.5636	106.355	118.9	112.5	93.4
6.5636	106.360	119.2	112.9	93.6
6.5636	106.365	119.1	112.8	93.7
6.5637	106.370	118.5	112.4	93.4
6.5637	106.375	118.2	112.0	93.2
6.5638	106.380	117.9	111.7	92.7
6.5639	106.385	118.0	111.9	93.0
6.5639	106.390	118.3	111.8	93.1
6.5640	106.395	118.4	112.1	93.2
6.5640	106.400	117.8	111.4	92.8
6.5640	106.405	117.5	111.1	92.5
6.5641	106.410	117.6	111.3	92.3
6.5641	106.415	117.6	111.3	92.5
6.5642	106.420	117.9	111.5	92.6
6.5642	106.425	118.2	111.8	92.8
6.5643	106.430	118.3	111.9	93.0
6.5644	106.435	118.3	112.0	93.2
6.5644	106.440	118.0	111.8	93.0
6.5644	106.445	117.7	111.3	92.7
6.5645	106.450	117.4	111.3	92.4
6.5645	106.455	117.9	111.8	92.8
6.5646	106.460	118.1	112.0	93.1
6.5647	106.465	117.8	111.7	93.1
6.5647	106.470	117.9	111.9	93.1
6.5648	106.475	117.2	111.4	93.1
6.5648	106.480	116.6	110.9	93.0
6.5648	106.485	115.5	109.8	92.5
6.5649	106.490	114.9	109.1	91.4
6.5649	106.495	116.0	110.2	91.5
6.5650	106.500	116.9	110.8	92.1
6.5651	106.505	117.5	111.5	92.6
6.5651	106.510	117.9	111.8	92.8
6.5652	106.515	118.0	111.9	92.8
6.5652	106.520	118.3	112.2	93.3
6.5652	106.525	117.9	111.5	93.1
6.5653	106.530	117.6	111.4	92.7
6.5654	106.535	118.3	112.1	93.0
6.5654	106.540	118.4	112.2	93.1
6.5655	106.545	118.5	112.2	93.2
6.5655	106.550	118.3	112.0	93.1
6.5655	106.555	118.3	112.0	92.9
6.5656	106.560	118.6	112.3	93.3
6.5656	106.565	119.0	112.8	93.6
6.5657	106.570	119.7	113.6	94.3
6.5657	106.575	119.6	113.4	94.5
6.5658	106.580	119.5	113.2	94.3
6.5659	106.585	119.5	113.1	94.1
6.5659	106.590	119.7	113.4	94.3
6.5659	106.595	119.8	113.6	94.4
6.5660	106.600	119.5	113.2	94.4
6.5660	106.605	119.4	113.1	94.1
6.5661	106.610	119.5	113.2	94.1
6.5662	106.615	119.3	113.0	94.2
6.5662	106.620	118.9	112.6	93.7
6.5663	106.625	118.3	111.8	93.0
6.5663	106.630	117.7	111.3	92.5
6.5663	106.635	117.4	111.1	92.4
6.5664	106.640	117.2	110.9	92.5
6.5664	106.645	116.9	110.6	92.3
6.5665	106.650	116.4	110.2	91.8
6.5666	106.655	116.0	109.9	91.5
6.5666	106.660	115.6	109.2	90.9
6.5667	106.665	115.5	109.2	90.6
6.5667	106.670	115.7	109.3	90.8
6.5667	106.675	115.9	109.5	90.8
6.5668	106.680	115.8	109.4	90.7
6.5669	106.685	116.4	109.9	90.9
6.5669	106.690	117.3	110.8	91.6
6.5670	106.695	117.6	111.0	91.9
6.5670	106.700	117.5	111.0	91.7
6.5671	106.705	117.9	111.5	92.2
6.5671	106.710	118.5	112.0	92.9
6.5671	106.715	118.8	112.4	93.6
6.5672	106.720	118.5	112.1	93.5
6.5672	106.725	118.1	111.7	93.2
6.5673	106.730	118.1	111.7	93.1
6.5674	106.735	118.3	112.0	93.4
6.5674	106.740	118.3	112.0	93.4
6.5675	106.745	118.3	112.1	93.5
6.5675	106.750	118.1	111.9	93.3
6.5675	106.755	118.5	112.3	93.4
6.5676	106.760	118.5	112.2	93.9
6.5677	106.765	118.6	112.2	93.5
6.5677	106.770	119.2	112.8	93.7
6.5678	106.775	119.3	113.0	94.0
6.5678	106.780	119.3	113.1	94.1
6.5678	106.785	119.6	113.3	94.5
6.5679	106.790	119.1	112.6	94.2
6.5679	106.795	118.8	112.4	93.6
6.5680	106.800	118.8	112.2	93.4
6.5681	106.805	119.2	112.8	93.6
6.5681	106.810	119.5	113.0	94.1
6.5682	106.815	119.5	113.2	94.4
6.5682	106.820	119.7	113.2	94.1
6.5682	106.825	119.3	112.8	94.0
6.5683	106.830	119.3	113.0	94.0
6.5683	106.835	119.3	112.9	94.3
6.5684	106.840	118.9	112.5	93.8
6.5685	106.845	118.3	111.8	93.2
6.5685	106.850	117.8	111.2	92.2
6.5686	106.855	118.1	111.5	92.2
6.5686	106.860	118.2	111.6	92.4
6.5686	106.865	118.3	111.8	92.4
6.5687	106.870	118.4	111.9	92.5
6.5687	106.875	118.9	112.4	93.1
6.5688	106.880	119.1	112.8	93.5
6.5689	106.885	118.6	112.2	93.1
6.5689	106.890	118.4	111.8	92.5
6.5690	106.895	118.7	112.3	93.0
6.5690	106.900	119.1	112.5	93.0
6.5690	106.905	118.8	112.3	92.8
6.5691	106.910	118.8	112.1	92.8
6.5692	106.915	118.4	111.8	92.8
6.5692	106.920	118.3	111.7	92.5
6.5693	106.925	118.4	111.7	92.8
6.5693	106.930	118.5	111.9	92.8
6.5694	106.935	118.4	111.7	92.7
6.5694	106.940	118.4	112.0	92.8
6.5694	106.945	118.6	112.2	93.2
6.5695	106.950	118.6	112.2	93.2
6.5695	106.955	118.1	111.7	93.0
6.5696	106.960	117.9	111.3	92.3
6.5697	106.965	118.4	111.8	92.7
6.5697	106.970	118.6	112.3	93.2
6.5697	106.975	118.7	112.3	93.1
6.5698	106.980	119.0	112.4	93.1
6.5698	106.985	119.6	113.1	93.9
6.5699	106.990	119.7	113.2	94.0
6.5700	106.995	119.8	113.2	94.0
6.5700	107.000	119.7	113.3	93.9
6.5701	107.005	120.0	113.5	94.2
6.5701	107.010	119.8	113.3	94.0
6.5701	107.015	119.6	113.2	93.7
6.5702	107.020	119.3	112.9	93.8
6.5702	107.025	118.6	112.0	93.1
6.5703	107.030	117.8	111.3	92.2
6.5703	107.035	117.8	111.1	91.8
6.5704	107.040	117.9	111.1	92.0
6.5705	107.045	118.0	111.2	92.1
6.5705	107.050	117.9	111.2	91.9
6.5705	107.055	118.1	111.4	91.9
6.5706	107.060	118.3	111.7	92.7
6.5706	107.065	117.9	111.4	92.4
6.5707	107.070	117.0	110.3	91.8
6.5708	107.075	116.6	110.0	91.1
6.5708	107.080	116.6	110.2	91.6
6.5709	107.085	116.3	109.9	91.4
6.5709	107.090	116.2	109.7	91.3
6.5709	107.095	115.8	109.6	91.0
6.5710	107.100	115.4	109.1	90.8
6.5710	107.105	114.9	108.8	90.5
6.5711	107.110	114.7	108.6	90.4
6.5712	107.115	114.0	107.8	90.2
6.5712	107.120	113.6	107.5	89.7
6.5713	107.125	114.1	108.1	89.8
6.5713	107.130	114.4	108.3	90.2
6.5713	107.135	115.0	108.7	90.4
6.5714	107.140	115.2	108.7	90.3
6.5715	107.145	115.8	109.4	90.4
6.5715	107.150	116.8	110.3	91.0
6.5716	107.155	117.8	111.3	91.7
6.5716	107.160	117.8	111.0	92.0
6.5716	107.165	117.3	110.6	91.5
6.5717	107.170	116.7	110.0	90.9
6.5717	107.175	116.9	110.3	91.3
6.5718	107.180	117.2	110.6	91.6
6.5718	107.185	117.9	111.5	92.3
6.5719	107.190	118.6	112.2	92.9
6.5720	107.195	118.8	112.3	93.2
6.5720	107.200	118.7	112.2	93.1
6.5720	107.205	118.5	112.0	92.9
6.5721	107.210	118.7	112.0	92.8
6.5721	107.215	118.7	112.2	92.8
6.5722	107.220	119.0	112.4	93.0
6.5723	107.225	119.4	112.9	93.2
6.5723	107.230	119.7	113.1	93.6
6.5724	107.235	119.3	112.7	93.4
6.5724	107.240	118.7	112.0	93.0
6.5724	107.245	118.5	111.8	92.4
6.5725	107.250	118.2	111.5	92.3
6.5725	107.255	118.6	111.9	92.4
6.5726	107.260	119.0	112.4	92.6
6.5727	107.265	119.6	112.9	93.2
6.5727	107.270	120.2	113.6	94.0
6.5728	107.275	120.3	113.6	94.2
6.5728	107.280	119.9	113.3	94.1
6.5728	107.285	118.9	112.2	93.2
6.5729	107.290	118.2	111.6	92.6
6.5730	107.295	117.4	111.0	92.4
6.5730	107.300	116.6	110.2	91.9
6.5731	107.305	115.7	109.4	91.2
6.5731	107.310	115.0	108.8	90.5
6.5732	107.315	114.8	108.6	90.5
6.5732	107.320	114.8	108.7	90.7
6.5732	107.325	114.7	108.5	90.6
6.5733	107.330	114.5	108.4	90.5
6.5733	107.335	113.7	107.6	90.0
6.5734	107.340	113.7	107.7	89.8
6.5735	107.345	114.8	108.9	90.3
6.5735	107.350	116.7	110.5	91.8
6.5736	107.355	117.5	111.3	92.4
6.5736	107.360	117.7	111.3	92.8
6.5736	107.365	117.1	110.7	92.4
6.5737	107.370	116.9	110.6	92.1
6.5738	107.375	117.1	110.8	92.5
6.5738	107.380	116.7	110.5	92.3
6.5739	107.385	116.5	110.3	92.3
6.5739	107.390	116.7	110.4	92.2
6.5739	107.395	117.8	111.6	92.8
6.5740	107.400	119.4	113.1	93.9
6.5740	107.405	120.4	113.9	94.7
6.5741	107.410	120.5	114.1	94.9
6.5742	107.415	120.4	114.0	94.9
6.5742	107.420	120.2	113.7	94.7
6.5743	107.425	120.5	114.2	94.8
6.5743	107.430	121.0	114.7	95.2
6.5743	107.435	121.2	114.6	95.4
6.5744	107.440	120.8	114.2	95.4
6.5744	107.445	120.8	114.2	94.9
6.5745	107.450	121.0	114.4	94.9
6.5746	107.455	121.7	115.0	95.4
6.5746	107.460	122.5	115.9	96.4
6.5747	107.465	122.6	115.9	96.6
6.5747	107.470	122.2	115.6	96.3
6.5747	107.475	121.8	115.2	95.8
6.5748	107.480	121.2	114.4	95.3
6.5748	107.485	120.4	113.8	94.7
6.5749	107.490	120.4	113.9	94.4
6.5750	107.495	120.8	114.3	94.5
6.5750	107.500	121.0	114.4	95.3
6.5751	107.505	121.2	114.7	95.4
6.5751	107.510	121.4	114.9	95.6
6.5751	107.515	121.5	114.9	95.5
6.5752	107.520	121.3	114.6	95.2
6.5753	107.525	121.1	114.3	95.0
6.5753	107.530	121.0	114.5	95.2
6.5754	107.535	121.2	114.6	95.5
6.5754	107.540	121.3	114.7	95.4
6.5755	107.545	121.0	114.3	95.3
6.5755	107.550	120.7	114.2	95.2
6.5755	107.555	120.8	114.1	95.0
6.5756	107.560	120.2	113.6	94.5
6.5756	107.565	119.9	113.2	94.0
6.5757	107.570	120.1	113.5	94.1
6.5758	107.575	120.1	113.6	94.6
6.5758	107.580	119.9	113.4	94.3
6.5758	107.585	119.7	113.1	93.9
6.5759	107.590	119.9	113.5	94.2
6.5759	107.595	119.9	113.4	94.4
6.5760	107.600	119.3	112.6	94.1
6.5761	107.605	118.4	111.7	93.2
6.5761	107.610	118.0	111.4	92.7
6.5762	107.615	117.2	110.6	92.2
6.5762	107.620	116.8	110.3	91.4
6.5762	107.625	117.8	111.1	91.8
6.5763	107.630	118.6	111.9	92.4
6.5763	107.635	118.9	112.2	92.8
6.5764	107.640	119.2	112.5	93.2
6.5764	107.645	119.1	112.4	93.1
6.5765	107.650	118.7	111.9	92.8
6.5766	107.655	118.5	111.8	92.4
6.5766	107.660	118.8	112.0	92.8
6.5766	107.665	118.8	112.2	92.9
6.5767	107.670	119.3	112.7	93.5
6.5767	107.675	119.8	113.2	94.0
6.5768	107.680	119.7	113.0	94.1
6.5769	107.685	119.8	113.1	94.0
6.5769	107.690	119.7	113.1	93.9
6.5770	107.695	119.4	112.9	93.6
6.5770	107.700	119.6	113.0	93.9
6.5770	107.705	119.2	112.5	93.5
6.5771	107.710	118.9	112.2	93.0
6.5771	107.715	119.0	112.4	93.0
6.5772	107.720	119.3	112.7	93.3
6.5773	107.725	119.5	112.9	93.7
6.5773	107.730	119.3	112.7	93.6
6.5774	107.735	119.3	112.7	93.6
6.5774	107.740	119.4	112.8	93.7
6.5774	107.745	119.2	112.6	93.7
6.5775	107.750	119.5	113.0	93.7
6.5776	107.755	119.9	113.5	94.2
6.5776	107.760	120.2	114.0	95.1
6.5777	107.765	120.3	114.1	95.3
6.5777	107.770	120.2	113.8	95.0
6.5777	107.775	119.8	113.4	94.8
6.5778	107.780	119.2	112.9	94.3
6.5778	107.785	118.8	112.4	94.0
6.5779	107.790	118.2	111.8	93.3
6.5779	107.795	118.3	111.9	93.1
6.5780	107.800	119.0	112.7	93.8
6.5781	107.805	119.6	113.5	94.4
6.5781	107.810	119.8	113.5	94.8
6.5781	107.815	121.0	114.9	95.7
6.5782	107.820	122.5	116.7	98.2
6.5782	107.825	122.1	116.0	98.4
6.5783	107.830	121.3	115.3	97.6
6.5784	107.835	120.5	114.6	96.8
6.5784	107.840	119.7	113.7	95.9
6.5785	107.845	119.5	113.6	96.0
6.5785	107.850	119.4	113.4	95.2
6.5785	107.855	120.1	114.3	95.8
6.5786	107.860	120.5	114.2	95.8
6.5786	107.865	120.4	114.0	95.1
6.5787	107.870	120.7	114.6	95.5
6.5788	107.875	120.4	114.2	95.2
6.5788	107.880	119.9	113.5	94.6
6.5789	107.885	119.3	113.0	94.0
6.5789	107.890	118.5	112.1	93.2
6.5789	107.895	118.0	111.6	92.5
6.5790	107.900	118.0	111.7	92.4
6.5791	107.905	117.8	111.3	92.5
6.5791	107.910	117.9	111.5	92.5
6.5792	107.915	118.4	112.0	92.9
6.5792	107.920	118.4	112.0	93.2
6.5793	107.925	117.9	111.6	92.6
6.5793	107.930	118.0	111.8	92.5
6.5793	107.935	118.2	111.8	92.7
6.5794	107.940	118.1	111.6	92.6
6.5794	107.945	117.8	111.3	92.0
6.5795	107.950	118.0	111.3	92.1
6.5796	107.955	117.9	111.3	91.9
6.5796	107.960	117.5	110.8	91.7
6.5796	107.965	117.3	110.7	91.3
6.5797	107.970	117.4	111.0	91.7
6.5797	107.975	117.8	111.6	92.0
6.5798	107.980	117.5	111.4	92.2
6.5799	107.985	117.1	110.7	91.8
6.5799	107.990	116.8	110.5	91.5
6.5800	107.995	116.9	110.4	91.4
6.5800	108.000	117.1	110.8	91.4
6.5800	108.005	117.1	110.6	91.4
6.5801	108.010	116.8	110.3	91.0
6.5801	108.015	116.7	110.3	91.0
6.5802	108.020	116.8	110.4	91.2
6.5803	108.025	116.5	109.8	91.1
6.5803	108.030	116.1	109.6	90.4
6.5804	108.035	116.4	110.1	90.7
6.5804	108.040	116.7	110.3	91.0
6.5804	108.045	116.6	110.1	91.0
6.5805	108.050	116.3	109.7	90.8
6.5806	108.055	116.0	109.5	90.4
6.5806	108.060	116.0	109.5	90.4
6.5807	108.065	115.9	109.4	90.5
6.5807	108.070	115.9	109.5	90.4
6.5808	108.075	115.6	109.2	90.4
6.5808	108.080	115.0	108.6	89.9
6.5808	108.085	115.0	108.5	89.7
6.5809	108.090	115.6	109.2	90.1
6.5809	108.095	116.4	109.8	90.4
6.5810	108.100	116.7	109.9	90.8
6.5811	108.105	116.8	110.2	90.8
6.5811	108.110	116.7	110.0	90.7
6.5812	108.115	117.0	110.3	91.0
6.5812	108.120	116.9	110.2	91.0
6.5812	108.125	116.8	110.2	91.1
6.5813	108.130	116.6	109.9	90.7
6.5814	108.135	116.5	109.7	90.6
6.5814	108.140	115.9	109.1	90.2
6.5815	108.145	115.8	109.1	90.1
6.5815	108.150	115.9	109.2	89.9
6.5816	108.155	115.6	109.0	90.0
6.5816	108.160	115.9	109.2	90.2
6.5816	108.165	116.2	109.6	90.5
6.5817	108.170	115.9	109.2	90.5
6.5817	108.175	116.0	109.5	90.2
6.5818	108.180	116.2	109.7	90.7
6.5819	108.185	115.9	109.3	90.5
6.5819	108.190	115.9	109.3	90.5
6.5819	108.195	115.8	109.2	90.4
6.5820	108.200	115.8	109.3	90.4
6.5820	108.205	115.8	109.4	90.5
6.5821	108.210	115.4	108.9	90.4
6.5822	108.215	114.8	108.4	89.8
6.5822	108.220	114.5	107.9	89.2
6.5823	108.225	114.8	108.2	89.3
6.5823	108.230	115.0	108.5	89.9
6.5823	108.235	114.7	108.2	89.6
6.5824	108.240	114.6	108.1	89.6
6.5824	108.245	114.0	107.5	89.0
6.5825	108.250	113.6	107.0	88.5
6.5825	108.255	113.7	107.2	88.4
6.5826	108.260	114.4	108.1	89.0
6.5827	108.265	114.9	108.5	89.6
6.5827	108.270	115.0	108.5	89.7
6.5827	108.275	115.1	108.4	89.6
6.5828	108.280	114.8	108.2	89.4
6.5828	108.285	114.7	108.0	89.2
6.5829	108.290	114.7	108.3	89.3
6.5830	108.295	114.4	108.0	89.6
6.5830	108.300	113.9	107.5	88.8
6.5831	108.305	113.8	107.4	88.9
6.5831	108.310	114.0	107.6	88.9
6.5831	108.315	114.0	107.6	89.1
6.5832	108.320	113.7	107.3	88.8
6.5832	108.325	113.3	107.1	88.4
6.5833	108.330	112.9	106.6	88.0
6.5834	108.335	112.5	106.3	87.7
6.5834	108.340	112.1	105.8	87.3
6.5835	108.345	112.3	106.1	87.5
6.5835	108.350	111.9	105.6	87.4
6.5835	108.355	112.1	105.9	87.1
6.5836	108.360	112.1	105.7	87.1
6.5837	108.365	112.1	105.8	87.2
6.5837	108.370	112.0	105.9	87.3
6.5838	108.375	111.9	105.6	87.4
6.5838	108.380	111.8	105.8	87.5
6.5838	108.385	111.9	105.8	87.5
6.5839	108.390	111.7	105.8	87.4
6.5839	108.395	111.7	105.7	87.7
6.5840	108.400	111.9	105.9	87.9
6.5840	108.405	112.4	106.3	88.2
6.5841	108.410	112.5	106.3	88.2
6.5842	108.415	112.2	106.1	87.8
6.5842	108.420	112.4	106.3	87.9
6.5842	108.425	112.9	106.8	88.3
6.5843	108.430	112.8	106.7	88.8
6.5843	108.435	112.4	106.2	88.3
6.5844	108.440	112.3	106.3	87.9
6.5845	108.445	112.8	106.7	88.4
6.5845	108.450	112.9	106.7	88.6
6.5846	108.455	112.2	106.1	88.2
6.5846	108.460	111.8	105.7	87.8
6.5846	108.465	111.5	105.5	87.9
6.5847	108.470	111.1	105.2	87.6
6.5847	108.475	110.9	105.0	87.4
6.5848	108.480	111.5	105.5	87.5
6.5849	108.485	111.7	105.9	87.9
6.5849	108.490	111.8	105.9	88.0
6.5850	108.495	111.6	105.6	87.4
6.5850	108.500	112.2	106.1	87.6
6.5850	108.505	112.7	106.6	88.2
6.5851	108.510	112.6	106.6	88.3
6.5852	108.515	112.9	106.7	88.6
6.5852	108.520	112.6	106.5	88.5
6.5853	108.525	112.3	106.3	88.3
6.5853	108.530	112.1	106.0	88.0
6.5854	108.535	111.6	105.7	88.0
6.5854	108.540	111.7	105.8	87.8
6.5854	108.545	112.3	106.3	87.9
6.5855	108.550	112.8	106.7	88.3
6.5855	108.555	113.0	106.7	88.5
6.5856	108.560	113.0	106.9	88.6
6.5857	108.565	113.1	107.0	88.5
6.5857	108.570	113.2	107.0	88.6
6.5857	108.575	113.0	107.0	88.5
6.5858	108.580	112.8	106.6	88.1
6.5858	108.585	113.3	107.2	88.5
6.5859	108.590	113.2	107.1	88.8
6.5860	108.595	112.5	106.3	88.2
6.5860	108.600	111.6	105.5	87.5
6.5861	108.605	111.3	105.2	87.1
6.5861	108.610	111.4	105.4	87.1
6.5861	108.615	111.8	105.9	87.5
6.5862	108.620	112.0	106.0	87.8
6.5862	108.625	112.2	106.1	88.0
6.5863	108.630	112.1	105.9	87.7
6.5864	108.635	112.3	106.0	87.9
6.5864	108.640	112.4	106.0	87.8
6.5865	108.645	112.1	106.1	87.8
6.5865	108.650	112.1	106.1	87.9
6.5865	108.655	112.2	106.1	88.0
6.5866	108.660	112.3	106.4	88.0
6.5867	108.665	112.5	106.6	88.1
6.5867	108.670	112.8	106.9	88.4
6.5868	108.675	113.4	107.3	88.8
6.5868	108.680	113.5	107.4	88.9
6.5869	108.685	113.5	107.5	89.1
6.5869	108.690	113.5	107.3	88.8
6.5869	108.695	113.1	107.0	88.7
6.5870	108.700	112.9	106.6	88.3
6.5870	108.705	112.5	106.4	88.1
6.5871	108.710	112.2	106.2	87.7
6.5872	108.715	111.9	105.9	87.7
6.5872	108.720	111.5	105.5	87.4
6.5873	108.725	111.4	105.4	87.3
6.5873	108.730	111.5	105.7	87.7
6.5873	108.735	111.7	105.8	87.9
6.5874	108.740	111.8	105.7	88.0
6.5875	108.745	112.0	106.2	88.0
6.5875	108.750	112.3	106.5	88.5
6.5876	108.755	112.1	106.4	88.8
6.5876	108.760	111.9	106.1	88.3
6.5877	108.765	111.9	106.2	88.5
6.5877	108.770	111.4	105.8	88.3
6.5877	108.775	111.0	105.3	87.6
6.5878	108.780	111.0	105.4	87.4
6.5878	108.785	111.2	105.5	87.9
6.5879	108.790	111.1	105.4	88.0
6.5880	108.795	111.1	105.4	87.8
6.5880	108.800	111.1	105.4	87.9
6.5880	108.805	110.8	105.0	87.5
6.5881	108.810	111.1	105.4	87.7
6.5881	108.815	111.3	105.6	87.8
6.5882	108.820	111.6	105.7	88.0
6.5883	108.825	111.5	105.7	88.1
6.5883	108.830	111.4	105.4	87.6
6.5884	108.835	111.4	105.4	87.2
6.5884	108.840	111.7	105.7	87.5
6.5884	108.845	112.0	106.1	88.0
6.5885	108.850	112.6	106.6	88.5
6.5885	108.855	112.9	107.0	88.9
6.5886	108.860	113.1	107.0	89.1
6.5886	108.865	113.0	106.9	89.3
6.5887	108.870	112.7	106.7	88.9
6.5888	108.875	112.7	106.7	88.9
6.5888	108.880	112.6	106.5	89.1
6.5888	108.885	112.8	106.8	89.2
6.5889	108.890	112.5	106.3	89.0
6.5889	108.895	112.6	106.5	88.9
6.5890	108.900	112.5	106.4	88.7
6.5891	108.905	112.8	106.7	88.9
6.5891	108.910	112.9	106.8	89.0
6.5892	108.915	113.0	106.7	89.0
6.5892	108.920	112.8	106.8	88.9
6.5892	108.925	112.8	106.7	88.8
6.5893	108.930	112.5	106.3	88.5
6.5893	108.935	112.0	105.7	87.9
6.5894	108.940	111.3	105.1	87.2
6.5895	108.945	111.3	105.1	87.1
6.5895	108.950	111.4	105.2	87.2
6.5896	108.955	111.1	104.9	87.1
6.5896	108.960	111.0	104.9	86.9
6.5896	108.965	111.3	105.1	87.1
6.5897	108.970	111.4	105.2	87.4
6.5898	108.975	111.0	104.8	87.3
6.5898	108.980	110.4	104.2	86.8
6.5899	108.985	110.1	103.9	86.3
6.5899	108.990	110.3	104.3	86.2
6.5899	108.995	110.4	104.3	86.2
6.5900	109.000	110.3	104.0	86.2
6.5900	109.005	110.6	104.5	86.5
6.5901	109.010	110.5	104.1	86.5
6.5901	109.015	110.6	104.3	86.3
6.5902	109.020	111.2	104.9	86.9
6.5903	109.025	111.5	105.3	87.3
6.5903	109.030	111.7	105.5	87.5
6.5903	109.035	111.5	105.2	87.3
6.5904	109.040	111.1	105.1	87.0
6.5904	109.045	111.0	105.1	87.0
6.5905	109.050	111.3	105.2	87.3
6.5906	109.055	111.4	105.3	87.3
6.5906	109.060	111.3	105.2	87.2
6.5907	109.065	111.8	105.6	87.5
6.5907	109.070	111.9	105.8	88.1
6.5907	109.075	111.9	105.7	87.9
6.5908	109.080	112.1	106.0	88.4
6.5908	109.085	112.5	106.4	88.8
6.5909	109.090	112.6	106.4	89.1
6.5910	109.095	112.4	106.2	88.8
6.5910	109.100	112.0	105.9	88.3
6.5911	109.105	111.6	105.3	87.8
6.5911	109.110	111.5	105.2	87.5
6.5911	109.115	111.7	105.4	87.7
6.5912	109.120	111.9	105.6	87.7
6.5913	109.125	112.2	105.9	87.9
6.5913	109.130	112.1	105.7	88.0
6.5914	109.135	112.4	106.0	88.0
6.5914	109.140	112.5	106.1	88.4
6.5915	109.145	112.4	106.3	88.4
6.5915	109.150	112.5	106.2	88.3
6.5915	109.155	112.3	105.9	88.3
6.5916	109.160	111.6	105.5	87.9
6.5916	109.165	111.6	105.4	87.7
6.5917	109.170	112.0	105.8	87.9
6.5918	109.175	111.7	105.4	87.7
6.5918	109.180	111.7	105.6	87.7
6.5918	109.185	111.8	105.8	88.0
6.5919	109.190	112.0	105.8	88.1
6.5919	109.195	111.9	105.7	87.8
6.5920	109.200	112.1	105.9	88.1
6.5921	109.205	112.4	106.2	88.5
6.5921	109.210	112.7	106.6	88.8
6.5922	109.215	113.1	107.0	89.2
6.5922	109.220	112.7	106.4	88.9
6.5922	109.225	112.0	105.8	88.2
6.5923	109.230	111.7	105.6	87.7
6.5923	109.235	111.4	105.4	87.7
6.5924	109.240	111.2	105.1	87.4
6.5925	109.245	111.1	104.9	87.1
6.5925	109.250	110.8	104.7	86.9
6.5926	109.255	110.6	104.4	86.5
6.5926	109.260	110.6	104.5	86.3
6.5926	109.265	110.8	104.8	87.0
6.5927	109.270	110.5	104.5	86.8
6.5928	109.275	110.3	104.4	87.0
6.5928	109.280	109.7	103.8	86.8
6.5929	109.285	109.6	103.8	86.4
6.5929	109.290	110.1	104.2	87.1
6.5930	109.295	110.5	104.4	87.1
6.5930	109.300	111.0	104.9	87.5
6.5930	109.305	111.4	105.3	87.7
6.5931	109.310	111.5	105.2	87.6
6.5931	109.315	111.4	105.1	87.5
6.5932	109.320	111.4	105.0	87.2
6.5933	109.325	111.0	104.6	86.8
6.5933	109.330	111.4	105.1	87.1
6.5934	109.335	111.7	105.3	87.4
6.5934	109.340	111.7	105.5	87.7
6.5934	109.345	111.8	105.5	87.7
6.5935	109.350	112.0	105.9	88.1
6.5936	109.355	111.9	105.8	88.3
6.5936	109.360	111.6	105.4	88.4
6.5937	109.365	111.3	105.3	87.9
6.5937	109.370	111.5	105.6	88.3
6.5937	109.375	112.1	106.0	88.7
6.5938	109.380	113.7	107.9	90.0
6.5938	109.385	115.4	109.5	91.5
6.5939	109.390	116.7	110.8	93.4
6.5939	109.395	116.5	110.5	93.8
6.5940	109.400	116.2	110.2	93.3
6.5941	109.405	116.3	110.4	93.3
6.5941	109.410	115.6	109.7	93.1
6.5941	109.415	114.6	108.6	92.2
6.5942	109.420	113.4	107.7	91.3
6.5942	109.425	112.8	107.2	90.6
6.5943	109.430	112.4	106.6	90.0
6.5944	109.435	112.6	106.9	90.3
6.5944	109.440	112.7	107.1	90.6
6.5945	109.445	112.4	106.8	90.6
6.5945	109.450	112.4	107.0	90.7
6.5945	109.455	112.0	106.6	90.5
6.5946	109.460	110.9	105.3	89.7
6.5946	109.465	109.4	104.0	88.3
6.5947	109.470	108.1	102.7	87.4
6.5947	109.475	106.6	101.2	86.0
6.5948	109.480	106.0	100.7	85.4
6.5949	109.485	106.0	100.7	85.5
6.5949	109.490	105.8	100.4	85.2
6.5949	109.495	105.7	100.5	84.9
6.5950	109.500	106.9	101.7	85.6
6.5950	109.505	107.9	102.5	86.4
6.5951	109.510	108.5	103.0	86.6
6.5952	109.515	108.6	103.1	86.8
6.5952	109.520	108.5	102.8	86.5
6.5953	109.525	108.0	102.4	86.1
6.5953	109.530	108.3	102.7	86.1
6.5953	109.535	109.2	103.7	86.6
6.5954	109.540	109.9	104.0	87.0
6.5954	109.545	110.4	104.3	87.0
6.5955	109.550	110.6	104.4	87.2
6.5956	109.555	110.4	104.3	87.4
6.5956	109.560	110.2	104.1	87.2
6.5957	109.565	109.5	103.4	86.7
6.5957	109.570	108.9	102.9	86.2
6.5957	109.575	109.1	103.1	86.0
6.5958	109.580	110.1	104.1	86.5
6.5959	109.585	110.8	104.7	87.5
6.5959	109.590	110.7	104.6	87.4
6.5960	109.595	110.6	104.6	87.3
6.5960	109.600	110.7	104.7	87.2
6.5960	109.605	111.0	104.8	87.4
6.5961	109.610	111.8	105.3	87.8
6.5961	109.615	111.6	105.2	87.5
6.5962	109.620	111.3	104.9	87.2
6.5962	109.625	111.5	105.1	87.1
6.5963	109.630	111.5	105.1	87.4
6.5964	109.635	111.4	104.9	87.1
6.5964	109.640	110.9	104.5	86.8
6.5964	109.645	110.9	104.7	86.9
6.5965	109.650	110.5	104.2	86.7
6.5965	109.655	110.7	104.4	86.6
6.5966	109.660	110.3	104.1	86.8
6.5967	109.665	109.0	102.9	86.3
6.5967	109.670	108.7	102.8	85.8
6.5968	109.675	109.2	103.4	86.4
6.5968	109.680	108.9	103.1	86.6
6.5968	109.685	108.7	102.8	86.1
6.5969	109.690	109.7	103.9	86.6
6.5969	109.695	110.7	104.6	87.4
6.5970	109.700	110.4	104.3	87.2
6.5971	109.705	110.7	104.6	86.8
6.5971	109.710	111.8	105.4	87.3
6.5972	109.715	112.2	105.8	88.0
6.5972	109.720	112.2	105.8	88.0
6.5972	109.725	112.2	105.8	88.0
6.5973	109.730	111.7	105.3	87.7
6.5974	109.735	111.3	104.9	87.4
6.5974	109.740	111.5	105.2	87.6
6.5975	109.745	111.5	105.2	87.4
6.5975	109.750	111.3	105.0	87.4
6.5976	109.755	110.9	104.5	87.0
6.5976	109.760	110.7	104.3	86.6
6.5976	109.765	111.0	104.4	86.6
6.5977	109.770	110.9	104.5	86.8
6.5977	109.775	110.9	104.5	86.9
6.5978	109.780	111.0	104.6	87.0
6.5979	109.785	110.9	104.5	86.8
6.5979	109.790	110.8	104.6	86.9
6.5979	109.795	111.0	104.7	87.0
6.5980	109.800	111.0	104.9	87.3
6.5980	109.805	112.5	106.6	88.3
6.5981	109.810	115.4	109.6	91.5
6.5982	109.815	117.3	111.7	94.7
6.5982	109.820	116.8	111.2	94.9
6.5983	109.825	116.5	110.6	94.1
6.5983	109.830	117.1	111.3	94.3
6.5983	109.835	117.5	111.4	95.0
6.5984	109.840	117.1	111.0	94.3
6.5984	109.845	116.6	110.7	93.7
6.5985	109.850	116.0	109.8	92.7
6.5986	109.855	116.0	110.0	92.6
6.5986	109.860	116.2	110.0	92.8
6.5987	109.865	116.2	110.1	92.9
6.5987	109.870	116.2	109.9	92.8
6.5987	109.875	116.1	110.0	92.7
6.5988	109.880	116.1	110.1	93.0
6.5989	109.885	115.6	109.4	92.6
6.5989	109.890	115.5	109.4	92.0
6.5990	109.895	115.3	109.1	91.8
6.5990	109.900	114.8	108.6	91.5
6.5991	109.905	115.2	109.0	91.7
6.5991	109.910	115.7	109.5	91.9
6.5991	109.915	116.4	110.1	92.3
6.5992	109.920	117.5	111.1	93.3
6.5992	109.925	117.1	110.9	93.3
6.5993	109.930	116.2	110.0	92.8
6.5994	109.935	115.8	109.6	91.8
6.5994	109.940	116.0	109.8	92.2
6.5995	109.945	116.0	109.6	92.0
6.5995	109.950	115.9	109.7	92.2
6.5995	109.955	116.4	110.2	92.4
6.5996	109.960	116.6	110.5	92.9
6.5997	109.965	116.0	109.8	92.6
6.5997	109.970	115.7	109.7	92.1
6.5998	109.975	114.7	108.8	91.5
6.5998	109.980	114.3	108.3	90.6
6.5998	109.985	113.8	107.7	90.3
6.5999	109.990	113.4	107.5	90.0
6.5999	109.995	113.1	107.1	89.8
6.6000	110.000	112.9	106.7	89.5
6.6000	110.005	113.4	107.2	89.3
6.6001	110.010	113.7	107.5	89.8
6.6002	110.015	114.1	108.0	90.1
6.6002	110.020	114.4	108.1	89.9
6.6002	110.025	114.5	108.4	90.2
6.6003	110.030	114.7	108.5	90.2
6.6003	110.035	115.1	108.9	90.5
6.6004	110.040	115.4	108.9	90.6
6.6005	110.045	115.1	108.7	90.5
6.6005	110.050	114.8	108.6	90.5
6.6006	110.055	115.0	108.8	90.7
6.6006	110.060	114.9	108.8	90.6
6.6006	110.065	114.4	108.0	90.0
6.6007	110.070	114.6	108.4	90.0
6.6007	110.075	114.2	107.9	90.0
6.6008	110.080	113.7	107.3	89.3
6.6008	110.085	113.9	107.6	89.4
6.6009	110.090	114.6	108.3	90.1
6.6010	110.095	114.7	108.6	90.5
6.6010	110.100	114.7	108.5	90.4
6.6010	110.105	114.7	108.5	90.3
6.6011	110.110	114.8	108.8	90.4
6.6011	110.115	114.9	108.6	90.6
6.6012	110.120	114.9	108.4	90.5
6.6013	110.125	115.1	108.7	90.6
6.6013	110.130	115.0	108.6	90.6
6.6014	110.135	115.3	109.0	90.6
6.6014	110.140	115.5	109.1	90.9
6.6014	110.145	115.3	109.0	90.7
6.6015	110.150	115.7	109.3	90.9
6.6015	110.155	115.5	109.2	91.0
6.6016	110.160	115.4	108.9	90.9
6.6017	110.165	115.4	109.0	90.7
6.6017	110.170	115.3	108.8	90.8
6.6018	110.175	114.3	107.8	89.8
6.6018	110.180	114.3	107.7	89.4
6.6018	110.185	113.9	107.5	89.3
6.6019	110.190	113.6	107.1	89.2
6.6020	110.195	114.1	107.7	89.1
6.6020	110.200	114.3	107.9	89.6
6.6021	110.205	114.4	108.0	89.8
6.6021	110.210	114.0	107.8	89.3
6.6021	110.215	113.9	107.8	89.3
6.6022	110.220	113.8	107.6	89.4
6.6022	110.225	113.4	107.3	89.5
6.6023	110.230	112.8	106.8	88.8
6.6023	110.235	112.5	106.5	88.3
6.6024	110.240	112.6	106.4	88.4
6.6025	110.245	112.8	106.7	88.6
6.6025	110.250	113.2	106.8	88.7
6.6025	110.255	113.4	107.0	89.1
6.6026	110.260	113.2	106.9	88.7
6.6026	110.265	113.2	106.9	88.7
6.6027	110.270	113.0	106.7	88.7
6.6028	110.275	113.1	106.7	88.7
6.6028	110.280	113.1	106.9	88.8
6.6029	110.285	113.4	107.0	88.9
6.6029	110.290	113.5	107.2	89.2
6.6029	110.295	113.7	107.4	89.4
6.6030	110.300	114.2	108.0	89.9
6.6030	110.305	114.7	108.6	90.6
6.6031	110.310	114.4	108.1	90.4
6.6032	110.315	114.1	107.7	90.0
6.6032	110.320	113.8	107.6	89.5
6.6033	110.325	114.7	108.4	90.2
6.6033	110.330	114.9	108.5	90.9
6.6033	110.335	114.7	108.5	90.8
6.6034	110.340	115.6	109.4	91.5
6.6035	110.345	115.9	109.8	92.3
6.6035	110.350	115.6	109.5	92.2
6.6036	110.355	114.9	108.8	91.8
6.6036	110.360	114.3	108.3	91.1
6.6037	110.365	114.1	108.1	90.9
6.6037	110.370	113.8	107.9	90.6
6.6037	110.375	114.3	108.1	90.5
6.6038	110.380	114.7	108.5	90.8
6.6038	110.385	114.9	108.6	91.0
6.6039	110.390	115.0	108.8	91.2
6.6040	110.395	115.0	108.8	91.3
6.6040	110.400	115.0	108.7	91.1
6.6040	110.405	114.5	108.3	90.9
6.6041	110.410	114.5	108.2	90.4
6.6041	110.415	114.5	108.2	90.3
6.6042	110.420	114.8	108.5	90.7
6.6043	110.425	114.6	108.3	90.7
6.6043	110.430	114.5	108.2	90.6
6.6044	110.435	114.1	107.8	90.6
6.6044	110.440	113.7	107.4	89.9
6.6044	110.445	113.6	107.3	90.0
6.6045	110.450	113.7	107.7	89.9
6.6045	110.455	114.2	108.1	90.3
6.6046	110.460	114.7	108.6	91.0
6.6047	110.465	114.4	108.2	90.8
6.6047	110.470	114.4	108.1	90.8
6.6048	110.475	113.9	107.7	90.1
6.6048	110.480	114.0	107.7	90.0
6.6048	110.485	114.3	108.0	90.1
6.6049	110.490	114.1	107.8	90.1
6.6050	110.495	113.7	107.7	90.0
6.6050	110.500	113.6	107.6	89.7
6.6051	110.505	113.8	107.6	89.9
6.6051	110.510	114.2	108.0	89.9
6.6052	110.515	114.5	108.4	90.4
6.6052	110.520	114.0	107.8	90.2
6.6052	110.525	113.5	107.3	89.5
6.6053	110.530	113.0	106.8	89.3
6.6053	110.535	112.4	106.0	88.7
6.6054	110.540	112.8	106.6	88.8
6.6055	110.545	113.6	107.3	89.3
6.6055	110.550	114.2	107.9	89.6
6.6056	110.555	114.7	108.2	90.0
6.6056	110.560	114.9	108.4	90.2
6.6056	110.565	115.0	108.7	90.2
6.6057	110.570	114.8	108.5	90.1
6.6058	110.575	115.4	108.9	90.1
6.6058	110.580	115.6	109.2	90.7
6.6059	110.585	115.7	109.2	90.7
6.6059	110.590	116.0	109.5	91.1
6.6059	110.595	116.1	109.7	91.7
6.6060	110.600	116.4	110.1	91.8
6.6060	110.605	116.8	110.3	92.0
6.6061	110.610	117.0	110.5	92.3
6.6061	110.615	116.9	110.4	92.5
6.6062	110.620	116.5	110.0	91.7
6.6063	110.625	116.0	109.7	91.5
6.6063	110.630	115.3	108.7	90.9
6.6063	110.635	114.9	108.5	90.5
6.6064	110.640	114.1	107.7	90.0
6.6064	110.645	113.3	106.8	89.4
6.6065	110.650	113.5	107.1	89.3
6.6066	110.655	113.9	107.5	89.5
6.6066	110.660	114.3	107.9	89.7
6.6067	110.665	114.9	108.6	90.0
6.6067	110.670	115.3	108.7	90.4
6.6067	110.675	115.2	108.6	90.4
6.6068	110.680	115.0	108.5	90.4
6.6068	110.685	114.8	108.1	89.8
6.6069	110.690	114.9	108.4	90.0
6.6069	110.695	114.7	108.2	90.1
6.6070	110.700	114.5	108.0	89.8
6.6071	110.705	113.7	107.2	89.4
6.6071	110.710	113.4	107.2	89.4
6.6071	110.715	112.9	106.5	89.1
6.6072	110.720	111.8	105.6	88.5
6.6072	110.725	111.5	105.6	88.1
6.6073	110.730	111.4	105.5	88.4
6.6074	110.735	110.7	105.0	88.0
6.6074	110.740	110.4	104.7	87.7
6.6075	110.745	111.0	105.1	87.6
6.6075	110.750	111.3	105.1	87.5
6.6075	110.755	111.9	105.6	87.5
6.6076	110.760	112.1	105.8	87.9
6.6076	110.765	111.9	105.4	87.6
6.6077	110.770	112.2	105.8	87.7
6.6078	110.775	112.5	106.1	88.1
6.6078	110.780	112.3	105.9	88.2
6.6078	110.785	112.9	106.4	88.3
6.6079	110.790	113.5	106.9	88.7
6.6079	110.795	113.5	107.1	89.0
6.6080	110.800	113.1	106.7	88.6
6.6081	110.805	113.2	106.8	88.5
6.6081	110.810	113.2	106.9	88.7
6.6082	110.815	113.3	106.9	88.9
6.6082	110.820	113.5	107.1	89.0
6.6082	110.825	113.7	107.2	89.3
6.6083	110.830	113.3	106.9	89.0
6.6083	110.835	113.3	106.7	88.5
6.6084	110.840	113.5	107.0	88.7
6.6084	110.845	113.8	107.3	89.2
6.6085	110.850	113.9	107.3	89.4
6.6086	110.855	114.3	107.9	89.6
6.6086	110.860	114.9	108.5	90.4
6.6086	110.865	115.2	108.8	90.9
6.6087	110.870	115.2	108.6	91.0
6.6087	110.875	115.2	108.7	90.5
6.6088	110.880	115.1	108.5	90.3
6.6089	110.885	115.2	108.7	90.2
6.6089	110.890	115.6	109.1	90.9
6.6090	110.895	115.3	109.0	91.0
6.6090	110.900	115.4	109.1	91.1
6.6090	110.905	115.7	109.5	91.5
6.6091	110.910	115.3	108.8	90.9
6.6091	110.915	115.3	108.8	90.7
6.6092	110.920	115.4	109.0	90.3
6.6093	110.925	115.5	109.0	90.6
6.6093	110.930	115.5	109.1	90.7
6.6094	110.935	115.4	109.0	90.8
6.6094	110.940	115.6	109.2	90.7
6.6094	110.945	115.4	108.9	90.6
6.6095	110.950	115.2	109.0	90.5
6.6096	110.955	115.4	109.1	91.0
6.6096	110.960	115.0	108.7	90.6
6.6097	110.965	115.1	108.8	90.8
6.6097	110.970	114.7	108.3	90.1
6.6098	110.975	114.8	108.4	90.0
6.6098	110.980	114.8	108.2	90.1
6.6098	110.985	114.0	107.4	89.5
6.6099	110.990	113.7	107.5	89.2
6.6099	110.995	113.8	107.3	89.4
6.6100	111.000	113.6	107.3	89.1
6.6101	111.005	113.7	107.5	89.3
6.6101	111.010	114.4	108.2	89.9
6.6101	111.015	115.2	108.9	90.8
6.6102	111.020	115.3	109.0	90.8
6.6102	111.025	115.3	109.0	90.9
6.6103	111.030	115.4	109.3	91.2
6.6104	111.035	115.0	108.8	91.2
6.6104	111.040	114.4	108.3	90.8
6.6105	111.045	114.4	108.2	90.6
6.6105	111.050	114.3	108.2	90.7
6.6105	111.055	114.0	108.0	90.4
6.6106	111.060	113.3	107.2	89.8
6.6106	111.065	112.8	106.6	89.2
6.6107	111.070	113.0	107.0	89.1
6.6108	111.075	113.1	106.8	89.4
6.6108	111.080	112.7	106.6	89.0
6.6109	111.085	112.6	106.5	89.0
6.6109	111.090	111.5	105.4	88.3
6.6109	111.095	111.0	104.9	87.7
6.6110	111.100	111.4	105.3	87.8
6.6111	111.105	112.7	106.5	88.1
6.6111	111.110	113.5	107.2	89.2
6.6112	111.115	113.8	107.3	89.1
6.6112	111.120	114.0	107.4	89.3
6.6113	111.125	113.6	107.4	89.1
6.6113	111.130	114.3	107.9	89.5
6.6113	111.135	114.1	107.8	89.6
6.6114	111.140	114.4	108.1	89.8
6.6114	111.145	114.5	108.2	90.3
6.6115	111.150	114.0	107.7	89.8
6.6116	111.155	113.2	107.0	89.4
6.6116	111.160	112.8	106.8	89.1
6.6117	111.165	112.0	106.1	89.1
6.6117	111.170	111.4	105.5	88.2
6.6117	111.175	111.6	105.7	88.5
6.6118	111.180	112.5	106.6	88.8
6.6119	111.185	113.5	107.2	89.3
6.6119	111.190	113.5	107.1	89.3
6.6120	111.195	113.2	106.7	89.0
6.6120	111.200	113.0	106.6	89.0
6.6120	111.205	113.0	106.6	88.9
6.6121	111.210	112.9	106.2	88.7
6.6121	111.215	112.5	106.1	88.2
6.6122	111.220	113.2	106.7	88.5
6.6122	111.225	113.0	106.6	89.0
6.6123	111.230	112.5	106.1	88.5
6.6124	111.235	112.5	106.0	88.1
6.6124	111.240	112.7	106.2	88.2
6.6124	111.245	112.8	106.3	88.2
6.6125	111.250	112.8	106.2	88.0
6.6125	111.255	112.6	106.2	88.2
6.6126	111.260	112.6	106.4	88.6
6.6127	111.265	112.1	105.9	88.5
6.6127	111.270	112.3	106.2	88.1
6.6128	111.275	112.6	106.7	88.9
6.6128	111.280	112.1	105.9	88.8
6.6128	111.285	111.5	105.4	88.3
6.6129	111.290	111.6	105.4	88.0
6.6129	111.295	112.1	105.8	88.1
6.6130	111.300	111.9	105.6	88.0
6.6131	111.305	111.4	105.0	87.3
6.6131	111.310	111.6	104.9	87.2
6.6132	111.315	111.6	105.2	86.9
6.6132	111.320	112.1	105.8	87.5
6.6132	111.325	112.1	105.7	87.6
6.6133	111.330	112.2	105.8	87.5
6.6133	111.335	112.4	105.9	88.0
6.6134	111.340	112.1	105.5	87.6
6.6135	111.345	112.1	105.7	87.5
6.6135	111.350	112.3	105.9	87.9
6.6136	111.355	112.3	105.8	87.7
6.6136	111.360	112.1	105.7	87.5
6.6136	111.365	112.2	105.9	87.6
6.6137	111.370	112.9	106.5	88.1
6.6137	111.375	113.3	106.9	88.6
6.6138	111.380	113.3	106.8	88.8
6.6139	111.385	112.7	106.2	88.5
6.6139	111.390	111.8	105.4	87.8
6.6139	111.395	110.9	104.9	87.4
6.6140	111.400	109.8	103.8	86.7
6.6140	111.405	109.8	103.9	86.7
6.6141	111.410	109.9	103.9	86.8
6.6142	111.415	110.1	104.1	86.8
6.6142	111.420	110.4	104.5	87.0
6.6143	111.425	110.8	104.7	87.3
6.6143	111.430	110.6	104.6	87.4
6.6143	111.435	109.9	104.1	87.2
6.6144	111.440	109.7	103.8	87.0
6.6144	111.445	109.4	103.6	87.1
6.6145	111.450	109.4	103.7	87.1
6.6145	111.455	109.9	104.1	87.5
6.6146	111.460	110.1	104.4	87.9
6.6147	111.465	110.0	104.2	88.0
6.6147	111.470	110.0	104.2	87.7
6.6147	111.475	110.5	104.8	87.9
6.6148	111.480	112.0	106.0	88.9
6.6148	111.485	113.0	107.0	89.5
6.6149	111.490	113.2	107.1	89.7
6.6150	111.495	112.4	106.3	89.1
6.6150	111.500	112.2	106.1	88.4
6.6151	111.505	112.4	106.1	88.3
6.6151	111.510	112.7	106.2	88.5
6.6151	111.515	111.9	105.6	87.9
6.6152	111.520	112.1	105.6	87.9
6.6152	111.525	111.9	105.7	87.8
6.6153	111.530	111.9	105.5	88.0
6.6154	111.535	111.3	105.0	87.7
6.6154	111.540	110.8	104.5	87.2
6.6155	111.545	111.0	104.7	87.1
6.6155	111.550	112.1	105.8	87.6
6.6155	111.555	113.2	106.9	88.7
6.6156	111.560	112.7	106.3	88.6
6.6157	111.565	112.2	106.0	88.1
6.6157	111.570	112.2	105.9	88.0
6.6158	111.575	112.4	106.1	88.4
6.6158	111.580	112.4	106.0	88.4
6.6159	111.585	112.5	105.9	87.8
6.6159	111.590	112.8	106.2	87.7
6.6159	111.595	113.4	106.8	88.2
6.6160	111.600	113.6	107.0	88.8
6.6160	111.605	113.9	107.3	89.0
6.6161	111.610	113.6	106.9	88.6
6.6162	111.615	113.6	107.0	88.8
6.6162	111.620	113.0	106.5	88.3
6.6162	111.625	112.8	106.2	87.9
6.6163	111.630	113.1	106.5	88.1
6.6163	111.635	113.2	106.5	88.2
6.6164	111.640	112.9	106.4	88.2
6.6165	111.645	112.7	106.2	88.1
6.6165	111.650	112.5	105.9	88.0
6.6166	111.655	111.8	105.3	87.6
6.6166	111.660	111.8	105.6	87.4
6.6166	111.665	112.9	106.6	88.2
6.6167	111.670	113.8	107.3	88.7
6.6167	111.675	114.5	108.0	89.2
6.6168	111.680	114.7	108.1	89.4
6.6169	111.685	114.8	108.4	89.3
6.6169	111.690	114.9	108.2	89.6
6.6170	111.695	114.7	108.1	89.3
6.6170	111.700	114.9	108.4	89.6
6.6170	111.705	115.4	108.7	90.1
6.6171	111.710	116.1	109.3	90.5
6.6172	111.715	116.5	109.7	91.0
6.6172	111.720	116.7	110.1	91.3
6.6173	111.725	117.0	110.3	91.3
6.6173	111.730	117.5	110.9	91.7
6.6174	111.735	117.6	110.8	92.3
6.6174	111.740	117.4	110.8	91.9
6.6174	111.745	117.8	111.2	92.5
6.6175	111.750	117.9	111.4	92.7
6.6175	111.755	118.0	111.4	92.8
6.6176	111.760	118.1	111.6	92.9
6.6177	111.765	118.4	111.9	93.1
6.6177	111.770	118.7	112.1	93.5
6.6178	111.775	118.6	112.0	93.3
6.6178	111.780	118.9	112.3	93.5
6.6178	111.785	118.7	112.2	93.7
6.6179	111.790	118.7	112.3	93.5
6.6180	111.795	119.0	112.2	93.5
6.6180	111.800	119.2	112.7	93.4
6.6181	111.805	120.3	113.8	94.5
6.6181	111.810	120.8	114.4	95.8
6.6181	111.815	121.4	114.9	96.1
6.6182	111.820	121.8	115.3	97.0
6.6182	111.825	122.0	115.6	97.3
6.6183	111.830	121.6	115.3	97.1
6.6183	111.835	121.0	114.4	96.5
6.6184	111.840	120.6	114.0	95.6
6.6185	111.845	120.1	113.5	95.4
6.6185	111.850	119.2	112.7	94.6
6.6185	111.855	118.3	111.9	94.0
6.6186	111.860	118.1	111.7	93.2
6.6186	111.865	118.4	111.9	93.1
6.6187	111.870	118.8	112.5	93.6
6.6188	111.875	118.8	112.2	93.8
6.6188	111.880	118.6	112.1	93.7
6.6189	111.885	118.4	111.9	93.6
6.6189	111.890	118.5	111.9	93.2
6.6189	111.895	118.6	111.9	93.2
6.6190	111.900	119.4	112.7	93.7
6.6190	111.905	119.9	113.3	94.6
6.6191	111.910	120.1	113.6	95.0
6.6192	111.915	119.9	113.5	95.1
6.6192	111.920	119.7	113.4	94.8
6.6193	111.925	119.6	113.2	94.9
6.6193	111.930	119.0	112.6	94.6
6.6193	111.935	119.1	112.7	94.2
6.6194	111.940	119.2	112.7	94.3
6.6194	111.945	119.5	112.9	94.6
6.6195	111.950	119.4	112.8	94.7
6.6196	111.955	118.9	112.3	94.3
6.6196	111.960	118.5	111.9	94.0
6.6197	111.965	117.8	111.3	93.4
6.6197	111.970	117.2	110.6	92.6
6.6197	111.975	116.8	110.3	92.2
6.6198	111.980	116.1	109.6	92.0
6.6198	111.985	115.0	108.9	91.5
6.6199	111.990	114.7	108.4	90.8
6.6200	111.995	115.0	108.6	90.8
6.6200	112.000	115.3	108.9	91.0
6.6200	112.005	115.5	109.2	91.1
6.6201	112.010	116.0	109.6	91.5
6.6201	112.015	116.4	109.9	91.7
6.6202	112.020	116.8	110.1	91.8
6.6203	112.025	116.7	110.0	91.7
6.6203	112.030	116.3	109.6	91.3
6.6204	112.035	116.3	109.8	91.2
6.6204	112.040	116.5	109.9	91.5
6.6204	112.045	116.7	110.1	91.7
6.6205	112.050	116.2	109.5	91.4
6.6205	112.055	115.7	109.1	90.9
6.6206	112.060	116.4	110.0	91.7
6.6206	112.065	115.8	109.0	91.6
6.6207	112.070	115.1	108.5	90.6
6.6208	112.075	114.5	107.8	89.9
6.6208	112.080	114.3	107.6	89.4
6.6208	112.085	114.6	108.1	89.8
6.6209	112.090	115.2	108.5	90.4
6.6209	112.095	115.3	108.7	90.8
6.6210	112.100	115.1	108.4	90.7
6.6211	112.105	115.0	108.4	90.4
6.6211	112.110	114.7	108.1	90.3
6.6212	112.115	114.0	107.3	89.5
6.6212	112.120	113.9	107.2	89.3
6.6212	112.125	113.9	107.4	89.3
6.6213	112.130	113.9	107.4	89.5
6.6213	112.135	113.6	107.3	89.5
6.6214	112.140	113.0	106.7	89.3
6.6215	112.145	111.9	105.8	88.4
6.6215	112.150	111.8	105.8	88.1
6.6216	112.155	112.0	105.9	88.6
6.6216	112.160	112.3	106.3	88.7
6.6216	112.165	112.7	106.6	89.3
6.6217	112.170	112.6	106.3	89.1
6.6218	112.175	112.2	105.9	88.7
6.6218	112.180	111.7	105.3	88.1
6.6219	112.185	111.9	105.5	87.8
6.6219	112.190	112.5	106.2	88.4
6.6220	112.195	112.0	105.7	88.6
6.6220	112.200	111.4	105.3	88.1
6.6220	112.205	110.8	104.6	87.3
6.6221	112.210	110.4	104.4	87.3
6.6221	112.215	110.0	104.0	87.2
6.6222	112.220	109.7	103.8	86.8
6.6223	112.225	110.3	104.2	86.9
6.6223	112.230	110.6	104.7	87.4
6.6223	112.235	111.1	104.8	87.6
6.6224	112.240	111.3	105.1	87.7
6.6224	112.245	111.8	105.7	88.2
6.6225	112.250	111.5	105.2	88.1
6.6226	112.255	111.5	105.2	87.9
6.6226	112.260	111.7	105.5	88.1
6.6227	112.265	111.7	105.4	88.1
6.6227	112.270	111.3	105.0	87.9
6.6227	112.275	111.0	104.7	88.0
6.6228	112.280	110.3	104.3	87.5
6.6228	112.285	110.1	104.2	87.5
6.6229	112.290	110.5	104.4	87.3
6.6230	112.295	110.8	104.8	87.5
6.6230	112.300	110.8	104.7	87.5
6.6231	112.305	110.7	104.6	87.0
6.6231	112.310	111.0	104.8	87.2
6.6231	112.315	110.8	104.6	87.1
6.6232	112.320	110.4	104.3	87.0
6.6233	112.325	109.8	103.7	86.5
6.6233	112.330	109.4	103.1	86.0
6.6234	112.335	109.6	103.3	85.8
6.6234	112.340	110.2	103.8	86.3
6.6235	112.345	110.2	103.8	86.2
6.6235	112.350	110.5	104.0	86.1
6.6235	112.355	110.9	104.4	86.4
6.6236	112.360	111.0	104.6	86.8
6.6236	112.365	111.3	104.7	86.8
6.6237	112.370	111.5	104.9	87.0
6.6238	112.375	111.3	104.6	86.7
6.6238	112.380	111.3	104.7	86.7
6.6239	112.385	111.0	104.4	86.6
6.6239	112.390	111.0	104.4	86.4
6.6239	112.395	111.4	104.9	86.8
6.6240	112.400	111.3	104.8	87.1
6.6241	112.405	111.6	105.2	87.2
6.6241	112.410	112.1	105.4	87.4
6.6242	112.415	112.5	105.9	87.6
6.6242	112.420	112.7	106.0	87.5
6.6242	112.425	113.0	106.2	87.6
6.6243	112.430	113.2	106.4	87.9
6.6243	112.435	113.9	107.1	88.5
6.6244	112.440	113.9	107.0	88.7
6.6244	112.445	113.5	106.6	88.3
6.6245	112.450	113.3	106.4	88.1
6.6246	112.455	113.3	106.5	88.1
6.6246	112.460	113.1	106.2	88.1
6.6246	112.465	113.2	106.5	88.1
6.6247	112.470	113.9	107.0	88.3
6.6247	112.475	114.1	107.2	88.4
6.6248	112.480	114.6	107.6	88.7
6.6249	112.485	114.5	107.4	88.6
6.6249	112.490	114.5	107.5	88.7
6.6250	112.495	114.7	107.9	88.9
6.6250	112.500	114.3	107.3	88.5
6.6250	112.505	113.8	107.0	88.2
6.6251	112.510	113.4	106.6	87.9
6.6251	112.515	113.2	106.5	87.8
6.6252	112.520	113.6	106.7	87.9
6.6253	112.525	113.6	106.7	87.9
6.6253	112.530	113.9	107.1	88.1
6.6254	112.535	114.4	107.4	88.5
6.6254	112.540	114.5	107.6	88.7
6.6254	112.545	114.5	107.6	88.7
6.6255	112.550	114.4	107.4	88.5
6.6256	112.555	114.3	107.2	88.5
6.6256	112.560	114.3	107.3	88.3
6.6257	112.565	114.3	107.3	88.0
6.6257	112.570	114.5	107.3	88.3
6.6258	112.575	114.1	106.9	88.1
6.6258	112.580	113.8	106.6	87.9
6.6258	112.585	113.3	106.3	87.6
6.6259	112.590	113.2	106.3	87.5
6.6259	112.595	113.3	106.4	87.7
6.6260	112.600	113.2	106.1	87.7
6.6261	112.605	112.6	105.6	87.0
6.6261	112.610	112.5	105.6	87.1
6.6261	112.615	112.2	105.6	87.5
6.6262	112.620	111.4	104.9	87.5
6.6262	112.625	110.9	104.3	86.9
6.6263	112.630	110.7	104.2	86.8
6.6264	112.635	109.9	103.3	86.3
6.6264	112.640	110.0	103.6	85.9
6.6265	112.645	110.4	103.8	86.3
6.6265	112.650	109.4	102.7	85.7
6.6265	112.655	107.9	101.3	84.5
6.6266	112.660	106.3	99.8	83.4
6.6266	112.665	104.9	98.6	82.0
6.6267	112.670	103.2	96.9	80.8
6.6267	112.675	101.6	95.5	79.6
6.6268	112.680	100.0	94.0	78.4
6.6269	112.685	100.5	94.6	78.4
6.6269	112.690	102.2	96.4	79.6
6.6269	112.695	103.2	97.7	81.6
6.6270	112.700	102.2	96.7	81.3
6.6270	112.705	102.6	97.1	81.1
6.6271	112.710	103.5	98.0	82.1
6.6272	112.715	103.7	98.5	82.8
6.6272	112.720	103.3	98.1	83.0
6.6273	112.725	103.7	98.5	83.2
6.6273	112.730	103.9	98.7	82.9
6.6273	112.735	104.8	99.3	82.8
6.6274	112.740	106.8	100.8	83.8
6.6274	112.745	108.0	101.9	84.6
6.6275	112.750	108.5	102.1	85.1
6.6276	112.755	108.4	101.9	84.9
6.6276	112.760	108.8	102.3	84.7
6.6277	112.765	109.2	103.0	85.4
6.6277	112.770	110.3	104.1	86.3
6.6277	112.775	111.2	105.0	87.0
6.6278	112.780	111.5	105.3	87.7
6.6279	112.785	111.1	104.7	87.4
6.6279	112.790	110.8	104.5	86.9
6.6280	112.795	110.8	104.4	86.8
6.6280	112.800	110.5	104.3	86.8
6.6280	112.805	110.5	104.4	86.8
6.6281	112.810	110.9	104.9	86.9
6.6281	112.815	111.4	105.0	87.2
6.6282	112.820	111.5	105.1	87.5
6.6282	112.825	111.5	105.1	87.3
6.6283	112.830	111.6	105.0	87.5
6.6284	112.835	111.5	104.8	87.0
6.6284	112.840	111.6	104.9	86.7
6.6284	112.845	112.4	105.9	87.5
6.6285	112.850	112.4	105.8	87.7
6.6285	112.855	112.2	105.7	87.5
6.6286	112.860	111.9	105.4	87.4
6.6287	112.865	111.5	105.0	86.9
6.6287	112.870	111.4	104.8	86.9
6.6288	112.875	111.0	104.6	86.4
6.6288	112.880	111.5	104.9	86.5
6.6288	112.885	112.2	105.8	87.0
6.6289	112.890	112.8	106.2	87.8
6.6289	112.895	112.6	106.1	87.9
6.6290	112.900	112.4	105.8	87.7
6.6291	112.905	112.3	105.8	87.4
6.6291	112.910	112.3	105.8	87.7
6.6292	112.915	112.2	105.8	87.4
6.6292	112.920	112.5	106.1	87.6
6.6292	112.925	112.8	106.3	88.0
6.6293	112.930	112.7	106.2	87.9
6.6294	112.935	112.6	106.0	87.8
6.6294	112.940	112.5	106.0	87.7
6.6295	112.945	112.3	105.8	87.3
6.6295	112.950	112.2	105.8	87.2
6.6296	112.955	112.6	106.2	87.5
6.6296	112.960	113.4	106.9	88.2
6.6296	112.965	113.8	107.0	88.6
6.6297	112.970	113.8	106.9	88.2
6.6297	112.975	113.8	107.2	88.3
6.6298	112.980	113.7	106.8	88.2
6.6299	112.985	113.0	106.0	87.7
6.6299	112.990	112.8	105.9	87.1
6.6300	112.995	112.7	105.8	87.3
6.6300	113.000	111.9	105.3	87.1
6.6300	113.005	111.0	104.3	86.3
6.6301	113.010	111.5	104.9	86.0
6.6302	113.015	113.0	106.3	87.3
6.6302	113.020	113.5	106.8	88.2
6.6303	113.025	112.9	105.9	87.8
6.6303	113.030	111.3	104.4	86.8
6.6303	113.035	110.4	103.8	85.8
6.6304	113.040	110.3	103.6	85.3
6.6304	113.045	112.0	105.3	86.0
6.6305	113.050	113.7	106.9	87.8
6.6306	113.055	115.0	108.1	89.1
6.6306	113.060	114.9	107.8	89.4
6.6307	113.065	114.4	107.2	88.7
6.6307	113.070	114.6	107.6	88.7
6.6307	113.075	114.4	107.4	89.0
6.6308	113.080	114.1	107.3	88.5
6.6308	113.085	114.6	107.8	89.2
6.6309	113.090	114.3	107.6	89.1
6.6310	113.095	114.0	107.3	88.5
6.6310	113.100	114.1	107.2	88.7
6.6311	113.105	114.3	107.3	88.4
6.6311	113.110	114.4	107.4	88.2
6.6311	113.115	114.4	107.1	88.3
6.6312	113.120	113.9	106.6	87.6
6.6312	113.125	113.6	106.5	87.1
6.6313	113.130	113.5	106.4	87.3
6.6314	113.135	113.4	106.3	87.0
6.6314	113.140	113.6	106.5	87.3
6.6315	113.145	113.6	106.5	87.5
6.6315	113.150	112.9	105.7	87.1
6.6315	113.155	112.2	105.1	86.2
6.6316	113.160	111.9	104.6	85.5
6.6317	113.165	111.9	104.4	85.3
6.6317	113.170	112.2	104.9	85.4
6.6318	113.175	111.7	104.7	85.7
6.6318	113.180	111.1	104.1	85.2
6.6319	113.185	110.7	103.8	85.0
6.6319	113.190	110.4	103.5	85.0
6.6319	113.195	109.8	102.9	84.6
6.6320	113.200	110.1	103.5	85.0
6.6320	113.205	111.0	104.3	86.0
6.6321	113.210	111.6	105.1	86.9
6.6322	113.215	112.1	105.7	87.8
6.6322	113.220	112.2	105.7	88.0
6.6322	113.225	112.0	105.5	88.2
6.6323	113.230	111.0	104.8	87.9
6.6323	113.235	110.2	104.2	87.4
6.6324	113.240	110.2	104.3	87.6
6.6325	113.245	110.1	104.1	87.4
6.6325	113.250	110.0	104.2	87.4
6.6326	113.255	109.5	103.8	87.3
6.6326	113.260	109.0	103.5	87.2
6.6326	113.265	109.8	104.0	87.4
6.6327	113.270	110.9	105.0	87.9
6.6327	113.275	111.4	105.4	88.1
6.6328	113.280	111.4	105.4	88.3
6.6328	113.285	111.5	105.4	88.7
6.6329	113.290	111.2	105.2	88.6
6.6330	113.295	111.4	105.4	88.4
6.6330	113.300	111.7	105.5	88.5
6.6330	113.305	111.9	105.7	88.5
6.6331	113.310	112.5	106.2	88.7
6.6331	113.315	112.2	106.0	88.4
6.6332	113.320	111.6	105.1	87.8
6.6333	113.325	111.7	105.3	87.7
6.6333	113.330	111.9	105.6	88.0
6.6334	113.335	111.6	105.2	88.0
6.6334	113.340	111.1	104.7	87.4
6.6334	113.345	110.9	104.4	86.9
6.6335	113.350	110.9	104.4	87.1
6.6335	113.355	110.5	104.0	86.6
6.6336	113.360	110.2	103.8	86.2
6.6337	113.365	109.8	103.4	86.1
6.6337	113.370	109.3	102.8	85.5
6.6338	113.375	109.8	103.5	85.6
6.6338	113.380	109.4	103.0	85.8
6.6338	113.385	109.3	102.8	85.6
6.6339	113.390	110.1	103.8	85.8
6.6340	113.395	111.4	105.0	86.8
6.6340	113.400	111.9	105.3	87.3
6.6341	113.405	112.1	105.5	87.4
6.6341	113.410	112.5	105.8	87.4
6.6341	113.415	112.7	106.0	87.6
6.6342	113.420	112.8	106.2	87.8
6.6342	113.425	112.8	106.1	87.9
6.6343	113.430	112.7	105.9	87.9
6.6343	113.435	113.2	106.4	88.2
6.6344	113.440	113.5	106.8	88.5
6.6345	113.445	113.6	106.8	88.3
6.6345	113.450	113.8	106.9	88.3
6.6345	113.455	114.1	107.2	88.6
6.6346	113.460	114.0	107.1	88.7
6.6346	113.465	113.2	106.4	88.4
6.6347	113.470	112.6	105.9	87.9
6.6348	113.475	112.5	105.9	87.6
6.6348	113.480	113.2	106.6	88.1
6.6349	113.485	113.4	106.9	88.6
6.6349	113.490	113.4	106.8	88.3
6.6349	113.495	113.5	106.8	88.5
6.6350	113.500	113.6	107.0	88.8
6.6350	113.505	114.0	107.4	89.1
6.6351	113.510	114.8	108.0	89.4
6.6352	113.515	115.2	108.7	90.2
6.6352	113.520	115.4	108.9	90.6
6.6353	113.525	115.6	109.1	90.7
6.6353	113.530	116.0	109.3	90.8
6.6353	113.535	116.5	109.7	90.8
6.6354	113.540	116.8	110.0	91.0
6.6355	113.545	117.0	110.1	90.8
6.6355	113.550	117.1	110.0	90.9
6.6356	113.555	117.0	110.1	90.8
6.6356	113.560	117.1	110.0	90.8
6.6357	113.565	117.0	110.0	90.8
6.6357	113.570	117.0	110.0	90.8
6.6357	113.575	117.3	110.3	90.9
6.6358	113.580	117.5	110.5	91.1
6.6358	113.585	117.5	110.4	91.1
6.6359	113.590	117.5	110.6	91.2
6.6360	113.595	117.9	111.0	91.6
6.6360	113.600	117.8	111.0	91.7
6.6361	113.605	117.6	110.9	91.6
6.6361	113.610	117.8	110.9	91.9
6.6361	113.615	117.3	110.4	91.6
6.6362	113.620	117.2	110.2	91.0
6.6363	113.625	117.4	110.5	91.1
6.6363	113.630	117.5	110.6	91.5
6.6364	113.635	117.7	110.8	91.6
6.6364	113.640	117.8	110.9	91.7
6.6364	113.645	118.1	111.5	91.9
6.6365	113.650	118.2	111.6	92.2
6.6365	113.655	118.0	111.4	92.4
6.6366	113.660	117.7	111.2	92.0
6.6367	113.665	118.1	111.6	92.4
6.6367	113.670	118.3	111.7	92.5
6.6368	113.675	118.2	111.5	92.5
6.6368	113.680	117.8	111.3	92.3
6.6368	113.685	117.6	110.8	91.6
6.6369	113.690	117.5	110.9	91.3
6.6369	113.695	117.7	111.1	91.6
6.6370	113.700	117.3	110.8	91.6
6.6371	113.705	117.1	110.5	91.2
6.6371	113.710	116.7	110.3	90.9
6.6372	113.715	116.8	110.2	90.8
6.6372	113.720	117.0	110.5	91.0
6.6372	113.725	116.9	110.4	91.3
6.6373	113.730	116.9	110.4	91.1
6.6373	113.735	116.4	110.0	90.8
6.6374	113.740	116.4	109.8	90.3
6.6375	113.745	116.2	109.7	90.3
6.6375	113.750	115.9	109.3	90.0
6.6376	113.755	116.0	109.3	89.8
6.6376	113.760	116.4	109.9	90.2
6.6376	113.765	116.8	110.2	90.8
6.6377	113.770	116.9	110.7	90.9
6.6378	113.775	116.7	110.4	90.9
6.6378	113.780	116.2	109.8	90.1
6.6379	113.785	115.8	109.3	89.9
6.6379	113.790	115.4	109.0	89.7
6.6380	113.795	115.1	108.8	89.5
6.6380	113.800	115.4	109.1	90.2
6.6380	113.805	115.7	109.4	90.6
6.6381	113.810	115.8	109.5	90.3
6.6381	113.815	116.4	110.2	91.0
6.6382	113.820	116.5	110.2	90.9
6.6383	113.825	117.4	111.2	91.9
6.6383	113.830	116.6	110.4	92.2
6.6383	113.835	115.3	109.0	90.5
6.6384	113.840	115.7	109.8	90.8
6.6384	113.845	116.4	110.4	92.0
6.6385	113.850	116.1	110.0	91.7
6.6386	113.855	115.7	109.6	91.2
6.6386	113.860	115.4	109.2	91.1
6.6387	113.865	114.9	109.0	90.8
6.6387	113.870	114.7	108.7	90.6
6.6387	113.875	115.1	109.0	90.8
6.6388	113.880	115.7	109.7	91.2
6.6388	113.885	116.2	110.4	91.7
6.6389	113.890	116.4	110.5	92.0
6.6389	113.895	116.2	110.1	91.4
6.6390	113.900	115.8	109.7	91.1
6.6391	113.905	115.8	109.7	91.2
6.6391	113.910	115.9	110.0	91.2
6.6391	113.915	116.4	110.3	91.5
6.6392	113.920	116.2	110.0	91.4
6.6392	113.925	116.1	109.8	91.0
6.6393	113.930	115.8	109.5	90.8
6.6394	113.935	115.8	109.6	90.6
6.6394	113.940	116.7	110.4	91.1
6.6395	113.945	116.7	110.3	91.2
6.6395	113.950	116.5	109.9	90.6
6.6395	113.955	116.0	109.6	90.5
6.6396	113.960	115.9	109.7	90.4
6.6396	113.965	115.7	109.3	90.2
6.6397	113.970	115.9	109.5	90.5
6.6398	113.975	115.2	108.8	90.4
6.6398	113.980	114.2	108.2	89.8
6.6399	113.985	114.7	108.6	89.9
6.6399	113.990	115.0	108.8	90.1
6.6399	113.995	115.5	109.2	90.3
6.6400	114.000	115.5	109.3	90.6
6.6401	114.005	115.4	109.2	90.5
6.6401	114.010	115.7	109.5	90.4
6.6402	114.015	115.8	109.5	90.2
6.6402	114.020	116.0	109.7	90.3
6.6402	114.025	115.9	109.3	90.1
6.6403	114.030	115.9	109.5	90.2
6.6403	114.035	116.3	109.8	90.2
6.6404	114.040	116.8	110.4	90.7
6.6404	114.045	117.1	110.8	91.3
6.6405	114.050	117.0	110.7	91.3
6.6406	114.055	116.8	110.4	91.1
6.6406	114.060	116.8	110.6	91.2
6.6406	114.065	117.6	111.3	91.6
6.6407	114.070	118.6	112.3	92.3
6.6407	114.075	118.7	112.4	93.1
6.6408	114.080	118.4	112.0	92.8
6.6409	114.085	117.8	111.7	92.3
6.6409	114.090	117.7	111.4	92.2
6.6410	114.095	117.3	111.2	91.9
6.6410	114.100	117.2	110.9	91.9
6.6410	114.105	117.2	110.9	91.4
6.6411	114.110	117.7	111.4	91.9
6.6411	114.115	118.1	112.0	92.4
6.6412	114.120	118.1	111.7	92.4
6.6413	114.125	117.8	111.5	92.0
6.6413	114.130	118.2	112.0	92.2
6.6414	114.135	118.4	112.1	92.6
6.6414	114.140	118.4	112.1	92.5
6.6414	114.145	118.1	111.7	92.3
6.6415	114.150	117.7	111.5	92.0
6.6416	114.155	117.7	111.5	92.0
6.6416	114.160	117.8	111.5	92.1
6.6417	114.165	117.2	110.8	91.5
6.6417	114.170	117.3	111.1	91.3
6.6418	114.175	117.6	111.3	91.5
6.6418	114.180	117.7	111.3	91.8
6.6418	114.185	117.3	111.0	91.9
6.6419	114.190	116.7	110.7	91.7
6.6419	114.195	116.6	110.6	91.5
6.6420	114.200	117.0	110.8	91.5
6.6421	114.205	117.5	111.4	91.9
6.6421	114.210	118.0	111.7	92.0
6.6421	114.215	118.2	111.8	92.1
6.6422	114.220	118.2	111.9	92.2
6.6422	114.225	118.1	111.6	92.1
6.6423	114.230	118.0	111.5	91.8
6.6424	114.235	118.0	111.6	92.0
6.6424	114.240	118.1	111.7	92.1
6.6425	114.245	118.1	111.7	92.2
6.6425	114.250	118.2	111.8	92.2
6.6425	114.255	118.4	112.1	92.3
6.6426	114.260	118.5	112.2	92.3
6.6426	114.265	118.7	112.4	92.5
6.6427	114.270	118.9	112.4	92.9
6.6428	114.275	119.0	112.5	92.9
6.6428	114.280	118.7	112.3	92.6
6.6429	114.285	118.8	112.5	92.7
6.6429	114.290	118.6	112.3	92.9
6.6429	114.295	118.1	111.8	92.5
6.6430	114.300	117.5	111.2	91.8
6.6431	114.305	117.4	111.2	91.8
6.6431	114.310	117.6	111.4	91.9
6.6432	114.315	117.8	111.5	91.9
6.6432	114.320	118.1	111.8	91.9
6.6433	114.325	118.5	112.0	92.1
6.6433	114.330	118.3	111.7	92.3
6.6433	114.335	117.8	111.2	91.7
6.6434	114.340	117.7	111.1	91.4
6.6434	114.345	117.7	111.1	91.4
6.6435	114.350	118.2	111.7	91.9
6.6436	114.355	117.9	111.6	92.1
6.6436	114.360	118.2	111.7	92.0
6.6437	114.365	118.4	112.0	92.7
6.6437	114.370	117.9	111.5	92.3
6.6437	114.375	117.5	111.1	91.9
6.6438	114.380	117.6	111.2	92.0
6.6439	114.385	117.4	111.3	92.1
6.6439	114.390	116.7	110.5	91.8
6.6440	114.395	115.8	109.6	91.1
6.6440	114.400	115.4	109.3	90.8
6.6441	114.405	115.3	109.4	90.7
6.6441	114.410	116.0	110.2	91.1
6.6441	114.415	117.1	111.1	91.9
6.6442	114.420	117.1	111.0	92.2
6.6442	114.425	117.0	110.9	91.8
6.6443	114.430	117.4	111.4	92.1
6.6444	114.435	117.5	111.2	92.1
6.6444	114.440	117.6	111.4	92.0
6.6444	114.445	118.0	111.7	92.5
6.6445	114.450	118.0	111.6	92.2
6.6445	114.455	117.7	111.3	92.0
6.6446	114.460	116.8	110.5	91.3
6.6447	114.465	116.2	110.0	90.9
6.6447	114.470	116.1	110.2	91.2
6.6448	114.475	115.5	109.4	90.7
6.6448	114.480	115.1	108.8	89.9
6.6448	114.485	114.7	108.3	89.3
6.6449	114.490	114.4	108.1	89.1
6.6449	114.495	114.9	108.6	89.4
6.6450	114.500	115.4	109.1	89.9
6.6450	114.505	115.6	109.1	90.1
6.6451	114.510	116.1	109.7	90.4
6.6452	114.515	116.1	109.7	90.8
6.6452	114.520	116.2	109.8	90.7
6.6452	114.525	115.9	109.6	90.5
6.6453	114.530	116.2	109.9	90.7
6.6453	114.535	116.1	109.9	90.8
6.6454	114.540	115.7	109.6	90.7
6.6455	114.545	115.5	109.4	90.5
6.6455	114.550	115.9	109.7	90.8
6.6456	114.555	116.2	110.2	91.3
6.6456	114.560	116.2	109.9	91.4
6.6456	114.565	115.2	108.9	90.5
6.6457	114.570	114.2	108.0	89.9
6.6457	114.575	114.2	108.1	89.3
6.6458	114.580	115.0	109.0	90.0
6.6459	114.585	116.2	110.3	91.2
6.6459	114.590	116.6	110.5	91.9
6.6460	114.595	116.3	110.1	91.0
6.6460	114.600	117.5	111.2	91.3
6.6460	114.605	118.0	111.7	92.1
6.6461	114.610	118.1	111.8	92.3
6.6462	114.615	118.0	111.6	92.4
6.6462	114.620	117.8	111.5	92.2
6.6463	114.625	118.0	111.5	92.3
6.6463	114.630	117.7	111.3	92.2
6.6463	114.635	117.8	111.4	92.2
6.6464	114.640	117.9	111.7	92.3
6.6464	114.645	118.0	111.6	92.3
6.6465	114.650	117.5	111.2	92.0
6.6465	114.655	116.5	110.3	91.5
6.6466	114.660	115.6	109.4	90.7
6.6467	114.665	114.9	108.7	90.3
6.6467	114.670	115.0	108.7	90.0
6.6467	114.675	115.9	109.7	90.8
6.6468	114.680	116.6	110.5	91.5
6.6468	114.685	117.2	110.9	92.0
6.6469	114.690	117.6	111.2	92.1
6.6470	114.695	117.5	111.1	91.9
6.6470	114.700	117.0	110.5	91.6
6.6471	114.705	116.5	110.0	91.0
6.6471	114.710	115.9	109.6	90.6
6.6471	114.715	115.9	109.8	90.7
6.6472	114.720	115.8	109.6	91.0
6.6472	114.725	115.6	109.7	91.3
6.6473	114.730	115.1	109.3	91.4
6.6474	114.735	114.8	109.1	91.3
6.6474	114.740	114.8	109.1	91.2
6.6475	114.745	115.1	109.3	91.3
6.6475	114.750	116.0	110.0	91.2
6.6475	114.755	116.6	110.3	91.5
6.6476	114.760	117.0	110.6	91.5
6.6477	114.765	117.3	111.0	91.9
6.6477	114.770	117.2	110.7	91.8
6.6478	114.775	117.4	111.0	91.6
6.6478	114.780	117.7	111.1	91.8
6.6479	114.785	117.6	111.0	91.5
6.6479	114.790	117.8	111.2	91.4
6.6479	114.795	118.1	111.6	91.8
6.6480	114.800	118.3	111.6	92.0
6.6480	114.805	118.5	111.9	92.3
6.6481	114.810	118.4	111.9	92.3
6.6482	114.815	118.6	111.9	92.3
6.6482	114.820	118.6	111.9	92.4
6.6482	114.825	118.9	112.2	92.3
6.6483	114.830	119.2	112.7	92.8
6.6483	114.835	118.9	112.4	92.9
6.6484	114.840	118.8	112.3	92.7
6.6485	114.845	118.9	112.4	92.7
6.6485	114.850	119.2	112.6	92.9
6.6486	114.855	119.1	112.6	93.0
6.6486	114.860	118.8	112.2	92.7
6.6486	114.865	118.9	112.0	92.4
6.6487	114.870	119.0	112.2	92.5
6.6487	114.875	119.1	112.5	92.7
6.6488	114.880	118.9	112.2	93.1
6.6489	114.885	118.5	112.1	92.8
6.6489	114.890	118.6	112.0	92.8
6.6490	114.895	118.5	112.1	93.1
6.6490	114.900	117.6	111.2	92.7
6.6490	114.905	117.1	110.9	91.9
6.6491	114.910	117.3	111.1	92.2
6.6492	114.915	116.8	110.5	91.7
6.6492	114.920	117.0	110.5	91.3
6.6493	114.925	118.1	111.8	92.4
6.6493	114.930	118.5	112.3	92.9
6.6494	114.935	118.8	112.5	93.0
6.6494	114.940	118.8	112.5	93.0
6.6494	114.945	119.4	113.0	93.2
6.6495	114.950	119.2	112.8	93.1
6.6495	114.955	118.5	111.9	92.5
6.6496	114.960	117.7	111.2	91.7
6.6497	114.965	117.4	111.2	92.0
6.6497	114.970	116.7	110.7	91.9
6.6498	114.975	115.7	109.7	91.4
6.6498	114.980	114.8	109.1	90.8
6.6498	114.985	113.5	108.1	90.5
6.6499	114.990	112.0	106.6	89.5
6.6500	114.995	111.8	106.3	88.8
6.6500	115.000	112.5	107.2	89.2
6.6501	115.005	113.5	108.0	90.0
6.6501	115.010	114.2	108.5	90.5
6.6502	115.015	114.3	108.6	90.6
6.6502	115.020	113.6	108.0	90.0
6.6502	115.025	113.4	107.8	89.7
6.6503	115.030	114.2	108.4	89.9
6.6503	115.035	115.3	109.2	90.6
6.6504	115.040	116.0	110.0	90.9
6.6505	115.045	116.4	110.2	91.5
6.6505	115.050	115.9	109.7	91.3
6.6505	115.055	115.6	109.5	90.9
6.6506	115.060	115.5	109.2	90.7
6.6506	115.065	115.1	108.9	90.6
6.6507	115.070	115.0	108.9	90.5
6.6508	115.075	114.8	108.7	90.6
6.6508	115.080	114.4	108.4	90.4
6.6509	115.085	113.8	107.9	89.8
6.6509	115.090	113.9	108.0	89.9
6.6509	115.095	114.0	108.0	89.9
6.6510	115.100	114.8	108.9	90.4
6.6510	115.105	114.6	108.7	90.4
6.6511	115.110	114.3	108.3	89.9
6.6511	115.115	114.4	108.4	89.9
6.6512	115.120	114.9	108.7	90.0
6.6513	115.125	114.7	108.4	89.9
6.6513	115.130	114.9	108.5	90.1
6.6513	115.135	114.6	108.4	90.0
6.6514	115.140	113.9	107.6	89.4
6.6514	115.145	113.7	107.6	89.2
6.6515	115.150	113.8	107.7	89.4
6.6516	115.155	113.6	107.6	89.0
6.6516	115.160	113.4	107.4	88.9
6.6517	115.165	113.0	106.9	88.7
6.6517	115.170	113.1	107.1	88.8
6.6517	115.175	113.3	107.1	89.0
6.6518	115.180	113.1	106.9	88.6
6.6518	115.185	113.2	107.1	88.6
6.6519	115.190	113.9	107.7	89.2
6.6520	115.195	114.0	107.7	89.4
6.6520	115.200	113.6	107.4	88.9
6.6521	115.205	113.6	107.4	88.8
6.6521	115.210	113.4	107.3	88.8
6.6521	115.215	113.0	107.0	88.6
6.6522	115.220	112.5	106.3	88.0
6.6523	115.225	112.2	106.2	87.5
6.6523	115.230	113.2	107.4	88.3
6.6524	115.235	114.6	108.9	89.7
6.6524	115.240	115.2	109.4	90.5
6.6524	115.245	115.6	109.5	91.1
6.6525	115.250	115.0	108.9	90.7
6.6525	115.255	114.6	108.8	90.2
6.6526	115.260	114.4	108.7	90.2
6.6526	115.265	114.2	108.2	90.2
6.6527	115.270	113.7	107.7	89.5
6.6528	115.275	113.9	108.0	89.1
6.6528	115.280	114.1	108.1	89.3
6.6528	115.285	114.4	108.2	89.2
6.6529	115.290	114.7	108.5	89.7
6.6529	115.295	114.6	108.5	89.6
6.6530	115.300	114.3	108.2	89.2
6.6531	115.305	114.6	108.6	89.5
6.6531	115.310	114.3	108.4	89.9
6.6532	115.315	114.3	108.5	89.7
6.6532	115.320	114.5	108.5	89.9
6.6532	115.325	114.6	108.6	89.6
6.6533	115.330	115.0	108.8	90.0
6.6533	115.335	115.2	109.0	90.0
6.6534	115.340	115.2	109.1	89.9
6.6535	115.345	115.5	109.5	90.3
6.6535	115.350	115.6	109.4	90.4
6.6536	115.355	115.5	109.5	90.5
6.6536	115.360	115.6	109.6	90.5
6.6536	115.365	116.0	109.8	90.9
6.6537	115.370	115.6	109.5	90.5
6.6538	115.375	115.6	109.3	90.2
6.6538	115.380	115.6	109.3	90.2
6.6539	115.385	115.6	109.6	90.1
6.6539	115.390	116.2	110.0	90.7
6.6540	115.395	116.7	110.6	91.2
6.6540	115.400	117.2	111.1	91.9
6.6540	115.405	117.0	110.8	91.7
6.6541	115.410	116.6	110.6	91.2
6.6541	115.415	116.5	110.4	91.0
6.6542	115.420	116.5	110.3	90.8
6.6543	115.425	116.5	110.4	90.7
6.6543	115.430	116.6	110.5	90.8
6.6543	115.435	116.9	110.9	91.1
6.6544	115.440	117.2	111.0	91.5
6.6544	115.445	117.4	111.2	91.7
6.6545	115.450	117.5	111.2	91.9
6.6546	115.455	117.6	111.4	91.9
6.6546	115.460	117.0	110.8	91.5
6.6547	115.465	116.8	110.7	91.2
6.6547	115.470	116.9	110.7	91.3
6.6547	115.475	116.4	110.2	90.9
6.6548	115.480	116.1	109.9	90.6
6.6548	115.485	115.5	109.4	90.3
6.6549	115.490	115.3	109.3	90.1
6.6550	115.495	115.9	109.9	90.4
6.6550	115.500	116.1	110.1	91.3
6.6551	115.505	115.4	109.4	90.8
6.6551	115.510	115.6	109.7	90.4
6.6551	115.515	116.0	109.9	90.8
6.6552	115.520	115.5	109.2	90.3
6.6553	115.525	115.8	109.6	90.1
6.6553	115.530	116.5	110.2	90.8
6.6554	115.535	116.3	109.9	90.8
6.6554	115.540	116.2	109.9	90.5
6.6555	115.545	116.2	109.8	90.4
6.6555	115.550	115.6	109.2	89.9
6.6555	115.555	115.4	109.0	89.3
6.6556	115.560	115.6	109.3	89.4
6.6556	115.565	115.8	109.5	89.6
6.6557	115.570	116.1	109.8	90.0
6.6558	115.575	116.6	110.3	90.5
6.6558	115.580	116.6	110.4	90.8
6.6559	115.585	116.6	110.4	90.9
6.6559	115.590	116.3	110.2	90.7
6.6559	115.595	115.9	109.7	90.6
6.6560	115.600	115.7	109.7	90.4
6.6561	115.605	115.8	109.7	90.7
6.6561	115.610	116.0	109.7	90.8
6.6562	115.615	116.3	110.1	91.0
6.6562	115.620	116.4	110.1	90.8
6.6562	115.625	116.5	110.2	90.7
6.6563	115.630	116.7	110.4	90.8
6.6563	115.635	117.1	110.8	91.3
6.6564	115.640	117.0	110.7	91.4
6.6564	115.645	116.7	110.4	91.1
6.6565	115.650	116.6	110.5	91.2
6.6566	115.655	116.4	110.2	91.2
6.6566	115.660	115.7	109.5	90.5
6.6566	115.665	115.9	109.5	90.3
6.6567	115.670	115.8	109.6	90.2
6.6567	115.675	116.3	110.0	90.5
6.6568	115.680	116.4	110.3	90.7
6.6569	115.685	116.3	110.0	90.7
6.6569	115.690	115.8	109.4	89.9
6.6570	115.695	115.5	109.1	89.7
6.6570	115.700	115.1	108.6	89.3
6.6570	115.705	115.0	108.8	89.3
6.6571	115.710	114.8	108.5	89.2
6.6571	115.715	114.8	108.5	89.0
6.6572	115.720	114.9	108.8	89.2
6.6572	115.725	115.2	108.9	89.5
6.6573	115.730	115.2	108.9	89.6
6.6574	115.735	115.1	108.9	89.6
6.6574	115.740	114.8	108.5	89.4
6.6574	115.745	114.4	108.1	88.9
6.6575	115.750	114.7	108.3	88.8
6.6575	115.755	114.8	108.6	89.3
6.6576	115.760	114.7	108.4	89.4
6.6577	115.765	114.4	108.1	88.8
6.6577	115.770	114.4	108.1	89.0
6.6578	115.775	114.9	108.5	89.2
6.6578	115.780	115.1	108.7	89.5
6.6578	115.785	115.4	109.0	89.3
6.6579	115.790	116.1	109.7	90.0
6.6579	115.795	116.4	110.0	90.7
6.6580	115.800	116.0	109.6	90.4
6.6581	115.805	115.7	109.3	90.1
6.6581	115.810	115.1	108.9	89.7
6.6582	115.815	115.2	108.9	90.1
6.6582	115.820	114.8	108.6	89.8
6.6582	115.825	114.1	107.8	89.2
6.6583	115.830	112.6	106.3	88.0
6.6584	115.835	112.2	106.1	87.0
6.6584	115.840	112.9	106.7	87.6
6.6585	115.845	113.0	106.8	87.9
6.6585	115.850	112.9	106.7	87.7
6.6585	115.855	113.1	106.8	87.8
6.6586	115.860	113.3	107.2	88.4
6.6586	115.865	113.3	107.0	88.2
6.6587	115.870	113.0	106.7	87.7
6.6587	115.875	113.7	107.5	88.2
6.6588	115.880	113.9	107.6	89.0
6.6589	115.885	113.7	107.5	88.4
6.6589	115.890	114.1	107.8	88.8
6.6589	115.895	114.2	107.8	89.2
6.6590	115.900	114.3	108.1	89.0
6.6590	115.905	114.5	108.2	89.2
6.6591	115.910	114.3	107.8	88.9
6.6592	115.915	113.3	106.7	88.0
6.6592	115.920	112.2	105.9	86.7
6.6593	115.925	111.7	105.5	86.2
6.6593	115.930	112.1	105.9	86.8
6.6593	115.935	112.2	106.1	87.4
6.6594	115.940	112.2	106.0	87.5
6.6594	115.945	112.4	106.3	87.7
6.6595	115.950	112.1	106.0	87.6
6.6596	115.955	111.9	105.7	87.1
6.6596	115.960	111.7	105.7	87.2
6.6597	115.965	111.6	105.6	87.0
6.6597	115.970	111.5	105.7	87.1
6.6597	115.975	111.5	105.8	87.2
6.6598	115.980	111.8	105.9	87.7
6.6599	115.985	111.3	105.4	87.7
6.6599	115.990	110.9	105.0	87.0
6.6600	115.995	111.2	105.4	87.1
6.6600	116.000	111.2	105.2	87.2
6.6601	116.005	111.1	105.3	87.0
6.6601	116.010	111.4	105.5	87.1
6.6601	116.015	111.5	105.7	87.4
6.6602	116.020	111.2	105.3	87.0
6.6602	116.025	111.2	105.3	86.9
6.6603	116.030	111.8	105.9	87.3
6.6604	116.035	112.1	106.1	87.8
6.6604	116.040	112.2	106.1	87.7
6.6604	116.045	112.4	106.3	87.8
6.6605	116.050	112.7	106.8	88.1
6.6605	116.055	112.8	106.7	88.3
6.6606	116.060	113.1	107.1	88.7
6.6607	116.065	112.8	106.7	88.3
6.6607	116.070	112.7	106.6	88.0
6.6608	116.075	112.8	106.6	87.9
6.6608	116.080	112.8	106.7	87.9
6.6608	116.085	112.6	106.4	87.6
6.6609	116.090	113.0	106.8	88.0
6.6609	116.095	112.7	106.5	87.7
6.6610	116.100	112.8	106.6	87.7
6.6611	116.105	113.1	107.0	88.2
6.6611	116.110	113.4	107.3	88.5
6.6612	116.115	112.9	106.7	88.2
6.6612	116.120	112.1	106.1	87.5
6.6612	116.125	112.3	106.3	87.2
6.6613	116.130	112.4	106.0	87.3
6.6614	116.135	112.3	106.2	87.2
6.6614	116.140	112.3	106.0	87.3
6.6615	116.145	113.0	106.8	87.7
6.6615	116.150	113.6	107.2	88.4
6.6616	116.155	113.3	107.2	88.6
6.6616	116.160	113.4	107.1	88.1
6.6616	116.165	113.7	107.3	88.5
6.6617	116.170	113.9	107.6	88.7
6.6617	116.175	113.4	107.2	88.7
6.6618	116.180	112.7	106.5	88.1
6.6619	116.185	112.2	106.1	87.9
6.6619	116.190	111.8	105.8	87.4
6.6620	116.195	111.8	105.8	87.2
6.6620	116.200	112.0	105.8	87.1
6.6620	116.205	111.6	105.4	86.7
6.6621	116.210	110.9	104.8	86.1
6.6622	116.215	110.8	104.5	85.9
6.6622	116.220	109.8	103.3	85.1
6.6623	116.225	108.0	101.5	83.1
6.6623	116.230	107.5	101.3	82.5
6.6623	116.235	107.9	102.0	83.2
6.6624	116.240	108.9	103.1	84.2
6.6624	116.245	110.9	105.2	86.3
6.6625	116.250	112.1	106.2	87.7
6.6625	116.255	112.5	106.4	87.7
6.6626	116.260	112.9	106.7	88.0
6.6627	116.265	112.8	106.6	88.0
6.6627	116.270	112.9	106.7	87.5
6.6627	116.275	113.7	107.3	88.2
6.6628	116.280	113.8	107.3	88.2
6.6628	116.285	113.6	107.1	88.2
6.6629	116.290	112.9	106.5	87.4
6.6630	116.295	113.0	106.5	87.3
6.6630	116.300	112.6	106.3	87.4
6.6631	116.305	112.0	105.5	86.8
6.6631	116.310	111.6	105.1	86.2
6.6631	116.315	112.1	105.7	86.6
6.6632	116.320	112.7	106.3	87.4
6.6632	116.325	113.1	106.8	87.8
6.6633	116.330	113.7	107.3	88.0
6.6633	116.335	113.7	106.9	88.1
6.6634	116.340	111.8	105.1	86.7
6.6635	116.345	109.7	103.2	85.0
6.6635	116.350	109.2	103.0	84.7
6.6635	116.355	109.5	104.1	86.1
6.6636	116.360	110.6	105.3	87.8
6.6636	116.365	109.8	104.0	86.9
6.6637	116.370	110.1	103.9	85.7
6.6638	116.375	110.9	104.6	85.7
6.6638	116.380	112.8	106.4	86.7
6.6639	116.385	114.5	108.1	88.4
6.6639	116.390	115.3	108.7	89.4
6.6639	116.395	115.6	109.2	89.8
6.6640	116.400	115.8	109.4	90.0
6.6640	116.405	116.4	110.0	90.6
6.6641	116.410	116.6	110.2	91.0
6.6642	116.415	116.7	110.1	90.9
6.6642	116.420	116.3	109.9	90.7
6.6643	116.425	115.9	109.5	90.4
6.6643	116.430	116.0	109.6	90.5
6.6643	116.435	116.0	109.5	90.7
6.6644	116.440	115.8	109.3	90.4
6.6645	116.445	115.5	109.2	90.2
6.6645	116.450	115.4	109.2	90.1
6.6646	116.455	115.5	109.0	90.1
6.6646	116.460	115.8	109.4	90.2
6.6646	116.465	116.3	109.9	90.8
6.6647	116.470	116.3	110.0	91.1
6.6647	116.475	116.2	110.0	91.0
6.6648	116.480	116.0	109.8	91.0
6.6648	116.485	115.6	109.3	90.3
6.6649	116.490	115.0	108.8	89.8
6.6650	116.495	114.4	108.0	89.5
6.6650	116.500	113.8	107.6	89.0
6.6650	116.505	113.5	107.3	88.9
6.6651	116.510	113.7	107.6	88.9
6.6651	116.515	114.1	108.0	89.3
6.6652	116.520	114.2	108.1	89.6
6.6653	116.525	114.6	108.8	89.7
6.6653	116.530	114.8	108.8	90.2
6.6654	116.535	114.2	108.1	89.7
6.6654	116.540	114.8	108.8	89.8
6.6654	116.545	115.4	109.2	90.3
6.6655	116.550	115.4	109.3	90.2
6.6655	116.555	115.4	109.2	90.3
6.6656	116.560	115.7	109.4	90.6
6.6657	116.565	115.9	109.9	90.9
6.6657	116.570	115.4	109.3	90.8
6.6658	116.575	115.2	109.0	90.8
6.6658	116.580	114.3	108.1	89.9
6.6658	116.585	114.6	108.3	89.6
6.6659	116.590	114.7	108.5	89.7
6.6660	116.595	115.3	109.1	90.2
6.6660	116.600	115.4	109.1	90.3
6.6661	116.605	115.3	109.0	90.2
6.6661	116.610	115.3	109.0	90.3
6.6662	116.615	115.7	109.4	90.7
6.6662	116.620	115.8	109.5	90.7
6.6662	116.625	115.9	109.7	90.6
6.6663	116.630	115.9	109.4	90.6
6.6663	116.635	115.9	109.7	90.5
6.6664	116.640	116.0	109.6	90.7
6.6665	116.645	115.7	109.5	90.6
6.6665	116.650	115.4	109.2	90.3
6.6665	116.655	115.3	109.0	90.2
6.6666	116.660	115.4	109.3	90.2
6.6666	116.665	115.9	109.4	90.6
6.6667	116.670	116.2	109.8	90.8
6.6668	116.675	116.2	109.8	90.9
6.6668	116.680	115.7	109.6	90.5
6.6669	116.685	115.5	109.5	90.4
6.6669	116.690	115.3	109.2	90.5
6.6669	116.695	115.2	109.1	90.4
6.6670	116.700	115.5	109.4	90.5
6.6670	116.705	115.8	109.8	90.9
6.6671	116.710	116.1	110.2	91.2
6.6672	116.715	116.6	110.5	91.7
6.6672	116.720	116.7	110.5	91.9
6.6673	116.725	116.5	110.2	91.6
6.6673	116.730	115.9	109.8	91.4
6.6673	116.735	115.6	109.4	90.9
6.6674	116.740	115.6	109.6	90.7
6.6675	116.745	115.8	109.8	91.1
6.6675	116.750	115.8	109.6	91.2
6.6676	116.755	115.6	109.4	90.9
6.6676	116.760	115.0	108.6	90.1
6.6677	116.765	114.5	108.5	89.8
6.6677	116.770	114.8	108.8	89.9
6.6677	116.775	114.7	108.6	90.2
6.6678	116.780	114.8	108.8	90.4
6.6678	116.785	115.3	109.1	90.4
6.6679	116.790	116.0	109.8	91.1
6.6680	116.795	116.3	110.1	91.4
6.6680	116.800	116.3	110.0	91.6
6.6681	116.805	116.1	109.9	91.5
6.6681	116.810	116.3	110.1	91.5
6.6681	116.815	116.1	109.9	91.2
6.6682	116.820	116.3	109.9	91.0
6.6683	116.825	116.8	110.4	91.5
6.6683	116.830	116.6	110.3	91.7
6.6684	116.835	115.8	109.4	91.0
6.6684	116.840	115.4	108.9	90.4
6.6684	116.845	115.1	108.7	89.8
6.6685	116.850	115.3	108.9	89.8
6.6685	116.855	115.8	109.5	90.5
6.6686	116.860	115.5	109.1	90.4
6.6686	116.865	115.3	109.0	90.2
6.6687	116.870	115.3	109.1	90.4
6.6688	116.875	114.7	108.5	89.9
6.6688	116.880	114.5	108.2	89.7
6.6688	116.885	114.4	108.1	89.3
6.6689	116.890	114.7	108.3	89.5
6.6689	116.895	114.8	108.5	89.6
6.6690	116.900	115.0	108.6	89.8
6.6691	116.905	114.8	108.5	89.8
6.6691	116.910	115.2	108.9	90.0
6.6692	116.915	115.3	108.9	90.2
6.6692	116.920	115.1	108.8	90.2
6.6692	116.925	114.1	107.9	89.6
6.6693	116.930	113.5	107.4	89.3
6.6693	116.935	113.0	107.0	89.3
6.6694	116.940	112.9	107.0	88.9
6.6694	116.945	112.4	106.5	88.6
6.6695	116.950	112.7	106.6	88.8
6.6696	116.955	112.6	106.5	88.7
6.6696	116.960	113.0	107.0	88.6
6.6696	116.965	114.1	107.9	89.5
6.6697	116.970	113.9	107.7	89.4
6.6697	116.975	114.0	107.8	89.4
6.6698	116.980	114.3	108.0	89.7
6.6699	116.985	114.5	108.2	90.0
6.6699	116.990	114.8	108.3	89.9
6.6700	116.995	114.3	108.0	89.8
6.6700	117.000	114.4	107.9	89.5
6.6700	117.005	115.0	108.7	89.9
6.6701	117.010	115.1	108.9	90.3
6.6701	117.015	115.0	108.9	90.3
6.6702	117.020	114.5	108.4	90.3
6.6703	117.025	114.2	108.1	90.0
6.6703	117.030	114.2	108.2	89.9
6.6704	117.035	113.8	107.8	90.0
6.6704	117.040	113.3	107.2	89.5
6.6704	117.045	112.9	106.9	89.0
6.6705	117.050	112.6	106.6	89.0
6.6706	117.055	112.6	106.5	88.7
6.6706	117.060	112.7	106.5	88.5
6.6707	117.065	112.9	106.9	88.9
6.6707	117.070	113.4	107.3	89.5
6.6707	117.075	113.9	107.9	89.8
6.6708	117.080	114.4	108.3	90.1
6.6708	117.085	114.1	108.0	90.0
6.6709	117.090	113.9	108.0	89.6
6.6709	117.095	113.2	107.3	89.3
6.6710	117.100	112.6	106.7	88.7
6.6711	117.105	112.9	106.9	88.7
6.6711	117.110	112.9	106.9	88.8
6.6711	117.115	112.9	107.0	88.8
6.6712	117.120	113.0	107.0	88.7
6.6712	117.125	112.9	106.8	88.7
6.6713	117.130	112.7	106.7	88.4
6.6714	117.135	112.6	106.5	88.5
6.6714	117.140	112.6	106.5	88.6
6.6715	117.145	112.7	106.8	88.7
6.6715	117.150	112.8	107.0	88.7
6.6715	117.155	113.0	107.1	88.8
6.6716	117.160	113.1	107.0	88.8
6.6716	117.165	113.3	107.4	88.9
6.6717	117.170	113.5	107.4	89.2
6.6718	117.175	113.1	107.0	88.9
6.6718	117.180	113.0	106.9	88.6
6.6719	117.185	113.4	107.2	89.0
6.6719	117.190	113.3	107.2	88.9
6.6719	117.195	113.6	107.4	89.1
6.6720	117.200	113.7	107.7	89.2
6.6721	117.205	113.8	107.6	89.1
6.6721	117.210	113.6	107.4	89.2
6.6722	117.215	113.3	107.1	89.2
6.6722	117.220	112.9	107.1	89.2
6.6723	117.225	112.5	106.8	88.9
6.6723	117.230	111.8	106.1	88.6
6.6723	117.235	111.2	105.5	88.2
6.6724	117.240	111.7	106.0	88.2
6.6724	117.245	111.8	106.1	88.7
6.6725	117.250	111.4	105.7	88.4
6.6726	117.255	111.4	105.8	88.2
6.6726	117.260	111.5	105.9	88.3
6.6726	117.265	111.1	105.5	88.1
6.6727	117.270	110.8	105.2	87.7
6.6727	117.275	110.6	105.1	87.6
6.6728	117.280	110.3	104.9	87.5
6.6729	117.285	110.2	104.7	87.3
6.6729	117.290	110.6	105.5	87.7
6.6730	117.295	110.7	105.5	88.3
6.6730	117.300	110.5	105.2	88.2
6.6730	117.305	110.6	105.5	88.1
6.6731	117.310	111.1	105.7	88.3
6.6731	117.315	111.8	106.3	88.8
6.6732	117.320	111.8	106.3	88.8
6.6733	117.325	112.1	106.5	89.1
6.6733	117.330	112.2	106.7	89.0
6.6734	117.335	112.5	106.8	89.4
6.6734	117.340	112.3	106.7	89.3
6.6734	117.345	111.9	106.4	88.9
6.6735	117.350	111.9	106.7	88.9
6.6736	117.355	111.6	106.3	89.4
6.6736	117.360	110.9	105.6	88.7
6.6737	117.365	111.0	105.7	88.5
6.6737	117.370	111.3	106.1	88.9
6.6738	117.375	111.6	106.1	89.1
6.6738	117.380	111.2	105.9	88.8
6.6738	117.385	110.7	105.4	88.5
6.6739	117.390	110.2	105.2	88.3
6.6739	117.395	110.2	105.1	88.4
6.6740	117.400	109.9	104.9	88.3
6.6741	117.405	109.5	104.4	88.1
6.6741	117.410	109.7	104.5	87.9
6.6742	117.415	110.0	104.9	88.1
6.6742	117.420	110.2	105.0	88.3
6.6742	117.425	109.9	104.7	88.3
6.6743	117.430	110.2	105.1	88.2
6.6744	117.435	110.5	105.4	88.5
6.6744	117.440	110.7	105.5	88.6
6.6745	117.445	110.6	105.4	88.7
6.6745	117.450	110.6	105.4	88.6
6.6745	117.455	110.3	105.1	88.4
6.6746	117.460	110.2	105.2	88.3
6.6746	117.465	110.3	105.4	88.6
6.6747	117.470	110.1	105.1	88.6
6.6747	117.475	109.6	104.8	88.3
6.6748	117.480	109.1	104.4	88.0
6.6749	117.485	109.0	104.3	88.1
6.6749	117.490	108.5	103.7	87.6
6.6749	117.495	109.3	104.5	87.6
6.6750	117.500	110.3	105.2	88.3
6.6750	117.505	110.5	105.2	88.2
6.6751	117.510	110.6	105.2	88.2
6.6752	117.515	110.5	105.0	88.2
6.6752	117.520	110.2	105.0	88.1
6.6753	117.525	110.1	104.8	88.2
6.6753	117.530	109.5	104.5	87.9
6.6753	117.535	109.2	104.1	87.7
6.6754	117.540	108.4	103.3	87.3
6.6754	117.545	108.0	102.9	86.6
6.6755	117.550	108.6	103.8	87.3
6.6756	117.555	109.0	104.0	87.6
6.6756	117.560	108.8	103.7	87.4
6.6757	117.565	109.1	104.0	87.5
6.6757	117.570	109.0	104.0	87.5
6.6757	117.575	109.4	104.1	87.2
6.6758	117.580	109.5	104.5	87.5
6.6758	117.585	109.3	104.2	87.3
6.6759	117.590	109.7	104.2	87.0
6.6760	117.595	109.7	104.3	87.3
6.6760	117.600	110.4	105.2	87.8
6.6761	117.605	111.1	105.6	88.3
6.6761	117.610	111.4	105.9	88.5
6.6761	117.615	111.9	106.3	88.8
6.6762	117.620	112.3	106.5	88.8
6.6762	117.625	112.3	106.5	88.7
6.6763	117.630	112.4	106.7	88.8
6.6764	117.635	112.5	106.7	88.8
6.6764	117.640	112.5	106.8	88.9
6.6764	117.645	112.5	106.7	88.9
6.6765	117.650	112.0	106.1	88.4
6.6765	117.655	111.7	105.8	88.2
6.6766	117.660	111.9	106.1	88.5
6.6767	117.665	112.0	106.2	88.6
6.6767	117.670	112.2	106.4	88.7
6.6768	117.675	112.1	106.5	88.9
6.6768	117.680	112.0	106.4	88.8
6.6768	117.685	111.8	106.0	88.6
6.6769	117.690	111.3	105.6	88.4
6.6769	117.695	111.0	105.4	88.0
6.6770	117.700	111.2	105.4	87.8
6.6770	117.705	111.1	105.2	87.7
6.6771	117.710	111.5	105.7	87.5
6.6772	117.715	112.0	106.3	88.4
6.6772	117.720	112.1	106.3	88.6
6.6772	117.725	111.8	105.9	88.2
6.6773	117.730	112.2	106.4	88.2
6.6773	117.735	112.4	106.6	88.5
6.6774	117.740	112.7	106.7	88.7
6.6775	117.745	112.8	106.9	88.8
6.6775	117.750	113.2	107.3	89.1
6.6776	117.755	113.2	107.3	89.2
6.6776	117.760	113.3	107.4	89.4
6.6776	117.765	113.5	107.5	89.3
6.6777	117.770	113.4	107.6	89.4
6.6777	117.775	113.6	107.5	89.5
6.6778	117.780	114.2	108.3	90.0
6.6779	117.785	114.6	108.7	90.2
6.6779	117.790	114.7	108.7	90.6
6.6780	117.795	114.6	108.6	90.2
6.6780	117.800	114.5	108.4	90.2
6.6780	117.805	114.6	108.5	90.3
6.6781	117.810	114.6	108.7	90.4
6.6782	117.815	114.9	108.9	90.6
6.6782	117.820	115.4	109.5	91.1
6.6783	117.825	116.0	110.1	92.0
6.6783	117.830	115.8	109.8	91.8
6.6784	117.835	115.6	109.5	91.3
6.6784	117.840	114.8	108.8	90.7
6.6784	117.845	114.2	108.2	90.0
6.6785	117.850	114.2	108.4	90.1
6.6785	117.855	114.2	108.3	90.3
6.6786	117.860	114.0	108.1	90.3
6.6787	117.865	114.1	108.3	90.1
6.6787	117.870	114.4	108.6	90.5
6.6787	117.875	114.3	108.5	90.5
6.6788	117.880	113.8	108.0	90.1
6.6788	117.885	113.2	107.4	89.6
6.6789	117.890	113.2	107.3	89.4
6.6790	117.895	113.4	107.3	89.3
6.6790	117.900	113.3	107.3	88.9
6.6791	117.905	113.8	107.6	89.1
6.6791	117.910	113.8	107.6	89.2
6.6791	117.915	114.2	108.1	89.5
6.6792	117.920	114.2	108.1	89.7
6.6792	117.925	114.2	108.1	89.4
6.6793	117.930	114.2	108.1	89.5
6.6794	117.935	113.9	107.9	89.5
6.6794	117.940	113.3	107.1	88.9
6.6795	117.945	113.8	107.7	88.9
6.6795	117.950	114.8	108.7	89.5
6.6795	117.955	115.2	109.1	90.4
6.6796	117.960	115.5	109.4	90.4
6.6797	117.965	115.8	109.7	90.9
6.6797	117.970	115.9	109.7	91.0
6.6798	117.975	115.3	109.1	90.7
6.6798	117.980	115.0	108.8	90.3
6.6799	117.985	114.5	108.4	90.0
6.6799	117.990	114.4	108.3	89.6
6.6799	117.995	114.3	108.2	89.6
6.6800	118.000	114.2	108.3	89.8
6.6800	118.005	114.3	108.1	89.7
6.6801	118.010	114.6	108.4	89.6
6.6802	118.015	115.1	108.8	90.0
6.6802	118.020	115.2	108.9	90.1
6.6803	118.025	115.3	109.1	90.1
6.6803	118.030	115.5	109.3	90.4
6.6803	118.035	115.5	109.2	90.5
6.6804	118.040	115.2	109.0	90.4
6.6805	118.045	115.0	108.8	90.0
6.6805	118.050	114.8	108.7	90.0
6.6806	118.055	114.5	108.3	89.9
6.6806	118.060	114.2	108.0	89.4
6.6806	118.065	114.1	108.0	89.4
6.6807	118.070	114.0	107.9	89.5
6.6807	118.075	113.7	107.6	89.3
6.6808	118.080	113.3	107.5	89.4
6.6808	118.085	113.1	107.2	89.3
6.6809	118.090	112.9	107.1	88.8
6.6810	118.095	113.3	107.5	89.1
6.6810	118.100	113.6	107.8	89.5
6.6810	118.105	113.6	107.6	89.6
6.6811	118.110	113.5	107.8	89.4
6.6811	118.115	112.7	107.0	89.3
6.6812	118.120	112.6	107.2	89.1
6.6813	118.125	112.6	107.2	89.6
6.6813	118.130	112.4	106.9	89.4
6.6814	118.135	113.0	107.5	89.7
6.6814	118.140	113.9	108.3	90.3
6.6814	118.145	114.3	108.6	90.7
6.6815	118.150	113.9	108.1	90.3
6.6815	118.155	113.5	107.7	90.1
6.6816	118.160	113.2	107.5	89.7
6.6817	118.165	113.7	107.9	89.8
6.6817	118.170	114.1	108.2	89.9
6.6818	118.175	113.9	108.1	89.8
6.6818	118.180	113.6	107.6	89.5
6.6818	118.185	113.5	107.6	89.2
6.6819	118.190	113.6	107.8	89.3
6.6819	118.195	113.2	107.5	89.1
6.6820	118.200	113.3	107.5	89.1
6.6821	118.205	113.4	107.4	89.1
6.6821	118.210	113.7	107.7	89.1
6.6822	118.215	113.9	108.0	89.2
6.6822	118.220	114.4	108.3	89.5
6.6822	118.225	114.6	108.4	89.5
6.6823	118.230	114.8	108.5	89.6
6.6823	118.235	114.9	108.7	89.8
6.6824	118.240	114.8	108.5	89.9
6.6825	118.245	114.9	108.5	89.7
6.6825	118.250	115.3	109.0	89.7
6.6825	118.255	115.6	109.1	89.9
6.6826	118.260	115.3	108.8	90.2
6.6826	118.265	114.8	108.5	89.5
6.6827	118.270	115.0	108.7	89.8
6.6828	118.275	115.2	108.8	90.0
6.6828	118.280	115.0	108.6	89.8
6.6829	118.285	114.6	108.1	89.5
6.6829	118.290	114.6	108.2	89.2
6.6829	118.295	114.8	108.4	89.5
6.6830	118.300	114.8	108.5	89.4
6.6830	118.305	114.3	108.0	89.2
6.6831	118.310	114.4	108.0	89.4
6.6831	118.315	114.7	108.3	89.6
6.6832	118.320	114.6	108.4	89.6
6.6833	118.325	113.9	107.9	89.6
6.6833	118.330	113.5	107.5	89.1
6.6833	118.335	113.1	107.2	89.2
6.6834	118.340	112.3	106.6	88.8
6.6834	118.345	112.1	106.5	88.7
6.6835	118.350	111.6	106.1	88.5
6.6836	118.355	111.7	106.1	88.4
6.6836	118.360	111.4	105.8	88.0
6.6837	118.365	111.2	105.6	87.9
6.6837	118.370	111.4	105.8	87.7
6.6837	118.375	111.6	105.9	88.3
6.6838	118.380	111.4	105.8	88.0
6.6838	118.385	111.9	106.5	88.2
6.6839	118.390	112.8	107.2	89.0
6.6840	118.395	113.0	107.3	89.3
6.6840	118.400	112.4	106.8	88.9
6.6841	118.405	112.6	106.8	88.8
6.6841	118.410	112.6	106.9	89.2
6.6841	118.415	112.5	107.0	89.2
6.6842	118.420	112.4	106.9	89.2
6.6843	118.425	112.4	106.8	89.1
6.6843	118.430	112.6	107.1	89.1
6.6844	118.435	112.8	107.1	89.2
6.6844	118.440	112.7	107.1	89.4
6.6845	118.445	112.6	107.0	89.3
6.6845	118.450	112.5	107.0	89.1
6.6845	118.455	112.3	106.7	88.9
6.6846	118.460	112.4	106.7	88.8
6.6846	118.465	112.8	107.1	88.9
6.6847	118.470	113.1	107.3	89.3
6.6848	118.475	113.5	107.7	89.6
6.6848	118.480	113.8	108.0	90.2
6.6848	118.485	114.0	108.1	90.2
6.6849	118.490	113.6	107.6	89.9
6.6849	118.495	113.1	107.3	89.7
6.6850	118.500	113.0	107.4	89.4
6.6851	118.505	113.3	107.7	89.5
6.6851	118.510	113.8	107.9	89.7
6.6852	118.515	113.4	107.5	89.5
6.6852	118.520	113.4	107.4	89.5
6.6852	118.525	113.7	108.0	89.7
6.6853	118.530	114.1	108.2	90.3
6.6853	118.535	114.2	108.3	90.1
6.6854	118.540	114.7	108.7	90.3
6.6855	118.545	114.8	108.8	90.5
6.6855	118.550	114.5	108.3	90.0
6.6856	118.555	114.2	108.1	89.9
6.6856	118.560	114.2	108.2	89.9
6.6856	118.565	114.2	108.2	89.9
6.6857	118.570	114.1	108.1	90.1
6.6858	118.575	114.1	108.0	89.9
6.6858	118.580	113.9	107.8	89.8
6.6859	118.585	113.8	107.7	89.5
6.6859	118.590	113.7	107.6	89.5
6.6860	118.595	113.7	107.7	89.4
6.6860	118.600	113.8	107.9	89.6
6.6860	118.605	113.7	107.8	89.6
6.6861	118.610	113.8	107.7	89.6
6.6861	118.615	113.7	107.5	89.3
6.6862	118.620	113.8	107.8	89.3
6.6863	118.625	113.6	107.5	89.1
6.6863	118.630	113.8	107.7	89.1
6.6864	118.635	114.0	107.9	89.3
6.6864	118.640	113.8	107.7	89.5
6.6864	118.645	113.9	108.0	89.8
6.6865	118.650	114.0	108.0	89.9
6.6866	118.655	113.8	107.7	89.8
6.6866	118.660	113.7	107.7	89.5
6.6867	118.665	113.4	107.6	89.3
6.6867	118.670	113.6	107.8	89.3
6.6867	118.675	113.5	107.8	89.6
6.6868	118.680	112.9	107.0	89.2
6.6868	118.685	112.4	106.6	89.0
6.6869	118.690	111.8	106.1	88.4
6.6869	118.695	112.1	106.3	88.4
6.6870	118.700	112.9	107.0	88.6
6.6871	118.705	113.4	107.3	88.7
6.6871	118.710	113.8	107.7	88.8
6.6871	118.715	114.2	107.9	89.2
6.6872	118.720	114.1	107.9	89.4
6.6872	118.725	114.0	107.7	89.0
6.6873	118.730	114.0	107.6	89.0
6.6874	118.735	114.4	108.0	89.2
6.6874	118.740	114.3	108.0	89.4
6.6875	118.745	114.4	108.1	89.5
6.6875	118.750	114.4	108.1	89.3
6.6875	118.755	114.7	108.4	89.6
6.6876	118.760	115.0	108.6	89.9
6.6876	118.765	115.0	108.5	89.9
6.6877	118.770	115.0	108.5	89.8
6.6878	118.775	115.1	108.6	89.8
6.6878	118.780	114.9	108.5	89.9
6.6879	118.785	115.2	108.7	89.8
6.6879	118.790	114.8	108.3	89.8
6.6879	118.795	114.1	107.7	89.1
6.6880	118.800	114.1	107.8	89.0
6.6881	118.805	114.2	107.8	89.3
6.6881	118.810	114.3	108.1	89.1
6.6882	118.815	114.4	107.9	89.6
6.6882	118.820	113.9	107.5	89.0
6.6883	118.825	113.3	106.9	88.6
6.6883	118.830	113.0	106.6	88.0
6.6883	118.835	113.2	106.7	88.0
6.6884	118.840	113.1	106.7	88.0
6.6884	118.845	112.6	106.2	87.7
6.6885	118.850	112.6	106.2	87.7
6.6886	118.855	112.9	106.7	88.1
6.6886	118.860	112.9	106.7	88.1
6.6886	118.865	113.3	106.9	88.1
6.6887	118.870	114.0	107.7	88.5
6.6887	118.875	114.3	107.7	89.1
6.6888	118.880	113.8	107.2	88.6
6.6889	118.885	113.6	107.1	88.2
6.6889	118.890	113.7	107.2	88.3
6.6890	118.895	114.1	107.8	88.8
6.6890	118.900	114.6	108.5	89.8
6.6890	118.905	115.0	108.7	90.0
6.6891	118.910	114.8	108.6	90.2
6.6891	118.915	114.6	108.3	90.1
6.6892	118.920	114.2	107.8	89.4
6.6892	118.925	114.1	107.7	89.0
6.6893	118.930	114.6	108.3	89.3
6.6894	118.935	115.3	108.8	89.8
6.6894	118.940	115.5	109.1	90.2
6.6894	118.945	115.7	109.3	90.5
6.6895	118.950	115.8	109.3	90.5
6.6895	118.955	115.9	109.4	90.8
6.6896	118.960	115.6	109.3	90.6
6.6897	118.965	115.4	109.0	90.4
6.6897	118.970	115.8	109.5	90.7
6.6898	118.975	115.9	109.5	90.8
6.6898	118.980	115.9	109.6	90.8
6.6898	118.985	116.1	109.6	90.8
6.6899	118.990	115.9	109.6	90.8
6.6899	118.995	115.8	109.4	90.8
6.6900	119.000	115.5	109.0	90.3
6.6901	119.005	115.7	109.2	90.3
6.6901	119.010	115.7	109.3	90.5
6.6902	119.015	115.2	108.7	90.1
6.6902	119.020	115.0	108.7	89.9
6.6902	119.025	115.1	108.8	90.2
6.6903	119.030	115.1	108.8	90.2
6.6904	119.035	115.1	108.9	90.4
6.6904	119.040	115.5	109.3	90.8
6.6905	119.045	115.3	109.0	90.9
6.6905	119.050	114.6	108.2	89.7
6.6905	119.055	114.7	108.4	89.6
6.6906	119.060	114.8	108.6	89.8
6.6906	119.065	115.2	109.0	90.0
6.6907	119.070	115.7	109.4	90.4
6.6907	119.075	115.5	109.3	90.3
6.6908	119.080	115.2	109.0	90.2
6.6909	119.085	114.9	109.0	90.5
6.6909	119.090	114.4	108.3	90.5
6.6909	119.095	113.5	107.5	89.8
6.6910	119.100	112.0	106.2	88.6
6.6910	119.105	111.5	105.7	87.9
6.6911	119.110	111.4	105.7	88.1
6.6912	119.115	111.0	105.2	88.1
6.6912	119.120	110.5	104.7	87.2
6.6913	119.125	110.7	105.0	87.1
6.6913	119.130	111.1	105.4	87.5
6.6913	119.135	111.6	105.8	87.7
6.6914	119.140	112.4	106.5	88.5
6.6914	119.145	112.5	106.4	88.4
6.6915	119.150	113.0	106.9	88.7
6.6916	119.155	114.0	107.8	89.5
6.6916	119.160	113.9	107.7	89.6
6.6917	119.165	113.6	107.3	88.8
6.6917	119.170	113.8	107.6	89.0
6.6917	119.175	114.3	107.9	89.3
6.6918	119.180	114.1	107.6	89.1
6.6919	119.185	114.0	107.5	89.0
6.6919	119.190	113.7	107.2	88.8
6.6920	119.195	113.4	106.8	88.4
6.6920	119.200	113.6	107.2	88.3
6.6921	119.205	114.3	108.2	89.1
6.6921	119.210	115.3	109.0	90.2
6.6921	119.215	115.3	109.0	90.4
6.6922	119.220	115.8	109.6	90.8
6.6922	119.225	115.8	109.5	91.0
6.6923	119.230	116.0	109.8	91.0
6.6924	119.235	116.3	110.1	91.3
6.6924	119.240	116.6	110.1	91.5
6.6925	119.245	116.6	110.2	91.4
6.6925	119.250	116.7	110.0	91.3
6.6925	119.255	115.9	109.4	90.7
6.6926	119.260	116.1	109.6	90.7
6.6927	119.265	116.1	109.6	90.6
6.6927	119.270	116.2	109.7	90.7
6.6928	119.275	116.0	109.4	90.7
6.6928	119.280	115.5	109.1	90.5
6.6928	119.285	115.7	109.2	90.2
6.6929	119.290	115.9	109.5	90.4
6.6929	119.295	115.9	109.5	90.5
6.6930	119.300	115.8	109.3	90.3
6.6931	119.305	116.2	109.8	90.6
6.6931	119.310	116.6	110.1	91.0
6.6932	119.315	116.6	110.2	91.4
6.6932	119.320	116.4	110.0	91.5
6.6932	119.325	116.1	109.8	91.5
6.6933	119.330	116.0	109.9	91.5
6.6933	119.335	115.5	109.4	91.3
6.6934	119.340	114.9	108.8	90.7
6.6935	119.345	114.7	108.8	90.5
6.6935	119.350	114.8	108.9	90.8
6.6936	119.355	115.0	109.1	90.8
6.6936	119.360	115.1	109.1	90.8
6.6936	119.365	115.1	109.0	90.7
6.6937	119.370	114.9	108.8	90.2
6.6937	119.375	115.2	109.1	90.3
6.6938	119.380	115.8	109.7	91.0
6.6939	119.385	116.2	110.0	91.3
6.6939	119.390	116.6	110.4	91.6
6.6940	119.395	116.0	109.8	91.4
6.6940	119.400	115.7	109.4	91.0
6.6940	119.405	115.5	109.4	91.1
6.6941	119.410	115.2	109.0	90.7
6.6942	119.415	115.4	109.3	90.3
6.6942	119.420	115.0	109.0	90.5
6.6943	119.425	114.2	108.3	89.8
6.6943	119.430	113.5	107.7	89.4
6.6944	119.435	112.6	106.9	89.2
6.6944	119.440	111.7	106.1	88.6
6.6944	119.445	111.1	105.6	87.9
6.6945	119.450	111.6	105.8	87.9
6.6945	119.455	112.8	107.2	89.0
6.6946	119.460	113.2	107.4	89.3
6.6947	119.465	114.5	108.5	90.2
6.6947	119.470	115.3	109.2	90.9
6.6947	119.475	115.1	108.9	90.6
6.6948	119.480	114.6	108.6	90.4
6.6948	119.485	115.2	109.0	90.5
6.6949	119.490	115.9	109.8	91.3
6.6950	119.495	116.3	110.3	91.6
6.6950	119.500	116.3	110.0	91.4
6.6951	119.505	116.0	109.6	90.7
6.6951	119.510	115.8	109.5	90.6
6.6951	119.515	115.7	109.5	90.5
6.6952	119.520	115.7	109.3	90.5
6.6952	119.525	115.8	109.7	90.8
6.6953	119.530	115.5	109.4	90.5
6.6953	119.535	115.0	108.7	90.1
6.6954	119.540	114.4	108.0	89.5
6.6955	119.545	113.8	107.7	88.9
6.6955	119.550	114.5	108.2	88.9
6.6955	119.555	114.9	108.7	89.7
6.6956	119.560	114.6	108.2	89.8
6.6956	119.565	113.5	107.5	89.1
6.6957	119.570	112.9	107.0	88.9
6.6958	119.575	112.7	106.7	88.3
6.6958	119.580	112.6	106.6	87.8
6.6959	119.585	112.8	106.9	87.9
6.6959	119.590	113.2	107.1	88.3
6.6959	119.595	113.2	107.1	88.4
6.6960	119.600	113.8	107.6	88.3
6.6960	119.605	114.5	108.2	89.0
6.6961	119.610	114.8	108.6	89.4
6.6962	119.615	115.0	108.8	89.7
6.6962	119.620	115.2	108.8	89.7
6.6963	119.625	115.1	108.9	89.7
6.6963	119.630	115.3	108.9	90.0
6.6963	119.635	115.5	109.1	89.9
6.6964	119.640	116.2	109.9	90.5
6.6965	119.645	116.5	110.1	90.9
6.6965	119.650	116.5	110.3	91.3
6.6966	119.655	116.0	109.8	91.0
6.6966	119.660	115.6	109.4	90.4
6.6966	119.665	115.6	109.3	90.2
6.6967	119.670	115.6	109.2	90.1
6.6967	119.675	115.5	109.4	90.3
6.6968	119.680	115.8	109.6	90.5
6.6968	119.685	116.0	109.9	90.8
6.6969	119.690	115.9	109.6	90.7
6.6970	119.695	116.1	109.8	90.9
6.6970	119.700	116.0	109.8	91.0
6.6970	119.705	115.7	109.5	90.8
6.6971	119.710	115.6	109.2	90.4
6.6971	119.715	115.3	108.9	90.2
6.6972	119.720	115.2	108.8	90.1
6.6973	119.725	115.3	109.1	90.3
6.6973	119.730	115.4	109.0	90.4
6.6974	119.735	115.1	108.6	90.1
6.6974	119.740	114.5	108.2	89.9
6.6974	119.745	113.9	107.6	89.4
6.6975	119.750	113.8	107.6	89.2
6.6975	119.755	113.8	107.5	89.2
6.6976	119.760	113.8	107.4	88.9
6.6977	119.765	113.9	107.7	88.9
6.6977	119.770	114.1	107.8	89.1
6.6978	119.775	114.0	107.8	89.2
6.6978	119.780	113.5	107.4	88.9
6.6978	119.785	113.2	107.2	88.9
6.6979	119.790	112.8	106.6	88.3
6.6980	119.795	112.6	106.4	88.0
6.6980	119.800	112.8	106.5	88.0
6.6981	119.805	112.7	106.5	88.1
6.6981	119.810	112.4	106.2	88.0
6.6982	119.815	112.4	106.4	87.8
6.6982	119.820	112.8	106.7	88.1
6.6982	119.825	112.7	106.4	88.0
6.6983	119.830	112.8	106.5	88.0
6.6983	119.835	112.5	106.2	88.0
6.6984	119.840	112.1	105.8	87.6
6.6985	119.845	112.5	106.2	87.6
6.6985	119.850	112.8	106.7	88.0
6.6986	119.855	112.8	106.5	88.3
6.6986	119.860	112.6	106.3	88.2
6.6986	119.865	112.4	106.2	88.0
6.6987	119.870	112.3	106.1	87.9
6.6988	119.875	112.4	106.0	87.8
6.6988	119.880	112.2	105.8	87.7
6.6989	119.885	112.4	106.1	87.6
6.6989	119.890	112.8	106.4	88.0
6.6989	119.895	112.6	106.3	88.0
6.6990	119.900	112.6	106.2	87.9
6.6990	119.905	112.8	106.4	88.0
6.6991	119.910	113.0	106.7	88.3
6.6992	119.915	113.0	106.7	88.2
6.6992	119.920	113.1	106.8	88.2
6.6993	119.925	112.7	106.4	88.0
6.6993	119.930	112.1	105.7	87.3
6.6993	119.935	112.2	105.8	87.1
6.6994	119.940	112.7	106.4	87.6
6.6994	119.945	113.1	106.7	88.3
6.6995	119.950	113.0	106.5	88.2
6.6996	119.955	113.1	106.7	88.1
6.6996	119.960	113.2	106.9	88.2
6.6997	119.965	113.0	106.7	88.2
6.6997	119.970	113.2	106.9	88.3
6.6997	119.975	113.3	106.9	88.4
6.6998	119.980	113.0	106.7	88.1
6.6998	119.985	113.2	107.2	88.3
6.6999	119.990	113.4	107.3	88.7
6.7000	119.995	113.1	107.0	88.6
6.7000	120.000	113.0	106.9	88.7
6.7001	120.005	112.5	106.4	88.6
6.7001	120.010	112.0	106.0	87.9
6.7001	120.015	112.2	106.2	88.0
6.7002	120.020	112.0	106.0	88.2
6.7003	120.025	112.0	106.0	88.1
6.7003	120.030	111.8	106.0	88.3
6.7004	120.035	111.5	105.7	88.1
6.7004	120.040	110.7	104.8	87.4
6.7005	120.045	110.4	104.5	86.9
6.7005	120.050	110.8	105.0	86.9
6.7005	120.055	111.4	105.4	87.4
6.7006	120.060	111.6	105.5	87.3
6.7006	120.065	112.0	105.9	87.6
6.7007	120.070	111.9	105.8	87.6
6.7008	120.075	111.5	105.2	87.0
6.7008	120.080	111.2	105.2	87.1
6.7008	120.085	111.1	105.0	86.7
6.7009	120.090	111.7	105.6	86.9
6.7009	120.095	112.7	106.4	88.0
6.7010	120.100	113.2	106.9	88.5
6.7011	120.105	113.5	107.3	88.9
6.7011	120.110	113.8	107.4	89.1
6.7012	120.115	113.7	107.4	89.0
6.7012	120.120	113.7	107.5	89.3
6.7012	120.125	113.5	107.4	89.3
6.7013	120.130	114.0	107.9	89.6
6.7013	120.135	113.9	107.6	89.7
6.7014	120.140	113.4	107.2	89.2
6.7014	120.145	113.0	107.0	88.8
6.7015	120.150	113.2	106.9	88.8
6.7016	120.155	113.1	106.7	88.5
6.7016	120.160	113.3	107.0	88.4
6.7016	120.165	113.4	107.1	88.6
6.7017	120.170	113.6	107.4	88.9
6.7017	120.175	113.6	107.5	89.2
6.7018	120.180	113.5	107.2	89.0
6.7019	120.185	113.5	107.4	89.0
6.7019	120.190	113.9	107.7	89.5
6.7020	120.195	113.6	107.6	89.2
6.7020	120.200	114.0	107.8	89.4
6.7020	120.205	113.9	107.7	89.6
6.7021	120.210	113.6	107.3	89.1
6.7021	120.215	113.0	106.9	88.8
6.7022	120.220	112.6	106.6	88.8
6.7023	120.225	112.5	106.7	88.5
6.7023	120.230	113.5	107.5	89.3
6.7024	120.235	114.0	107.9	89.6
6.7024	120.240	114.5	108.2	89.4
6.7024	120.245	114.8	108.6	89.9
6.7025	120.250	114.6	108.3	90.0
6.7026	120.255	114.3	108.1	89.6
6.7026	120.260	114.1	108.0	89.6
6.7027	120.265	114.2	108.0	89.7
6.7027	120.270	114.0	107.8	89.5
6.7027	120.275	113.5	107.2	89.0
6.7028	120.280	113.6	107.4	88.9
6.7028	120.285	113.3	106.8	88.9
6.7029	120.290	113.4	107.1	88.6
6.7029	120.295	113.5	107.0	88.7
6.7030	120.300	112.6	106.2	88.2
6.7031	120.305	112.0	105.7	87.1
6.7031	120.310	111.9	105.6	86.9
6.7031	120.315	112.0	105.7	87.2
6.7032	120.320	111.8	105.4	87.4
6.7032	120.325	111.7	105.4	87.0
6.7033	120.330	111.7	105.3	87.0
6.7034	120.335	111.4	105.1	86.8
6.7034	120.340	111.6	105.2	86.5
6.7035	120.345	112.0	105.6	86.8
6.7035	120.350	112.4	106.0	87.1
6.7035	120.355	112.5	106.0	87.6
6.7036	120.360	112.9	106.5	87.7
6.7036	120.365	113.4	107.0	88.3
6.7037	120.370	113.5	107.1	88.5
6.7038	120.375	113.3	106.9	88.2
6.7038	120.380	112.5	106.2	87.7
6.7039	120.385	111.7	105.5	87.3
6.7039	120.390	111.4	105.3	87.2
6.7039	120.395	111.0	105.0	86.9
6.7040	120.400	110.9	104.9	86.8
6.7041	120.405	110.9	104.9	86.9
6.7041	120.410	110.3	104.5	86.9
6.7042	120.415	109.3	103.5	86.2
6.7042	120.420	108.3	102.6	85.5
6.7043	120.425	107.9	102.3	84.8
6.7043	120.430	108.2	102.5	84.8
6.7043	120.435	109.0	103.1	85.1
6.7044	120.440	109.7	103.8	85.4
6.7044	120.445	110.2	104.1	85.8
6.7045	120.450	110.4	104.1	85.8
6.7046	120.455	110.9	104.7	86.0
6.7046	120.460	111.6	105.2	86.7
6.7046	120.465	112.0	105.7	87.3
6.7047	120.470	112.4	106.2	87.6
6.7047	120.475	112.8	106.6	88.1
6.7048	120.480	112.5	106.0	87.8
6.7049	120.485	112.0	105.6	87.4
6.7049	120.490	111.7	105.4	87.0
6.7050	120.495	111.7	105.4	87.1
6.7050	120.500	111.6	105.4	87.1
6.7050	120.505	111.6	105.3	87.2
6.7051	120.510	111.8	105.7	87.3
6.7051	120.515	112.1	106.0	87.7
6.7052	120.520	112.2	105.8	87.7
6.7053	120.525	111.9	105.6	87.4
6.7053	120.530	111.9	105.6	87.3
6.7054	120.535	111.9	105.7	87.0
6.7054	120.540	112.3	105.9	87.2
6.7054	120.545	112.1	105.7	87.3
6.7055	120.550	111.7	105.3	86.9
6.7056	120.555	111.5	105.2	86.8
6.7056	120.560	111.5	105.2	87.0
6.7057	120.565	111.1	104.8	86.7
6.7057	120.570	110.5	104.2	86.1
6.7058	120.575	110.7	104.3	85.8
6.7058	120.580	110.7	104.4	85.8
6.7058	120.585	110.3	103.8	85.8
6.7059	120.590	109.9	103.7	85.4
6.7059	120.595	109.6	103.2	85.4
6.7060	120.600	109.5	103.1	85.1
6.7061	120.605	109.1	102.9	84.9
6.7061	120.610	109.3	103.1	85.0
6.7062	120.615	108.7	102.4	84.5
6.7062	120.620	108.0	101.7	83.8
6.7062	120.625	107.7	101.4	83.7
6.7063	120.630	107.2	101.0	83.4
6.7064	120.635	107.1	100.9	83.3
6.7064	120.640	107.5	101.3	83.7
6.7065	120.645	107.9	101.7	83.8
6.7065	120.650	107.7	101.5	83.8
6.7066	120.655	107.3	101.0	83.5
6.7066	120.660	106.9	100.8	83.0
6.7066	120.665	106.8	100.6	82.8
6.7067	120.670	106.3	100.0	82.2
6.7067	120.675	105.4	99.0	81.3
6.7068	120.680	104.7	98.5	80.7
6.7069	120.685	104.6	98.6	80.7
6.7069	120.690	104.4	98.4	80.5
6.7069	120.695	104.5	98.3	80.5
6.7070	120.700	105.0	99.0	81.1
6.7070	120.705	105.4	99.3	81.5
6.7071	120.710	105.4	99.3	81.7
6.7072	120.715	105.8	99.6	81.7
6.7072	120.720	106.0	99.9	81.9
6.7073	120.725	105.6	99.3	81.9
6.7073	120.730	105.1	99.0	80.9
6.7073	120.735	104.9	98.9	80.8
6.7074	120.740	104.9	98.9	80.9
6.7074	120.745	104.8	98.7	80.8
6.7075	120.750	104.7	98.7	80.6
6.7075	120.755	105.0	99.1	80.9
6.7076	120.760	105.1	99.1	81.2
6.7077	120.765	105.3	99.3	81.4
6.7077	120.770	105.5	99.5	81.6
6.7077	120.775	105.4	99.3	81.4
6.7078	120.780	105.3	99.1	80.9
6.7078	120.785	105.4	99.2	80.8
6.7079	120.790	105.8	99.6	80.9
6.7080	120.795	106.4	100.1	81.4
6.7080	120.800	106.8	100.5	82.0
6.7081	120.805	106.8	100.5	82.2
6.7081	120.810	106.3	100.2	82.0
6.7081	120.815	105.5	99.1	81.2
6.7082	120.820	104.5	98.2	80.0
6.7082	120.825	104.8	98.5	79.6
6.7083	120.830	105.7	99.4	80.5
6.7084	120.835	106.4	100.4	81.5
6.7084	120.840	106.9	100.6	82.2
6.7085	120.845	106.9	100.4	82.1
6.7085	120.850	107.3	101.1	82.3
6.7085	120.855	107.5	101.2	82.9
6.7086	120.860	107.4	101.0	82.9
6.7087	120.865	107.0	100.9	82.8
6.7087	120.870	106.7	100.4	82.2
6.7088	120.875	107.0	100.9	82.5
6.7088	120.880	107.2	101.2	82.9
6.7088	120.885	107.2	101.0	82.9
6.7089	120.890	107.0	100.9	83.1
6.7089	120.895	107.0	100.9	82.8
6.7090	120.900	107.0	101.1	83.2
6.7090	120.905	106.7	100.7	82.9
6.7091	120.910	106.2	100.2	82.4
6.7092	120.915	106.2	100.3	82.5
6.7092	120.920	106.0	99.8	82.6
6.7092	120.925	105.1	98.9	81.8
6.7093	120.930	104.8	98.8	81.2
6.7093	120.935	104.7	98.7	81.2
6.7094	120.940	105.0	99.1	81.3
6.7095	120.945	105.9	100.1	82.3
6.7095	120.950	106.4	100.4	82.6
6.7096	120.955	106.6	100.6	82.7
6.7096	120.960	106.9	100.7	83.0
6.7096	120.965	106.7	100.6	82.9
6.7097	120.970	106.1	100.0	82.4
6.7097	120.975	106.7	100.5	82.6
6.7098	120.980	106.4	100.3	82.5
6.7099	120.985	106.3	100.1	82.2
6.7099	120.990	106.5	100.3	81.9
6.7100	120.995	106.9	100.8	82.5
6.7100	121.000	107.0	100.8	82.6
6.7100	121.005	106.8	100.6	82.4
6.7101	121.010	106.4	100.2	82.0
6.7102	121.015	106.4	100.3	82.1
6.7102	121.020	106.1	100.0	82.0
6.7103	121.025	105.6	99.5	81.5
6.7103	121.030	104.8	98.5	80.7
6.7104	121.035	104.0	97.8	79.9
6.7104	121.040	103.2	97.0	79.0
6.7104	121.045	102.4	96.1	78.2
6.7105	121.050	101.5	95.3	77.7
6.7105	121.055	101.3	95.2	77.4
6.7106	121.060	101.5	95.5	77.5
6.7107	121.065	101.7	95.7	77.4
6.7107	121.070	101.7	95.6	77.5
6.7107	121.075	101.2	95.0	77.1
6.7108	121.080	100.9	94.8	76.5
6.7108	121.085	100.5	94.2	76.0
6.7109	121.090	100.1	94.0	75.6
6.7110	121.095	99.9	93.8	75.5
6.7110	121.100	99.5	93.3	75.1
6.7111	121.105	98.9	92.9	75.1
6.7111	121.110	98.6	92.7	74.7
6.7111	121.115	99.0	93.1	75.2
6.7112	121.120	99.0	93.1	75.5
6.7112	121.125	98.7	92.9	75.7
6.7113	121.130	98.0	92.4	75.4
6.7114	121.135	97.2	91.5	74.8
6.7114	121.140	96.3	90.8	74.1
6.7115	121.145	95.8	90.1	73.5
6.7115	121.150	95.6	89.8	72.9
6.7115	121.155	96.7	91.0	73.5
6.7116	121.160	97.5	91.8	74.6
6.7117	121.165	97.8	92.1	74.8
6.7117	121.170	98.3	92.6	74.9
6.7118	121.175	98.8	92.9	75.5
6.7118	121.180	99.1	93.1	75.4
6.7119	121.185	99.8	93.8	75.9
6.7119	121.190	100.4	94.2	76.2
6.7119	121.195	100.6	94.8	76.7
6.7120	121.200	101.3	95.3	77.0
6.7120	121.205	102.4	96.3	78.1
6.7121	121.210	102.8	96.7	78.7
6.7122	121.215	103.5	97.5	79.4
6.7122	121.220	104.4	98.6	80.2
6.7123	121.225	105.0	99.1	80.8
6.7123	121.230	105.8	99.7	81.3
6.7123	121.235	105.9	100.0	81.8
6.7124	121.240	105.9	100.0	81.8
6.7125	121.245	105.4	99.5	81.5
6.7125	121.250	105.4	99.4	81.3
6.7126	121.255	105.1	99.2	81.4
6.7126	121.260	104.5	98.6	80.9
6.7127	121.265	103.3	97.3	80.0
6.7127	121.270	101.4	95.5	78.4
6.7127	121.275	100.0	94.3	77.1
6.7128	121.280	100.0	94.3	76.5
6.7128	121.285	100.7	94.9	76.8
6.7129	121.290	100.7	94.8	76.9
6.7130	121.295	100.2	94.3	76.7
6.7130	121.300	99.8	93.9	76.1
6.7130	121.305	99.4	93.4	75.8
6.7131	121.310	98.6	92.8	75.4
6.7131	121.315	97.2	91.5	74.3
6.7132	121.320	95.7	90.0	73.3
6.7133	121.325	94.9	89.3	72.5
6.7133	121.330	95.0	89.6	72.8
6.7134	121.335	95.2	89.8	73.1
6.7134	121.340	96.0	90.5	73.3
6.7134	121.345	97.1	91.5	74.0
6.7135	121.350	97.9	92.3	74.7
6.7135	121.355	98.7	93.1	75.5
6.7136	121.360	99.0	93.5	76.1
6.7136	121.365	98.9	93.3	75.8
6.7137	121.370	98.9	93.1	75.4
6.7138	121.375	99.2	93.6	75.7
6.7138	121.380	99.2	93.5	76.2
6.7138	121.385	98.7	92.8	75.8
6.7139	121.390	99.1	93.4	75.8
6.7139	121.395	99.7	93.9	76.2
6.7140	121.400	100.7	94.8	76.8
6.7141	121.405	101.1	95.5	78.1
6.7141	121.410	99.8	93.9	77.2
6.7142	121.415	99.0	93.2	76.2
6.7142	121.420	98.8	93.1	75.9
6.7142	121.425	99.2	93.7	76.3
6.7143	121.430	99.7	94.3	76.8
6.7143	121.435	100.0	94.5	77.2
6.7144	121.440	100.2	94.5	77.4
6.7145	121.445	100.3	94.5	77.2
6.7145	121.450	100.7	95.0	77.4
6.7146	121.455	101.8	96.0	78.4
6.7146	121.460	101.9	96.0	79.2
6.7146	121.465	101.8	96.3	79.4
6.7147	121.470	102.8	97.3	79.9
6.7148	121.475	105.3	99.8	81.8
6.7148	121.480	107.0	101.1	83.3
6.7149	121.485	107.1	101.3	83.9
6.7149	121.490	107.4	101.5	83.8
6.7149	121.495	107.5	101.7	84.4
6.7150	121.500	108.0	102.3	84.9
6.7150	121.505	108.4	102.6	85.5
6.7151	121.510	108.7	102.8	85.6
6.7151	121.515	109.3	103.3	86.2
6.7152	121.520	110.2	104.2	86.9
6.7153	121.525	110.6	104.6	87.5
6.7153	121.530	110.7	104.8	87.7
6.7153	121.535	110.7	104.8	87.7
6.7154	121.540	110.9	104.9	87.6
6.7154	121.545	111.4	105.4	87.9
6.7155	121.550	112.5	106.6	88.8
6.7156	121.555	113.6	107.5	89.8
6.7156	121.560	114.2	108.1	90.7
6.7157	121.565	113.6	107.4	90.4
6.7157	121.570	113.2	107.0	89.5
6.7157	121.575	113.2	107.0	89.5
6.7158	121.580	112.8	106.5	89.3
6.7158	121.585	111.6	105.5	88.1
6.7159	121.590	110.8	104.8	87.5
6.7160	121.595	110.2	104.0	87.1
6.7160	121.600	109.4	103.6	86.7
6.7161	121.605	109.3	103.4	86.6
6.7161	121.610	109.6	103.8	86.9
6.7161	121.615	109.9	104.2	87.6
6.7162	121.620	110.1	104.4	88.0
6.7163	121.625	110.6	104.8	88.3
6.7163	121.630	111.1	105.4	88.6
6.7164	121.635	111.9	106.1	88.9
6.7164	121.640	112.7	106.9	89.8
6.7165	121.645	113.0	107.1	90.0
6.7165	121.650	113.4	107.5	89.9
6.7165	121.655	114.4	108.3	90.4
6.7166	121.660	114.7	108.5	90.8
6.7166	121.665	114.6	108.4	90.8
6.7167	121.670	114.9	108.8	90.7
6.7168	121.675	115.5	109.3	91.2
6.7168	121.680	115.7	109.4	91.5
6.7168	121.685	115.6	109.4	91.1
6.7169	121.690	115.5	109.2	91.1
6.7169	121.695	115.0	108.7	90.6
6.7170	121.700	114.4	107.9	90.1
6.7171	121.705	113.6	107.2	89.1
6.7171	121.710	113.9	107.5	89.2
6.7172	121.715	114.0	107.7	89.3
6.7172	121.720	113.5	107.2	89.1
6.7172	121.725	113.1	106.9	88.7
6.7173	121.730	112.4	105.9	88.0
6.7173	121.735	112.1	105.7	87.3
6.7174	121.740	112.2	106.0	87.5
6.7175	121.745	112.7	106.6	88.3
6.7175	121.750	113.1	106.7	88.5
6.7176	121.755	112.9	106.5	88.5
6.7176	121.760	113.3	106.8	88.5
6.7176	121.765	113.6	107.3	88.8
6.7177	121.770	113.5	107.3	89.1
6.7178	121.775	113.4	107.1	88.9
6.7178	121.780	113.2	107.0	88.8
6.7179	121.785	112.7	106.6	88.5
6.7179	121.790	112.3	106.0	87.8
6.7180	121.795	112.4	106.1	87.8
6.7180	121.800	112.4	106.1	88.0
6.7180	121.805	111.6	105.2	87.2
6.7181	121.810	111.4	105.0	86.7
6.7181	121.815	111.7	105.2	86.7
6.7182	121.820	113.7	107.6	88.7
6.7183	121.825	114.4	108.3	90.8
6.7183	121.830	112.8	106.4	89.3
6.7184	121.835	112.9	106.8	88.6
6.7184	121.840	114.3	108.2	90.3
6.7184	121.845	115.1	109.0	91.4
6.7185	121.850	114.9	108.8	91.7
6.7186	121.855	114.5	108.4	91.3
6.7186	121.860	113.6	107.4	90.3
6.7187	121.865	112.8	106.6	89.3
6.7187	121.870	112.3	105.9	88.5
6.7187	121.875	111.1	104.7	87.2
6.7188	121.880	110.3	103.7	86.1
6.7188	121.885	111.2	104.9	86.5
6.7189	121.890	111.5	105.2	87.3
6.7189	121.895	111.3	105.0	86.9
6.7190	121.900	111.1	104.8	86.8
6.7191	121.905	111.3	105.0	86.9
6.7191	121.910	111.5	105.4	87.4
6.7191	121.915	111.9	105.6	88.0
6.7192	121.920	111.5	105.2	87.5
6.7192	121.925	111.1	104.7	86.9
6.7193	121.930	111.5	105.3	87.1
6.7194	121.935	111.9	105.6	87.9
6.7194	121.940	111.6	105.4	87.5
6.7195	121.945	110.9	104.7	87.2
6.7195	121.950	110.9	104.7	86.6
6.7195	121.955	110.9	104.5	86.7
6.7196	121.960	110.9	104.4	86.6
6.7196	121.965	110.7	104.3	86.9
6.7197	121.970	110.5	104.0	86.3
6.7197	121.975	110.5	104.2	86.4
6.7198	121.980	110.4	104.0	86.2
6.7199	121.985	110.3	104.0	85.9
6.7199	121.990	110.1	103.6	85.7
6.7199	121.995	109.5	103.1	85.2
6.7200	122.000	109.4	103.0	84.9
6.7200	122.005	109.9	103.5	85.2
6.7201	122.010	110.5	104.1	86.0
6.7202	122.015	110.7	104.5	86.4
6.7202	122.020	110.8	104.6	86.8
6.7203	122.025	110.5	104.2	86.5
6.7203	122.030	110.7	104.5	86.4
6.7203	122.035	110.7	104.4	86.4
6.7204	122.040	110.8	104.5	86.6
6.7204	122.045	111.1	104.9	86.9
6.7205	122.050	111.2	104.9	87.1
6.7206	122.055	111.2	105.0	87.1
6.7206	122.060	111.3	105.2	87.3
6.7207	122.065	111.1	104.9	87.1
6.7207	122.070	111.2	105.0	87.2
6.7207	122.075	111.1	105.1	87.1
6.7208	122.080	111.2	105.0	87.1
6.7209	122.085	111.5	105.4	87.7
6.7209	122.090	111.6	105.6	87.7
6.7210	122.095	111.8	105.6	87.8
6.7210	122.100	112.2	105.9	87.8
6.7210	122.105	112.2	106.0	88.1
6.7211	122.110	111.8	105.7	87.6
6.7211	122.115	111.8	105.7	87.6
6.7212	122.120	111.7	105.4	87.5
6.7212	122.125	111.3	104.9	87.1
6.7213	122.130	111.0	104.6	86.7
6.7214	122.135	111.2	104.9	86.9
6.7214	122.140	110.5	104.1	86.4
6.7214	122.145	110.3	103.9	85.9
6.7215	122.150	110.3	103.8	85.8
6.7215	122.155	109.8	103.3	85.6
6.7216	122.160	109.1	102.7	84.8
6.7217	122.165	108.8	102.4	84.6
6.7217	122.170	108.8	102.5	84.5
6.7218	122.175	108.8	102.8	85.0
6.7218	122.180	108.0	102.0	84.9
6.7218	122.185	107.3	101.5	84.4
6.7219	122.190	106.7	101.0	84.1
6.7219	122.195	106.2	100.5	84.1
6.7220	122.200	105.9	100.2	83.9
6.7221	122.205	105.8	100.1	84.0
6.7221	122.210	106.0	100.2	83.8
6.7222	122.215	106.5	100.7	84.2
6.7222	122.220	107.6	101.8	84.5
6.7222	122.225	109.2	103.1	85.6
6.7223	122.230	110.3	104.2	86.4
6.7224	122.235	111.2	104.9	87.2
6.7224	122.240	111.1	104.7	87.1
6.7225	122.245	110.0	103.7	86.4
6.7225	122.250	109.3	102.8	85.4
6.7226	122.255	109.3	102.7	84.9
6.7226	122.260	110.1	103.5	85.6
6.7226	122.265	110.1	103.8	86.0
6.7227	122.270	110.2	103.7	85.9
6.7227	122.275	109.9	103.7	85.9
6.7228	122.280	110.0	103.7	85.9
6.7229	122.285	110.0	103.7	85.9
6.7229	122.290	110.6	104.4	86.1
6.7229	122.295	111.3	105.2	87.2
6.7230	122.300	110.7	104.4	87.1
6.7230	122.305	110.5	104.4	86.7
6.7231	122.310	110.3	104.1	86.8
6.7232	122.315	109.9	103.9	86.5
6.7232	122.320	110.0	103.8	86.5
6.7233	122.325	110.3	104.3	86.5
6.7233	122.330	110.8	104.6	86.9
6.7233	122.335	111.2	105.0	87.1
6.7234	122.340	111.0	104.7	86.9
6.7234	122.345	110.6	104.3	86.2
6.7235	122.350	110.4	104.1	86.1
6.7236	122.355	110.3	104.1	86.2
6.7236	122.360	109.8	103.5	85.7
6.7237	122.365	109.3	103.0	85.3
6.7237	122.370	109.1	102.8	85.1
6.7237	122.375	108.6	102.4	84.8
6.7238	122.380	108.8	102.6	84.7
6.7239	122.385	109.2	102.9	85.0
6.7239	122.390	109.4	103.2	85.1
6.7240	122.395	109.7	103.5	85.3
6.7240	122.400	109.9	103.6	85.7
6.7241	122.405	110.0	103.8	85.8
6.7241	122.410	110.1	103.9	86.0
6.7241	122.415	109.8	103.6	85.8
6.7242	122.420	109.7	103.5	85.5
6.7242	122.425	109.8	103.5	85.5
6.7243	122.430	109.6	103.4	85.4
6.7244	122.435	109.5	103.3	85.3
6.7244	122.440	109.6	103.4	85.4
6.7245	122.445	109.8	103.7	85.6
6.7245	122.450	110.3	104.3	86.0
6.7245	122.455	110.6	104.5	86.3
6.7246	122.460	110.9	104.9	86.8
6.7247	122.465	110.9	104.8	87.1
6.7247	122.470	109.9	103.7	86.3
6.7248	122.475	109.3	103.0	85.3
6.7248	122.480	109.2	103.1	85.3
6.7248	122.485	108.7	102.4	85.1
6.7249	122.490	108.1	101.8	84.2
6.7249	122.495	108.4	102.2	84.5
6.7250	122.500	109.0	102.6	84.9
6.7250	122.505	109.6	103.1	85.3
6.7251	122.510	109.8	103.3	85.5
6.7252	122.515	109.8	103.6	85.8
6.7252	122.520	109.4	103.1	85.6
6.7252	122.525	108.8	102.5	84.8
6.7253	122.530	108.4	102.0	84.5
6.7253	122.535	108.2	101.9	84.1
6.7254	122.540	108.1	101.9	84.4
6.7255	122.545	108.2	101.9	84.2
6.7255	122.550	108.1	101.6	83.9
6.7256	122.555	108.0	101.7	83.5
6.7256	122.560	108.2	102.0	83.8
6.7256	122.565	108.2	101.9	84.1
6.7257	122.570	108.1	102.0	84.0
6.7257	122.575	107.8	101.6	83.9
6.7258	122.580	107.9	101.7	84.0
6.7258	122.585	108.0	102.0	84.0
6.7259	122.590	108.7	102.7	84.5
6.7260	122.595	109.1	103.0	84.9
6.7260	122.600	109.3	103.2	85.1
6.7260	122.605	109.6	103.4	85.4
6.7261	122.610	109.6	103.5	85.7
6.7261	122.615	109.3	103.2	85.3
6.7262	122.620	109.1	103.0	85.1
6.7263	122.625	108.9	102.9	84.9
6.7263	122.630	109.2	103.1	84.9
6.7264	122.635	109.5	103.4	85.2
6.7264	122.640	109.8	103.6	85.4
6.7264	122.645	109.8	103.8	85.8
6.7265	122.650	109.8	103.5	85.8
6.7265	122.655	109.8	103.8	85.8
6.7266	122.660	110.2	104.3	86.5
6.7267	122.665	110.4	104.4	87.0
6.7267	122.670	110.1	104.3	86.8
6.7268	122.675	110.4	104.6	87.1
6.7268	122.680	110.1	104.3	87.3
6.7268	122.685	110.3	104.4	87.0
6.7269	122.690	110.6	104.6	86.9
6.7270	122.695	110.6	104.6	86.9
6.7270	122.700	110.7	104.8	87.0
6.7271	122.705	111.0	105.2	87.6
6.7271	122.710	110.7	104.8	87.6
6.7271	122.715	110.4	104.4	86.8
6.7272	122.720	110.3	104.4	86.5
6.7272	122.725	110.7	105.0	86.9
6.7273	122.730	111.4	105.5	87.7
6.7273	122.735	111.7	105.9	88.0
6.7274	122.740	111.7	105.8	88.0
6.7275	122.745	111.8	105.7	87.9
6.7275	122.750	111.6	105.6	87.7
6.7275	122.755	111.4	105.5	87.7
6.7276	122.760	111.2	105.2	87.5
6.7276	122.765	110.9	104.9	87.2
6.7277	122.770	110.8	104.8	87.0
6.7278	122.775	111.2	105.1	87.3
6.7278	122.780	111.1	105.2	87.4
6.7279	122.785	111.0	105.1	87.1
6.7279	122.790	110.8	105.0	87.0
6.7279	122.795	110.6	104.7	86.8
6.7280	122.800	110.3	104.4	86.8
6.7280	122.805	110.0	104.1	86.5
6.7281	122.810	110.3	104.5	86.5
6.7282	122.815	110.4	104.5	86.8
6.7282	122.820	110.3	104.4	86.7
6.7283	122.825	110.0	103.9	86.3
6.7283	122.830	110.4	104.4	86.5
6.7283	122.835	110.6	104.9	87.3
6.7284	122.840	110.8	105.1	87.6
6.7285	122.845	110.2	104.2	87.0
6.7285	122.850	109.8	103.8	86.3
6.7286	122.855	109.8	103.9	86.2
6.7286	122.860	109.6	103.8	86.1
6.7287	122.865	109.4	103.4	85.8
6.7287	122.870	108.7	102.9	85.3
6.7287	122.875	108.3	102.3	84.7
6.7288	122.880	108.2	102.2	84.6
6.7288	122.885	108.0	102.0	84.3
6.7289	122.890	108.0	101.9	84.3
6.7290	122.895	107.5	101.4	83.8
6.7290	122.900	107.5	101.6	83.9
6.7290	122.905	107.7	101.7	84.0
6.7291	122.910	108.0	101.9	84.2
6.7291	122.915	108.3	102.3	84.5
6.7292	122.920	108.6	102.6	84.7
6.7293	122.925	109.3	103.5	85.4
6.7293	122.930	109.7	103.8	85.7
6.7294	122.935	109.8	103.8	86.1
6.7294	122.940	109.8	103.9	86.0
6.7294	122.945	109.7	103.8	86.1
6.7295	122.950	109.8	104.0	86.1
6.7295	122.955	109.7	103.6	86.2
6.7296	122.960	109.7	103.9	86.0
6.7297	122.965	109.9	104.1	86.5
6.7297	122.970	109.4	103.5	86.1
6.7298	122.975	108.6	102.8	85.5
6.7298	122.980	108.3	102.6	85.4
6.7298	122.985	107.5	101.7	85.0
6.7299	122.990	106.3	100.5	84.0
6.7300	122.995	105.9	100.3	83.4
6.7300	123.000	106.5	100.9	83.7
6.7301	123.005	107.3	101.7	84.4
6.7301	123.010	108.0	102.2	84.8
6.7302	123.015	108.5	102.6	85.1
6.7302	123.020	108.7	102.9	85.3
6.7302	123.025	108.9	103.0	85.4
6.7303	123.030	109.5	103.7	85.9
6.7303	123.035	109.8	103.9	86.5
6.7304	123.040	109.4	103.4	86.1
6.7305	123.045	109.6	103.6	85.8
6.7305	123.050	109.7	103.8	86.2
6.7306	123.055	109.7	103.8	85.9
6.7306	123.060	109.1	102.9	85.3
6.7306	123.065	109.4	103.3	85.3
6.7307	123.070	109.9	103.8	85.9
6.7308	123.075	110.2	104.0	86.3
6.7308	123.080	109.9	103.8	86.0
6.7309	123.085	109.5	103.3	85.7
6.7309	123.090	109.6	103.6	85.6
6.7309	123.095	110.1	103.9	85.9
6.7310	123.100	109.8	103.6	85.9
6.7310	123.105	109.6	103.5	85.6
6.7311	123.110	109.2	103.1	85.6
6.7311	123.115	108.9	102.8	85.1
6.7312	123.120	108.8	102.7	85.1
6.7313	123.125	108.6	102.6	84.8
6.7313	123.130	108.8	102.9	84.9
6.7313	123.135	109.2	103.2	85.1
6.7314	123.140	109.5	103.6	85.6
6.7314	123.145	109.4	103.4	85.5
6.7315	123.150	109.5	103.5	85.5
6.7316	123.155	109.6	103.6	85.6
6.7316	123.160	109.9	103.9	85.8
6.7317	123.165	110.0	104.0	86.0
6.7317	123.170	110.4	104.5	86.2
6.7317	123.175	110.8	104.9	86.7
6.7318	123.180	111.0	105.1	87.0
6.7318	123.185	110.7	104.8	86.9
6.7319	123.190	110.3	104.3	86.5
6.7319	123.195	109.9	103.8	85.9
6.7320	123.200	109.5	103.4	85.6
6.7321	123.205	109.5	103.7	85.8
6.7321	123.210	110.3	104.3	86.1
6.7321	123.215	110.8	104.9	87.0
6.7322	123.220	110.7	104.7	87.1
6.7322	123.225	110.2	104.0	86.6
6.7323	123.230	110.0	104.0	86.4
6.7324	123.235	110.1	104.1	86.4
6.7324	123.240	110.5	104.4	86.7
6.7325	123.245	110.7	104.7	87.1
6.7325	123.250	110.5	104.5	87.0
6.7325	123.255	110.6	104.6	86.8
6.7326	123.260	111.2	105.2	87.2
6.7326	123.265	111.5	105.4	87.5
6.7327	123.270	111.1	105.1	87.3
6.7328	123.275	110.7	104.7	87.1
6.7328	123.280	110.5	104.5	86.6
6.7328	123.285	110.5	104.6	87.0
6.7329	123.290	110.3	104.4	86.8
6.7329	123.295	110.3	104.4	86.7
6.7330	123.300	109.9	104.1	86.4
6.7331	123.305	110.3	104.5	86.8
6.7331	123.310	109.8	103.9	86.5
6.7332	123.315	109.5	103.5	86.1
6.7332	123.320	109.6	103.6	86.0
6.7332	123.325	109.8	103.9	86.1
6.7333	123.330	109.8	103.8	86.3
6.7333	123.335	109.6	103.7	86.0
6.7334	123.340	109.4	103.4	85.9
6.7334	123.345	109.0	102.9	85.4
6.7335	123.350	108.6	102.7	85.3
6.7336	123.355	108.4	102.6	85.2
6.7336	123.360	108.3	102.6	85.3
6.7336	123.365	108.2	102.5	85.4
6.7337	123.370	108.6	102.8	85.6
6.7337	123.375	109.1	103.4	85.8
6.7338	123.380	109.8	104.1	86.1
6.7339	123.385	110.2	104.4	86.8
6.7339	123.390	110.7	104.8	87.1
6.7340	123.395	111.0	105.2	87.3
6.7340	123.400	111.4	105.5	87.5
6.7340	123.405	111.7	105.8	88.0
6.7341	123.410	111.5	105.5	88.0
6.7341	123.415	110.8	105.0	87.4
6.7342	123.420	110.8	104.8	87.1
6.7343	123.425	111.4	105.4	87.4
6.7343	123.430	112.1	106.1	88.2
6.7344	123.435	112.1	106.1	88.2
6.7344	123.440	112.3	106.5	88.5
6.7344	123.445	111.7	105.7	88.1
6.7345	123.450	111.4	105.5	87.5
6.7346	123.455	110.9	105.1	87.2
6.7346	123.460	110.9	105.3	87.4
6.7347	123.465	111.0	105.4	87.4
6.7347	123.470	111.6	105.8	87.6
6.7348	123.475	111.8	106.1	87.9
6.7348	123.480	112.1	106.4	88.3
6.7348	123.485	112.2	106.3	88.4
6.7349	123.490	112.2	106.4	88.4
6.7349	123.495	112.1	106.4	88.4
6.7350	123.500	112.1	106.3	88.3
6.7351	123.505	112.6	107.0	88.8
6.7351	123.510	113.1	107.4	89.3
6.7351	123.515	113.4	107.8	89.7
6.7352	123.520	113.2	107.4	89.8
6.7352	123.525	113.1	107.1	89.3
6.7353	123.530	112.2	106.3	88.4
6.7354	123.535	111.7	105.9	87.8
6.7354	123.540	111.3	105.4	87.3
6.7355	123.545	111.7	105.8	87.7
6.7355	123.550	111.5	105.7	87.8
6.7355	123.555	111.3	105.4	87.4
6.7356	123.560	111.4	105.5	87.4
6.7356	123.565	111.4	105.4	87.3
6.7357	123.570	111.5	105.6	87.2
6.7358	123.575	111.3	105.3	87.0
6.7358	123.580	110.9	105.0	86.9
6.7359	123.585	110.3	104.4	86.5
6.7359	123.590	110.4	104.5	86.9
6.7359	123.595	110.1	104.1	86.8
6.7360	123.600	110.5	104.4	86.7
6.7361	123.605	111.2	105.3	87.3
6.7361	123.610	112.1	106.2	88.2
6.7362	123.615	112.3	106.3	88.5
6.7362	123.620	112.1	106.1	88.1
6.7363	123.625	112.1	106.1	88.1
6.7363	123.630	111.8	105.9	88.1
6.7363	123.635	111.7	105.7	88.3
6.7364	123.640	111.5	105.6	88.0
6.7364	123.645	111.7	105.8	88.0
6.7365	123.650	112.0	106.2	88.5
6.7366	123.655	112.1	106.2	88.6
6.7366	123.660	112.2	106.2	88.7
6.7367	123.665	112.5	106.6	89.0
6.7367	123.670	112.5	106.7	89.1
6.7367	123.675	112.7	106.8	89.0
6.7368	123.680	112.4	106.5	89.0
6.7369	123.685	113.1	107.2	89.1
6.7369	123.690	113.8	107.8	89.7
6.7370	123.695	114.2	108.2	90.2
6.7370	123.700	114.5	108.4	90.4
6.7370	123.705	114.3	108.1	90.2
6.7371	123.710	113.9	107.8	89.8
6.7371	123.715	113.5	107.4	89.5
6.7372	123.720	113.1	107.0	89.1
6.7372	123.725	113.0	107.0	89.0
6.7373	123.730	113.5	107.5	89.2
6.7374	123.735	113.7	107.7	89.5
6.7374	123.740	113.7	107.7	89.2
6.7374	123.745	113.6	107.5	89.1
6.7375	123.750	113.3	107.2	89.3
6.7375	123.755	112.4	106.7	88.8
6.7376	123.760	111.7	105.9	88.5
6.7377	123.765	111.1	105.3	87.8
6.7377	123.770	111.2	105.3	87.6
6.7378	123.775	111.4	105.4	87.5
6.7378	123.780	111.8	105.6	87.3
6.7378	123.785	112.2	106.2	87.8
6.7379	123.790	112.1	106.0	87.8
6.7379	123.795	112.2	106.0	87.7
6.7380	123.800	111.9	105.8	87.4
6.7381	123.805	111.7	105.5	86.9
6.7381	123.810	112.1	106.1	87.2
6.7382	123.815	113.4	107.4	88.7
6.7382	123.820	114.5	108.7	90.6
6.7382	123.825	113.6	107.6	90.4
6.7383	123.830	112.7	106.6	88.7
6.7383	123.835	112.7	106.6	88.6
6.7384	123.840	112.2	106.1	88.4
6.7385	123.845	111.2	105.0	87.2
6.7385	123.850	111.2	104.7	86.4
6.7386	123.855	110.8	104.4	86.1
6.7386	123.860	110.9	104.5	86.0
6.7386	123.865	111.3	105.2	86.6
6.7387	123.870	111.4	105.2	87.0
6.7387	123.875	112.0	105.9	87.6
6.7388	123.880	112.4	106.2	88.1
6.7389	123.885	111.7	105.5	87.5
6.7389	123.890	111.3	105.1	87.1
6.7389	123.895	110.9	104.8	87.0
6.7390	123.900	110.8	104.6	86.6
6.7390	123.905	111.1	104.9	86.5
6.7391	123.910	111.4	105.2	86.9
6.7392	123.915	111.4	105.0	86.7
6.7392	123.920	111.3	105.0	86.5
6.7393	123.925	111.3	105.1	86.5
6.7393	123.930	112.0	105.8	87.2
6.7393	123.935	112.1	106.0	87.5
6.7394	123.940	112.3	106.3	87.8
6.7394	123.945	112.0	105.9	88.2
6.7395	123.950	111.0	105.0	87.2
6.7395	123.955	111.4	105.4	87.3
6.7396	123.960	111.5	105.4	87.3
6.7397	123.965	111.7	105.6	87.4
6.7397	123.970	112.3	106.3	87.9
6.7397	123.975	113.0	107.0	88.5
6.7398	123.980	113.4	107.4	89.0
6.7398	123.985	113.6	107.5	89.0
6.7399	123.990	113.4	107.5	89.1
6.7400	123.995	113.4	107.2	89.1
6.7400	124.000	112.7	106.6	88.6
6.7401	124.005	113.0	107.0	88.6
6.7401	124.010	113.1	107.1	89.0
6.7401	124.015	112.8	106.9	89.0
6.7402	124.020	113.0	107.0	89.1
6.7402	124.025	113.0	107.0	89.0
6.7403	124.030	113.5	107.4	88.9
6.7404	124.035	113.7	107.6	89.5
6.7404	124.040	113.0	107.0	89.1
6.7405	124.045	113.2	107.4	88.8
6.7405	124.050	113.7	107.7	89.4
6.7405	124.055	113.1	106.9	88.9
6.7406	124.060	112.5	106.6	88.8
6.7407	124.065	111.9	105.8	88.1
6.7407	124.070	112.4	106.8	88.0
6.7408	124.075	113.0	107.2	88.9
6.7408	124.080	113.2	107.4	89.1
6.7409	124.085	113.4	107.7	89.1
6.7409	124.090	113.8	108.0	89.5
6.7409	124.095	113.9	108.1	89.7
6.7410	124.100	113.5	107.6	89.4
6.7410	124.105	113.7	107.7	89.5
6.7411	124.110	113.5	107.5	89.4
6.7412	124.115	113.6	107.7	89.4
6.7412	124.120	114.0	108.1	90.0
6.7412	124.125	114.6	108.8	90.6
6.7413	124.130	114.9	109.0	91.2
6.7413	124.135	114.4	108.5	90.7
6.7414	124.140	114.1	108.1	90.3
6.7415	124.145	113.3	107.4	89.5
6.7415	124.150	113.0	107.1	89.3
6.7416	124.155	113.1	107.2	89.0
6.7416	124.160	113.3	107.3	89.1
6.7416	124.165	113.2	107.3	89.1
6.7417	124.170	113.8	107.7	89.7
6.7417	124.175	114.4	108.5	90.1
6.7418	124.180	115.2	109.3	90.9
6.7419	124.185	115.1	109.2	91.0
6.7419	124.190	115.3	109.4	91.0
6.7420	124.195	115.1	109.2	90.9
6.7420	124.200	114.9	108.9	90.7
6.7420	124.205	115.0	109.0	90.7
6.7421	124.210	115.0	109.1	90.7
6.7422	124.215	114.0	108.0	90.0
6.7422	124.220	113.1	107.0	89.0
6.7423	124.225	113.0	107.0	88.6
6.7423	124.230	113.2	107.3	89.1
6.7424	124.235	113.2	107.3	89.0
6.7424	124.240	112.9	106.8	88.9
6.7424	124.245	112.7	106.6	88.7
6.7425	124.250	113.1	107.1	88.9
6.7425	124.255	113.8	107.8	89.6
6.7426	124.260	114.1	108.1	89.9
6.7427	124.265	114.0	108.0	90.0
6.7427	124.270	114.0	107.9	90.0
6.7428	124.275	113.9	107.8	90.1
6.7428	124.280	114.1	108.2	90.4
6.7428	124.285	114.7	108.7	90.8
6.7429	124.290	114.6	108.7	91.0
6.7430	124.295	114.6	108.5	90.9
6.7430	124.300	115.0	109.0	91.2
6.7431	124.305	114.7	108.6	90.9
6.7431	124.310	114.8	108.8	90.7
6.7431	124.315	115.2	109.0	90.8
6.7432	124.320	114.6	108.4	90.5
6.7432	124.325	114.0	107.8	89.6
6.7433	124.330	113.6	107.3	89.2
6.7433	124.335	112.9	106.8	88.8
6.7434	124.340	112.3	106.2	88.6
6.7435	124.345	112.1	106.2	88.5
6.7435	124.350	111.9	105.9	88.6
6.7435	124.355	111.7	105.7	88.3
6.7436	124.360	111.4	105.5	88.3
6.7436	124.365	111.4	105.4	88.0
6.7437	124.370	111.7	105.7	88.4
6.7438	124.375	111.6	105.5	88.3
6.7438	124.380	111.5	105.4	87.9
6.7439	124.385	111.8	105.9	88.3
6.7439	124.390	111.9	106.1	88.6
6.7439	124.395	112.2	106.3	88.8
6.7440	124.400	112.6	106.5	89.1
6.7440	124.405	112.3	106.1	88.7
6.7441	124.410	111.6	105.2	88.0
6.7442	124.415	111.9	105.7	87.9
6.7442	124.420	112.6	106.4	88.7
6.7443	124.425	112.7	106.4	89.0
6.7443	124.430	112.6	106.3	88.8
6.7443	124.435	112.2	105.9	88.4
6.7444	124.440	112.1	105.8	88.3
6.7444	124.445	112.3	105.8	88.0
6.7445	124.450	112.7	106.4	88.4
6.7446	124.455	113.5	107.2	89.5
6.7446	124.460	113.7	107.6	89.9
6.7447	124.465	114.3	108.0	89.9
6.7447	124.470	114.8	108.4	90.3
6.7447	124.475	114.8	108.2	90.0
6.7448	124.480	114.2	107.5	89.6
6.7448	124.485	113.5	107.0	88.7
6.7449	124.490	113.2	106.6	88.2
6.7450	124.495	112.9	106.4	88.0
6.7450	124.500	112.9	106.3	87.9
6.7450	124.505	113.0	106.4	88.1
6.7451	124.510	112.6	106.1	87.8
6.7451	124.515	112.4	105.9	87.7
6.7452	124.520	112.2	105.7	87.6
6.7453	124.525	111.9	105.4	87.5
6.7453	124.530	111.7	105.2	87.3
6.7454	124.535	111.8	105.4	87.3
6.7454	124.540	111.5	105.1	87.2
6.7454	124.545	111.7	105.4	87.5
6.7455	124.550	112.1	105.8	87.8
6.7455	124.555	112.2	105.8	88.1
6.7456	124.560	112.2	105.7	87.9
6.7456	124.565	112.8	106.3	88.4
6.7457	124.570	112.3	106.0	88.3
6.7458	124.575	112.1	105.8	88.1
6.7458	124.580	111.7	105.4	87.8
6.7458	124.585	111.7	105.4	87.8
6.7459	124.590	111.9	105.5	87.8
6.7459	124.595	112.1	105.8	88.1
6.7460	124.600	112.5	106.3	88.6
6.7461	124.605	112.6	106.3	88.9
6.7461	124.610	112.6	106.5	88.7
6.7462	124.615	112.8	106.5	89.0
6.7462	124.620	112.6	106.4	88.5
6.7462	124.625	112.6	106.3	88.5
6.7463	124.630	112.0	105.7	88.3
6.7463	124.635	111.8	105.6	88.1
6.7464	124.640	111.8	105.8	88.3
6.7465	124.645	112.0	105.9	88.4
6.7465	124.650	112.5	106.3	88.7
6.7466	124.655	112.8	106.6	89.1
6.7466	124.660	112.5	106.1	88.6
6.7466	124.665	112.8	106.5	88.5
6.7467	124.670	113.3	107.0	89.2
6.7468	124.675	112.9	106.7	89.2
6.7468	124.680	113.2	106.9	89.1
6.7469	124.685	113.6	107.2	89.3
6.7469	124.690	113.5	107.2	89.5
6.7470	124.695	113.5	107.3	89.4
6.7470	124.700	113.4	107.1	89.5
6.7470	124.705	112.9	106.5	88.9
6.7471	124.710	112.5	106.1	88.3
6.7471	124.715	112.8	106.4	88.5
6.7472	124.720	112.0	105.7	88.7
6.7473	124.725	110.3	104.0	87.5
6.7473	124.730	109.0	102.5	85.7
6.7473	124.735	108.2	101.8	84.7
6.7474	124.740	109.6	103.4	85.2
6.7474	124.745	111.6	105.5	87.5
6.7475	124.750	112.4	106.1	88.8
6.7476	124.755	112.6	106.4	89.2
6.7476	124.760	112.5	106.2	89.2
6.7477	124.765	111.6	105.1	88.4
6.7477	124.770	110.0	103.5	86.4
6.7477	124.775	110.4	103.8	85.8
6.7478	124.780	111.1	104.8	86.9
6.7478	124.785	112.0	105.7	88.0
6.7479	124.790	112.4	106.2	88.6
6.7480	124.795	113.0	106.9	89.3
6.7480	124.800	112.9	107.0	89.7
6.7481	124.805	112.5	106.5	89.6
6.7481	124.810	112.4	106.3	89.4
6.7481	124.815	111.0	105.0	88.8
6.7482	124.820	109.1	103.2	87.4
6.7483	124.825	108.0	102.2	86.2
6.7483	124.830	108.4	102.6	86.2
6.7484	124.835	108.5	102.3	86.2
6.7484	124.840	108.5	102.3	85.9
6.7485	124.845	108.5	102.4	86.0
6.7485	124.850	108.5	102.3	86.3
6.7485	124.855	108.4	102.3	86.4
6.7486	124.860	108.4	102.5	86.3
6.7486	124.865	108.1	102.0	86.0
6.7487	124.870	107.8	101.7	85.5
6.7488	124.875	108.2	102.3	85.6
6.7488	124.880	109.3	103.2	86.3
6.7489	124.885	110.5	104.1	86.9
6.7489	124.890	110.9	104.5	87.2
6.7489	124.895	111.8	105.5	88.2
6.7490	124.900	111.7	105.3	88.5
6.7491	124.905	111.1	105.0	88.0
6.7491	124.910	110.8	104.4	87.2
6.7492	124.915	110.9	104.4	86.9
6.7492	124.920	110.8	104.3	86.7
6.7492	124.925	110.9	104.5	86.7
6.7493	124.930	111.6	105.2	87.2
6.7493	124.935	111.4	104.9	87.5
6.7494	124.940	110.7	104.4	87.1
6.7494	124.945	110.4	104.1	87.0
6.7495	124.950	110.1	103.9	86.9
6.7496	124.955	110.2	104.0	87.1
6.7496	124.960	110.1	104.0	86.7
6.7496	124.965	110.5	104.4	86.9
6.7497	124.970	110.4	104.2	86.9
6.7497	124.975	110.0	104.0	86.4
6.7498	124.980	110.4	104.4	87.0
6.7499	124.985	110.7	104.7	87.3
6.7499	124.990	110.8	104.8	87.6
6.7500	124.995	111.3	105.0	87.4
6.7500	125.000	111.2	104.8	87.4
6.7500	125.005	111.7	105.3	87.2
6.7501	125.010	112.3	105.9	88.0
6.7501	125.015	112.4	105.9	88.2
6.7502	125.020	112.1	105.6	87.9
6.7503	125.025	112.3	105.8	88.0
6.7503	125.030	112.0	105.7	87.7
6.7504	125.035	112.3	106.0	87.8
6.7504	125.040	112.5	106.2	88.4
6.7504	125.045	112.5	106.1	88.3
6.7505	125.050	112.2	105.9	88.2
6.7506	125.055	112.1	105.8	88.1
6.7506	125.060	111.9	105.6	88.2
6.7507	125.065	111.8	105.6	88.0
6.7507	125.070	111.5	105.1	87.7
6.7508	125.075	110.7	104.4	87.0
6.7508	125.080	110.2	103.9	86.4
6.7508	125.085	110.3	103.9	86.4
6.7509	125.090	110.4	104.0	86.2
6.7509	125.095	110.1	103.7	86.0
6.7510	125.100	110.5	104.0	86.0
6.7511	125.105	110.9	104.6	86.6
6.7511	125.110	110.5	104.2	86.5
6.7511	125.115	110.7	104.3	86.4
6.7512	125.120	110.9	104.6	86.6
6.7512	125.125	111.3	105.0	87.0
6.7513	125.130	111.4	105.0	87.2
6.7514	125.135	111.3	104.9	87.0
6.7514	125.140	111.2	104.8	86.8
6.7515	125.145	111.0	104.6	86.7
6.7515	125.150	111.6	105.2	87.1
6.7515	125.155	111.4	104.8	87.0
6.7516	125.160	111.1	104.5	86.5
6.7516	125.165	110.8	104.4	86.4
6.7517	125.170	110.6	104.1	86.1
6.7517	125.175	110.6	104.2	86.2
6.7518	125.180	110.9	104.5	86.3
6.7519	125.185	111.2	104.8	86.8
6.7519	125.190	111.7	105.4	87.1
6.7519	125.195	112.3	106.0	87.6
6.7520	125.200	112.7	106.5	88.4
6.7520	125.205	112.4	106.2	88.2
6.7521	125.210	112.2	105.8	87.7
6.7522	125.215	112.2	105.9	87.6
6.7522	125.220	112.5	106.4	88.0
6.7523	125.225	112.5	106.5	88.3
6.7523	125.230	112.5	106.3	88.1
6.7523	125.235	112.5	106.3	88.1
6.7524	125.240	112.8	106.3	88.2
6.7524	125.245	112.7	106.4	88.2
6.7525	125.250	112.7	106.5	88.2
6.7526	125.255	112.5	106.1	88.0
6.7526	125.260	112.0	105.8	87.7
6.7527	125.265	111.6	105.3	87.3
6.7527	125.270	111.5	105.2	87.0
6.7527	125.275	111.3	105.0	86.8
6.7528	125.280	111.0	104.8	86.4
6.7529	125.285	110.8	104.6	86.3
6.7529	125.290	110.8	104.3	86.1
6.7530	125.295	110.5	104.2	85.9
6.7530	125.300	110.7	104.4	86.2
6.7530	125.305	110.8	104.4	86.2
6.7531	125.310	110.9	104.7	86.2
6.7531	125.315	111.4	105.1	86.6
6.7532	125.320	111.3	105.1	86.7
6.7532	125.325	111.3	105.1	86.7
6.7533	125.330	111.7	105.6	87.2
6.7534	125.335	112.1	106.0	87.6
6.7534	125.340	112.3	106.3	88.1
6.7534	125.345	112.7	106.5	87.9
6.7535	125.350	113.0	106.7	88.1
6.7535	125.355	112.9	106.5	88.0
6.7536	125.360	112.8	106.5	88.2
6.7537	125.365	112.4	106.3	87.8
6.7537	125.370	112.6	106.4	88.1
6.7538	125.375	112.8	106.6	88.1
6.7538	125.380	113.1	106.9	88.2
6.7538	125.385	113.5	107.3	88.6
6.7539	125.390	113.2	107.1	88.4
6.7539	125.395	113.3	107.2	88.5
6.7540	125.400	113.3	107.0	88.4
6.7541	125.405	113.8	107.6	88.7
6.7541	125.410	114.3	108.2	89.3
6.7542	125.415	114.7	108.4	89.5
6.7542	125.420	114.9	108.5	89.9
6.7542	125.425	114.9	108.7	89.8
6.7543	125.430	115.5	109.2	90.3
6.7544	125.435	115.5	109.1	90.3
6.7544	125.440	115.0	108.6	90.1
6.7545	125.445	114.6	108.1	89.5
6.7545	125.450	114.0	107.7	89.2
6.7546	125.455	113.6	107.3	88.6
6.7546	125.460	114.0	107.8	88.8
6.7546	125.465	113.9	107.5	89.0
6.7547	125.470	113.8	107.6	88.9
6.7547	125.475	113.6	107.4	88.9
6.7548	125.480	113.4	107.2	88.6
6.7549	125.485	113.7	107.5	88.7
6.7549	125.490	113.7	107.4	88.8
6.7550	125.495	113.6	107.4	88.6
6.7550	125.500	114.2	107.9	89.1
6.7550	125.505	114.7	108.5	89.7
6.7551	125.510	114.3	107.8	89.5
6.7552	125.515	114.1	107.6	89.1
6.7552	125.520	114.4	108.2	89.3
6.7553	125.525	114.8	108.4	89.8
6.7553	125.530	114.6	108.3	89.6
6.7553	125.535	114.5	108.2	89.6
6.7554	125.540	114.6	108.2	89.5
6.7554	125.545	115.0	108.8	89.7
6.7555	125.550	115.2	109.0	90.1
6.7556	125.555	115.0	108.7	90.1
6.7556	125.560	114.4	108.2	90.0
6.7557	125.565	113.9	107.7	89.5
6.7557	125.570	113.8	107.7	89.2
6.7557	125.575	114.0	107.7	89.3
6.7558	125.580	114.3	108.0	89.3
6.7558	125.585	114.2	107.7	89.0
6.7559	125.590	114.0	107.5	88.8
6.7560	125.595	114.0	107.5	88.5
6.7560	125.600	114.5	107.9	88.6
6.7561	125.605	115.0	108.3	89.0
6.7561	125.610	115.2	108.7	89.2
6.7561	125.615	115.4	108.7	89.3
6.7562	125.620	115.2	108.6	89.4
6.7562	125.625	115.4	108.8	89.4
6.7563	125.630	115.4	108.6	89.2
6.7564	125.635	115.0	108.2	89.2
6.7564	125.640	114.0	107.3	88.4
6.7565	125.645	114.8	108.2	89.0
6.7565	125.650	115.4	108.7	89.5
6.7565	125.655	116.4	109.8	90.1
6.7566	125.660	117.3	110.6	91.1
6.7567	125.665	117.0	110.2	90.9
6.7567	125.670	116.7	109.9	90.4
6.7568	125.675	116.5	109.4	89.9
6.7568	125.680	116.2	109.2	89.6
6.7569	125.685	115.9	109.0	89.6
6.7569	125.690	115.0	108.2	89.3
6.7569	125.695	114.4	107.8	88.8
6.7570	125.700	114.1	107.4	88.5
6.7570	125.705	113.9	107.2	88.3
6.7571	125.710	114.3	107.6	88.5
6.7572	125.715	114.4	107.7	88.7
6.7572	125.720	114.5	107.9	89.0
6.7572	125.725	114.2	107.6	89.0
6.7573	125.730	113.9	107.4	88.9
6.7573	125.735	113.8	107.4	88.6
6.7574	125.740	113.5	107.2	88.4
6.7575	125.745	113.5	107.2	88.4
6.7575	125.750	113.5	107.3	88.7
6.7576	125.755	113.2	106.9	88.5
6.7576	125.760	113.2	107.0	88.5
6.7576	125.765	113.3	107.1	88.7
6.7577	125.770	113.2	106.8	88.6
6.7577	125.775	113.2	106.8	88.7
6.7578	125.780	113.3	106.8	88.6
6.7578	125.785	113.5	107.1	88.5
6.7579	125.790	113.6	107.2	88.8
6.7580	125.795	113.6	107.4	88.6
6.7580	125.800	113.5	106.9	88.5
6.7580	125.805	113.7	107.3	88.3
6.7581	125.810	114.8	108.5	89.1
6.7581	125.815	117.8	112.0	92.1
6.7582	125.820	122.7	117.2	97.8
6.7583	125.825	123.8	118.2	101.5
6.7583	125.830	122.0	116.0	99.6
6.7584	125.835	122.1	116.2	98.6
6.7584	125.840	123.6	117.8	100.2
6.7584	125.845	123.9	118.2	101.2
6.7585	125.850	123.1	117.4	100.5
6.7585	125.855	122.5	116.7	99.4
6.7586	125.860	122.2	116.1	98.6
6.7587	125.865	121.6	115.3	97.7
6.7587	125.870	120.6	114.2	96.7
6.7588	125.875	118.9	112.5	94.7
6.7588	125.880	117.5	111.0	92.8
6.7588	125.885	117.1	110.5	91.9
6.7589	125.890	117.0	110.4	91.8
6.7590	125.895	116.7	110.3	91.3
6.7590	125.900	116.8	110.2	91.5
6.7591	125.905	117.0	110.6	91.3
6.7591	125.910	117.5	111.0	91.8
6.7591	125.915	117.2	110.6	91.7
6.7592	125.920	116.8	110.2	91.4
6.7592	125.925	116.2	109.6	90.7
6.7593	125.930	116.0	109.4	90.5
6.7593	125.935	116.1	109.6	90.5
6.7594	125.940	115.9	109.3	90.3
6.7595	125.945	116.2	109.6	90.5
6.7595	125.950	116.2	109.6	90.6
6.7595	125.955	116.4	109.8	90.6
6.7596	125.960	116.7	110.2	90.8
6.7596	125.965	116.7	110.1	90.9
6.7597	125.970	116.4	109.8	90.7
6.7598	125.975	116.3	109.6	90.5
6.7598	125.980	115.8	109.1	90.2
6.7599	125.985	115.7	109.0	89.8
6.7599	125.990	115.3	108.6	89.8
6.7599	125.995	114.8	108.4	89.2
6.7600	126.000	115.1	108.5	89.2
6.7600	126.005	115.6	109.1	89.6
6.7601	126.010	115.6	109.1	89.9
6.7602	126.015	115.2	108.6	89.5
6.7602	126.020	114.8	108.1	88.7
6.7603	126.025	115.2	108.5	88.8
6.7603	126.030	115.6	109.0	89.4
6.7603	126.035	115.7	109.1	89.9
6.7604	126.040	115.8	109.2	89.8
6.7605	126.045	115.5	109.0	89.9
6.7605	126.050	115.2	108.7	89.5
6.7606	126.055	115.2	108.8	89.5
6.7606	126.060	115.6	109.0	89.7
6.7607	126.065	115.7	109.1	89.9
6.7607	126.070	115.7	109.0	89.8
6.7607	126.075	115.4	108.7	89.4
6.7608	126.080	115.5	108.7	89.4
6.7608	126.085	115.7	108.9	89.7
6.7609	126.090	115.5	108.7	89.7
6.7610	126.095	115.0	108.3	89.3
6.7610	126.100	114.3	107.5	88.6
6.7611	126.105	114.0	107.5	88.2
6.7611	126.110	114.0	107.5	88.3
6.7611	126.115	114.0	107.5	88.4
6.7612	126.120	114.4	107.8	88.6
6.7613	126.125	114.3	107.8	89.2
6.7613	126.130	113.9	107.5	88.8
6.7614	126.135	113.8	107.4	88.6
6.7614	126.140	113.6	107.2	88.5
6.7614	126.145	113.7	107.2	88.3
6.7615	126.150	113.6	107.2	88.3
6.7615	126.155	113.6	107.1	88.4
6.7616	126.160	113.3	106.9	88.3
6.7617	126.165	114.1	108.0	88.7
6.7617	126.170	114.7	108.5	89.5
6.7618	126.175	114.5	108.2	89.4
6.7618	126.180	114.6	108.2	89.2
6.7618	126.185	115.1	108.9	89.7
6.7619	126.190	115.5	109.2	90.4
6.7619	126.195	115.3	109.1	90.3
6.7620	126.200	115.3	109.1	90.1
6.7621	126.205	115.5	109.1	90.3
6.7621	126.210	115.4	109.0	90.2
6.7622	126.215	115.5	109.3	90.5
6.7622	126.220	115.5	109.4	90.8
6.7622	126.225	115.4	109.4	90.8
6.7623	126.230	115.4	109.2	90.7
6.7623	126.235	115.4	109.4	90.8
6.7624	126.240	115.5	109.4	90.9
6.7625	126.245	115.6	109.5	90.9
6.7625	126.250	115.7	109.5	91.0
6.7626	126.255	115.5	109.4	90.7
6.7626	126.260	115.9	109.6	90.7
6.7626	126.265	116.0	109.6	90.6
6.7627	126.270	115.9	109.4	90.3
6.7628	126.275	115.7	109.3	90.1
6.7628	126.280	115.1	108.7	89.9
6.7629	126.285	114.6	108.1	89.1
6.7629	126.290	114.3	107.9	88.8
6.7630	126.295	114.3	107.7	88.7
6.7630	126.300	113.9	107.4	88.6
6.7630	126.305	113.9	107.5	88.3
6.7631	126.310	114.2	107.8	88.6
6.7631	126.315	114.3	107.8	88.6
6.7632	126.320	114.1	107.8	88.4
6.7633	126.325	114.0	107.8	88.6
6.7633	126.330	114.1	107.8	88.7
6.7633	126.335	114.0	107.6	88.6
6.7634	126.340	113.5	107.3	88.5
6.7634	126.345	113.3	107.2	88.5
6.7635	126.350	113.5	107.4	88.6
6.7636	126.355	113.6	107.4	88.4
6.7636	126.360	113.3	107.1	88.4
6.7637	126.365	112.8	106.6	88.2
6.7637	126.370	112.3	106.3	88.0
6.7637	126.375	111.9	106.0	87.8
6.7638	126.380	111.8	106.0	87.8
6.7638	126.385	111.6	105.7	87.5
6.7639	126.390	111.5	105.5	87.2
6.7639	126.395	111.1	105.1	87.1
6.7640	126.400	110.8	104.8	86.7
6.7641	126.405	110.8	104.7	86.4
6.7641	126.410	111.4	105.4	86.5
6.7641	126.415	112.7	106.4	87.3
6.7642	126.420	112.9	106.5	87.5
6.7642	126.425	113.3	106.9	87.6
6.7643	126.430	113.5	107.0	87.9
6.7644	126.435	113.8	107.3	88.0
6.7644	126.440	113.8	107.4	88.0
6.7645	126.445	114.1	107.5	88.1
6.7645	126.450	113.9	107.2	88.0
6.7645	126.455	113.8	107.2	88.0
6.7646	126.460	113.5	106.7	87.5
6.7646	126.465	114.1	107.4	87.8
6.7647	126.470	114.8	108.1	88.7
6.7648	126.475	114.8	108.0	88.9
6.7648	126.480	114.9	108.0	88.9
6.7649	126.485	115.7	109.2	89.5
6.7649	126.490	116.2	109.5	90.1
6.7649	126.495	116.2	109.5	90.2
6.7650	126.500	116.2	109.8	90.5
6.7651	126.505	116.5	110.1	90.9
6.7651	126.510	116.7	110.1	90.9
6.7652	126.515	116.6	109.9	91.0
6.7652	126.520	116.4	109.9	90.7
6.7652	126.525	116.4	109.9	90.8
6.7653	126.530	116.2	109.7	90.7
6.7653	126.535	116.0	109.4	90.3
6.7654	126.540	116.1	109.5	90.0
6.7654	126.545	116.0	109.3	90.1
6.7655	126.550	115.0	108.5	89.5
6.7656	126.555	114.8	108.3	89.0
6.7656	126.560	114.9	108.3	89.1
6.7656	126.565	114.9	108.3	89.3
6.7657	126.570	114.7	108.3	89.1
6.7657	126.575	114.4	108.0	88.9
6.7658	126.580	114.3	107.9	89.0
6.7659	126.585	114.0	107.6	89.0
6.7659	126.590	113.4	107.2	88.9
6.7660	126.595	112.8	106.6	88.6
6.7660	126.600	111.6	105.6	87.6
6.7660	126.605	111.7	105.7	87.2
6.7661	126.610	112.1	106.1	87.5
6.7661	126.615	112.9	106.8	88.1
6.7662	126.620	112.9	106.7	88.3
6.7663	126.625	112.5	106.3	87.6
6.7663	126.630	112.7	106.6	87.9
6.7664	126.635	112.6	106.2	87.6
6.7664	126.640	112.9	106.7	87.8
6.7664	126.645	113.1	106.8	87.9
6.7665	126.650	112.9	106.3	87.6
6.7666	126.655	113.0	106.5	87.1
6.7666	126.660	113.5	106.9	87.7
6.7667	126.665	113.4	107.1	87.9
6.7667	126.670	113.5	107.1	88.0
6.7668	126.675	113.8	107.4	88.2
6.7668	126.680	113.2	106.8	87.7
6.7668	126.685	113.1	106.5	87.5
6.7669	126.690	112.5	106.1	87.2
6.7669	126.695	112.2	105.8	87.0
6.7670	126.700	112.3	106.1	87.1
6.7671	126.705	112.4	106.1	87.2
6.7671	126.710	112.1	105.7	87.2
6.7671	126.715	111.9	105.5	87.0
6.7672	126.720	111.6	105.3	86.9
6.7672	126.725	111.3	105.1	86.8
6.7673	126.730	111.2	105.1	86.5
6.7674	126.735	111.3	105.0	86.4
6.7674	126.740	111.9	105.7	86.6
6.7675	126.745	112.0	105.8	86.7
6.7675	126.750	112.3	105.8	86.9
6.7675	126.755	112.2	106.1	87.2
6.7676	126.760	112.6	106.3	87.4
6.7676	126.765	112.6	106.1	87.5
6.7677	126.770	112.2	105.9	87.4
6.7678	126.775	112.6	106.3	87.2
6.7678	126.780	113.2	107.0	88.1
6.7679	126.785	113.6	107.2	88.4
6.7679	126.790	113.7	107.4	88.4
6.7679	126.795	113.9	107.6	88.8
6.7680	126.800	113.6	107.3	88.7
6.7681	126.805	113.0	106.6	87.9
6.7681	126.810	112.8	106.5	87.7
6.7682	126.815	112.6	106.4	87.9
6.7682	126.820	112.4	106.1	87.8
6.7683	126.825	112.9	106.7	88.1
6.7683	126.830	113.4	107.2	88.5
6.7683	126.835	113.8	107.7	88.9
6.7684	126.840	114.1	108.0	89.2
6.7684	126.845	115.0	108.9	90.0
6.7685	126.850	115.4	109.1	90.6
6.7686	126.855	114.4	108.2	90.0
6.7686	126.860	114.1	107.9	89.4
6.7687	126.865	114.1	107.9	88.9
6.7687	126.870	114.1	107.8	89.0
6.7687	126.875	114.2	108.0	89.2
6.7688	126.880	113.7	107.6	89.1
6.7689	126.885	113.8	107.8	89.1
6.7689	126.890	113.7	107.7	89.3
6.7690	126.895	113.7	107.6	89.1
6.7690	126.900	113.9	107.8	89.1
6.7691	126.905	113.9	107.7	89.1
6.7691	126.910	113.7	107.6	88.9
6.7691	126.915	114.2	108.2	89.2
6.7692	126.920	114.7	108.6	89.7
6.7692	126.925	115.3	109.3	90.4
6.7693	126.930	115.6	109.4	90.9
6.7694	126.935	115.7	109.5	90.9
6.7694	126.940	115.7	109.4	90.7
6.7694	126.945	115.9	109.7	91.1
6.7695	126.950	116.5	110.2	91.3
6.7695	126.955	115.7	109.6	91.2
6.7696	126.960	114.8	108.9	90.3
6.7697	126.965	114.4	108.4	90.0
6.7697	126.970	114.2	108.3	89.8
6.7698	126.975	114.3	108.2	89.6
6.7698	126.980	114.4	108.4	89.7
6.7698	126.985	114.7	108.8	89.9
6.7699	126.990	114.8	108.9	90.0
6.7699	126.995	114.6	108.6	90.0
6.7700	127.000	114.6	108.7	89.8
6.7700	127.005	115.0	109.1	90.4
6.7701	127.010	114.7	108.7	90.4
6.7702	127.015	114.8	108.8	90.4
6.7702	127.020	115.0	109.1	90.7
6.7702	127.025	114.5	108.6	90.3
6.7703	127.030	114.3	108.5	89.9
6.7703	127.035	113.9	107.9	89.7
6.7704	127.040	112.9	107.0	89.0
6.7705	127.045	112.5	106.8	88.4
6.7705	127.050	112.5	106.6	88.3
6.7706	127.055	112.3	106.3	88.4
6.7706	127.060	111.8	106.0	87.8
6.7706	127.065	112.0	106.1	87.7
6.7707	127.070	111.9	106.1	87.9
6.7707	127.075	112.1	106.4	88.1
6.7708	127.080	112.3	106.5	88.1
6.7709	127.085	112.8	106.8	88.2
6.7709	127.090	113.5	107.7	89.0
6.7710	127.095	113.8	107.9	89.6
6.7710	127.100	113.5	107.7	89.3
6.7710	127.105	113.7	107.9	89.4
6.7711	127.110	114.0	108.1	89.6
6.7712	127.115	113.7	107.7	89.4
6.7712	127.120	113.0	107.2	88.7
6.7713	127.125	112.5	106.7	88.1
6.7713	127.130	112.6	106.8	88.1
6.7713	127.135	113.0	107.1	88.1
6.7714	127.140	113.2	107.2	88.3
6.7714	127.145	112.4	106.5	88.1
6.7715	127.150	111.5	105.7	87.4
6.7715	127.155	111.3	105.4	86.8
6.7716	127.160	111.6	105.7	87.2
6.7717	127.165	111.9	105.9	87.2
6.7717	127.170	111.9	106.0	87.2
6.7717	127.175	112.0	106.0	87.3
6.7718	127.180	112.6	106.5	87.7
6.7718	127.185	112.9	106.7	88.0
6.7719	127.190	113.2	107.0	88.1
6.7720	127.195	113.8	107.5	88.4
6.7720	127.200	114.3	108.1	89.0
6.7721	127.205	114.2	108.0	89.2
6.7721	127.210	114.4	108.1	89.4
6.7721	127.215	114.2	107.9	89.4
6.7722	127.220	114.0	107.8	89.4
6.7722	127.225	113.8	107.6	88.9
6.7723	127.230	113.7	107.5	88.5
6.7724	127.235	114.1	107.8	88.7
6.7724	127.240	114.1	107.8	89.1
6.7725	127.245	113.7	107.5	88.6
6.7725	127.250	113.5	107.4	88.5
6.7725	127.255	113.6	107.4	88.5
6.7726	127.260	113.4	107.2	88.3
6.7727	127.265	113.3	107.1	88.1
6.7727	127.270	112.7	106.4	88.1
6.7728	127.275	112.2	106.1	87.3
6.7728	127.280	112.4	106.2	87.5
6.7729	127.285	112.5	106.4	87.8
6.7729	127.290	112.9	106.7	88.1
6.7729	127.295	112.7	106.7	88.2
6.7730	127.300	112.6	106.6	88.1
6.7730	127.305	112.8	106.8	88.0
6.7731	127.310	113.3	107.3	88.3
6.7732	127.315	113.9	107.8	88.8
6.7732	127.320	113.8	107.6	88.9
6.7732	127.325	113.4	107.2	88.6
6.7733	127.330	113.4	107.4	88.4
6.7733	127.335	114.0	107.8	88.7
6.7734	127.340	114.3	108.1	89.0
6.7735	127.345	114.5	108.3	89.1
6.7735	127.350	114.3	108.2	89.1
6.7736	127.355	114.2	108.0	89.2
6.7736	127.360	114.3	108.3	89.4
6.7736	127.365	114.0	108.0	89.3
6.7737	127.370	114.1	108.0	89.1
6.7737	127.375	114.2	108.0	89.3
6.7738	127.380	114.4	108.2	89.2
6.7739	127.385	114.4	108.3	89.3
6.7739	127.390	114.4	108.2	89.4
6.7740	127.395	114.3	108.1	89.2
6.7740	127.400	114.3	108.1	89.3
6.7740	127.405	114.2	108.0	89.5
6.7741	127.410	113.9	107.8	89.0
6.7742	127.415	113.7	107.7	88.9
6.7742	127.420	113.1	107.1	88.8
6.7743	127.425	112.7	106.8	88.3
6.7743	127.430	112.7	106.7	88.4
6.7744	127.435	112.8	106.9	88.4
6.7744	127.440	112.7	106.9	88.7
6.7744	127.445	113.3	107.5	88.8
6.7745	127.450	113.8	107.9	89.3
6.7745	127.455	113.7	107.8	89.2
6.7746	127.460	114.0	108.0	89.2
6.7747	127.465	113.9	107.9	89.0
6.7747	127.470	114.2	108.2	89.2
6.7748	127.475	113.9	108.1	89.4
6.7748	127.480	113.2	107.3	88.9
6.7748	127.485	113.1	107.1	88.4
6.7749	127.490	113.4	107.5	88.7
6.7750	127.495	114.4	108.3	89.5
6.7750	127.500	114.8	108.6	89.9
6.7751	127.505	114.5	108.3	89.8
6.7751	127.510	114.7	108.6	89.9
6.7752	127.515	115.1	108.9	90.3
6.7752	127.520	115.2	108.9	90.4
6.7752	127.525	115.2	109.0	90.5
6.7753	127.530	114.8	108.5	90.1
6.7753	127.535	114.0	108.0	89.3
6.7754	127.540	113.2	107.1	89.0
6.7755	127.545	112.6	106.6	88.4
6.7755	127.550	113.3	107.2	88.5
6.7755	127.555	114.1	107.8	89.0
6.7756	127.560	113.9	107.6	88.9
6.7756	127.565	114.1	107.9	89.0
6.7757	127.570	114.0	107.6	89.0
6.7758	127.575	114.4	107.9	89.0
6.7758	127.580	115.0	108.6	89.6
6.7759	127.585	115.2	108.7	89.8
6.7759	127.590	114.8	108.2	89.4
6.7759	127.595	114.3	107.8	88.9
6.7760	127.600	114.5	108.1	89.1
6.7760	127.605	115.0	108.5	89.3
6.7761	127.610	115.1	108.6	89.7
6.7761	127.615	115.3	108.8	89.9
6.7762	127.620	115.1	108.6	89.7
6.7763	127.625	115.0	108.4	89.7
6.7763	127.630	114.9	108.4	89.6
6.7763	127.635	114.7	108.3	89.4
6.7764	127.640	114.3	107.9	89.3
6.7764	127.645	114.1	107.5	88.8
6.7765	127.650	114.3	107.9	88.8
6.7766	127.655	114.2	107.9	89.0
6.7766	127.660	114.0	107.4	88.6
6.7767	127.665	113.6	107.3	88.5
6.7767	127.670	114.2	107.8	88.9
6.7767	127.675	114.4	108.0	89.4
6.7768	127.680	114.5	108.2	89.4
6.7768	127.685	115.0	108.6	89.6
6.7769	127.690	114.6	108.2	89.7
6.7770	127.695	114.4	108.0	89.1
6.7770	127.700	114.5	108.0	89.0
6.7771	127.705	115.0	108.5	89.4
6.7771	127.710	114.8	108.3	89.6
6.7771	127.715	114.8	108.4	89.4
6.7772	127.720	114.7	108.2	89.3
6.7773	127.725	114.8	108.4	89.5
6.7773	127.730	114.8	108.5	89.9
6.7774	127.735	114.7	108.3	89.4
6.7774	127.740	115.1	108.7	89.6
6.7774	127.745	115.2	108.8	89.9
6.7775	127.750	114.6	108.3	89.6
6.7775	127.755	114.1	107.8	89.1
6.7776	127.760	113.9	107.5	88.9
6.7776	127.765	113.4	107.1	88.4
6.7777	127.770	113.0	106.9	88.4
6.7778	127.775	112.7	106.7	88.4
6.7778	127.780	111.8	105.8	87.9
6.7778	127.785	111.9	105.9	87.5
6.7779	127.790	112.5	106.4	88.0
6.7779	127.795	112.7	106.6	88.3
6.7780	127.800	112.1	106.0	88.0
6.7781	127.805	111.3	105.4	87.5
6.7781	127.810	111.1	105.2	87.1
6.7782	127.815	114.8	109.3	89.7
6.7782	127.820	121.9	116.9	96.9
6.7782	127.825	126.0	120.8	103.4
6.7783	127.830	125.2	119.7	103.8
6.7783	127.835	123.8	118.0	101.6
6.7784	127.840	123.8	118.2	101.1
6.7785	127.845	124.9	119.5	102.1
6.7785	127.850	125.7	120.2	103.3
6.7786	127.855	126.2	120.7	103.6
6.7786	127.860	126.0	120.3	103.7
6.7786	127.865	124.9	119.2	102.2
6.7787	127.870	124.5	118.9	101.6
6.7788	127.875	123.2	117.4	100.2
6.7788	127.880	122.0	116.1	98.9
6.7789	127.885	120.9	115.3	97.6
6.7789	127.890	119.8	114.1	96.4
6.7790	127.895	119.2	113.3	95.4
6.7790	127.900	118.4	112.4	94.7
6.7790	127.905	117.6	111.6	93.8
6.7791	127.910	117.3	111.5	93.5
6.7791	127.915	117.2	111.3	93.2
6.7792	127.920	116.5	110.6	92.7
6.7793	127.925	115.7	109.7	91.9
6.7793	127.930	115.4	109.5	91.3
6.7793	127.935	115.1	109.2	91.0
6.7794	127.940	115.3	109.3	90.8
6.7794	127.945	115.2	109.2	90.8
6.7795	127.950	115.2	109.3	90.9
6.7796	127.955	115.3	109.4	90.8
6.7796	127.960	115.4	109.3	90.9
6.7797	127.965	115.0	109.1	90.6
6.7797	127.970	114.6	108.5	90.1
6.7797	127.975	114.4	108.3	89.7
6.7798	127.980	114.1	108.0	89.5
6.7798	127.985	113.8	107.9	89.5
6.7799	127.990	114.1	108.0	89.6
6.7800	127.995	113.8	107.6	89.1
6.7800	128.000	113.7	107.6	88.6
6.7801	128.005	114.3	108.1	89.2
6.7801	128.010	114.7	108.4	89.5
6.7801	128.015	114.8	108.5	89.9
6.7802	128.020	115.1	108.9	90.1
6.7803	128.025	115.2	109.1	90.4
6.7803	128.030	115.2	108.9	90.5
6.7804	128.035	115.4	109.1	90.6
6.7804	128.040	115.5	109.3	90.8
6.7805	128.045	115.8	109.5	91.0
6.7805	128.050	115.7	109.4	90.9
6.7805	128.055	115.3	108.9	90.6
6.7806	128.060	115.0	108.7	90.1
6.7806	128.065	114.8	108.6	90.2
6.7807	128.070	114.6	108.3	90.1
6.7807	128.075	114.2	108.0	89.7
6.7808	128.080	113.8	107.6	89.4
6.7809	128.085	113.8	107.9	89.2
6.7809	128.090	114.0	107.9	89.3
6.7809	128.095	114.5	108.4	89.7
6.7810	128.100	114.4	108.1	89.6
6.7810	128.105	114.1	107.8	89.2
6.7811	128.110	114.2	108.0	89.2
6.7812	128.115	113.8	107.7	89.3
6.7812	128.120	113.7	107.3	89.0
6.7812	128.125	113.4	107.3	88.9
6.7813	128.130	113.8	107.6	89.1
6.7813	128.135	113.5	107.4	89.0
6.7814	128.140	113.1	107.0	88.7
6.7815	128.145	112.7	106.7	88.4
6.7815	128.150	112.5	106.2	87.9
6.7816	128.155	112.9	106.8	87.9
6.7816	128.160	113.2	107.1	88.3
6.7816	128.165	113.8	107.6	88.7
6.7817	128.170	114.1	108.0	89.5
6.7818	128.175	114.1	107.7	89.3
6.7818	128.180	113.8	107.5	89.1
6.7819	128.185	113.2	106.9	88.2
6.7819	128.190	112.8	106.4	87.6
6.7820	128.195	112.3	105.9	87.2
6.7820	128.200	112.5	106.0	87.2
6.7820	128.205	112.8	106.5	87.7
6.7821	128.210	112.6	106.0	87.5
6.7821	128.215	112.0	105.5	87.1
6.7822	128.220	111.9	105.4	87.0
6.7822	128.225	112.2	105.8	87.1
6.7823	128.230	112.5	106.1	87.7
6.7824	128.235	112.1	105.7	87.6
6.7824	128.240	111.5	105.1	87.2
6.7824	128.245	111.7	105.2	87.0
6.7825	128.250	112.0	105.7	87.3
6.7825	128.255	112.1	105.7	87.6
6.7826	128.260	112.6	106.2	87.8
6.7827	128.265	112.9	106.7	88.3
6.7827	128.270	113.0	106.6	88.6
6.7828	128.275	112.9	106.8	88.5
6.7828	128.280	113.0	106.7	88.5
6.7828	128.285	113.1	106.7	88.2
6.7829	128.290	113.1	106.6	88.1
6.7829	128.295	112.8	106.4	87.8
6.7830	128.300	113.2	106.9	88.0
6.7831	128.305	113.2	107.1	88.4
6.7831	128.310	113.6	107.4	88.7
6.7832	128.315	114.3	108.1	89.3
6.7832	128.320	114.7	108.7	89.6
6.7832	128.325	114.9	108.8	90.0
6.7833	128.330	114.9	108.8	90.0
6.7834	128.335	114.9	108.6	90.0
6.7834	128.340	114.8	108.4	89.7
6.7835	128.345	114.4	108.1	89.3
6.7835	128.350	114.2	108.0	89.1
6.7835	128.355	114.2	107.8	88.8
6.7836	128.360	114.3	107.9	88.9
6.7836	128.365	114.0	107.6	88.8
6.7837	128.370	114.0	107.7	88.8
6.7837	128.375	113.7	107.4	88.5
6.7838	128.380	113.6	107.4	88.5
6.7839	128.385	113.6	107.4	88.5
6.7839	128.390	113.8	107.7	88.8
6.7839	128.395	114.4	108.3	89.3
6.7840	128.400	114.9	108.7	89.8
6.7840	128.405	115.0	108.7	89.9
6.7841	128.410	115.3	109.0	89.8
6.7842	128.415	115.8	109.4	90.4
6.7842	128.420	115.7	109.2	90.3
6.7843	128.425	115.7	109.4	90.1
6.7843	128.430	115.7	109.1	89.9
6.7843	128.435	115.2	108.8	89.8
6.7844	128.440	114.8	108.3	89.4
6.7844	128.445	114.5	108.1	89.1
6.7845	128.450	114.5	108.1	88.9
6.7846	128.455	114.6	108.2	89.0
6.7846	128.460	114.7	108.2	89.2
6.7847	128.465	114.8	108.5	89.5
6.7847	128.470	115.2	108.7	89.8
6.7847	128.475	115.2	108.8	89.7
6.7848	128.480	115.6	109.2	89.8
6.7849	128.485	115.8	109.4	90.0
6.7849	128.490	116.0	109.5	90.0
6.7850	128.495	115.9	109.4	90.1
6.7850	128.500	115.8	109.6	90.4
6.7851	128.505	116.1	109.8	90.7
6.7851	128.510	116.3	109.8	91.0
6.7851	128.515	116.1	109.8	91.0
6.7852	128.520	115.7	109.3	90.6
6.7852	128.525	114.4	107.8	89.9
6.7853	128.530	112.2	105.6	87.8
6.7854	128.535	110.8	104.6	86.3
6.7854	128.540	110.6	104.7	86.4
6.7854	128.545	110.6	104.8	86.9
6.7855	128.550	111.2	105.4	87.6
6.7855	128.555	111.9	106.0	88.2
6.7856	128.560	112.1	106.3	88.3
6.7857	128.565	111.9	106.0	88.2
6.7857	128.570	111.5	105.5	87.9
6.7858	128.575	111.1	105.4	87.5
6.7858	128.580	110.5	104.7	87.0
6.7858	128.585	110.3	104.4	86.3
6.7859	128.590	110.4	104.6	86.4
6.7859	128.595	110.7	104.9	86.6
6.7860	128.600	111.7	105.7	87.5
6.7860	128.605	112.4	106.4	87.9
6.7861	128.610	112.8	106.9	88.2
6.7862	128.615	113.0	107.0	88.4
6.7862	128.620	113.0	106.9	88.4
6.7862	128.625	114.0	107.8	88.8
6.7863	128.630	114.8	108.7	89.8
6.7863	128.635	115.2	109.0	90.0
6.7864	128.640	114.6	108.3	89.7
6.7865	128.645	113.8	107.7	89.1
6.7865	128.650	113.6	107.5	89.0
6.7866	128.655	114.1	107.9	89.0
6.7866	128.660	114.6	108.6	89.8
6.7866	128.665	114.6	108.4	89.7
6.7867	128.670	114.7	108.7	89.9
6.7867	128.675	115.1	109.0	90.3
6.7868	128.680	115.1	108.9	90.4
6.7869	128.685	115.3	108.9	90.2
6.7869	128.690	115.4	109.1	90.4
6.7870	128.695	115.5	109.2	90.1
6.7870	128.700	115.7	109.4	90.5
6.7870	128.705	115.9	109.3	90.5
6.7871	128.710	115.6	109.0	90.1
6.7872	128.715	115.3	108.8	89.7
6.7872	128.720	115.6	109.1	90.0
6.7873	128.725	116.1	109.7	90.7
6.7873	128.730	116.2	109.7	91.2
6.7873	128.735	115.1	108.7	90.5
6.7874	128.740	114.1	107.7	89.8
6.7874	128.745	113.2	107.1	89.2
6.7875	128.750	113.5	107.5	88.7
6.7875	128.755	114.4	108.4	89.5
6.7876	128.760	114.8	108.7	90.0
6.7877	128.765	114.8	108.7	90.0
6.7877	128.770	114.8	108.5	90.2
6.7877	128.775	114.4	108.2	89.6
6.7878	128.780	114.0	107.9	88.9
6.7878	128.785	114.3	108.0	89.1
6.7879	128.790	114.8	108.7	89.5
6.7880	128.795	114.8	108.5	89.7
6.7880	128.800	114.6	108.4	89.4
6.7881	128.805	114.2	108.0	89.3
6.7881	128.810	113.7	107.5	88.9
6.7881	128.815	113.4	107.3	88.8
6.7882	128.820	113.0	107.2	88.8
6.7882	128.825	113.0	107.1	88.7
6.7883	128.830	113.1	107.3	89.0
6.7884	128.835	113.2	107.2	89.1
6.7884	128.840	113.6	107.7	89.3
6.7885	128.845	114.0	108.0	89.6
6.7885	128.850	114.3	108.3	89.6
6.7885	128.855	114.6	108.3	89.8
6.7886	128.860	114.7	108.4	89.6
6.7887	128.865	114.9	108.5	89.8
6.7887	128.870	114.6	108.0	89.4
6.7888	128.875	113.9	107.4	88.5
6.7888	128.880	113.7	107.3	88.5
6.7889	128.885	113.1	106.7	88.0
6.7889	128.890	113.0	106.8	88.0
6.7889	128.895	112.9	106.7	88.0
6.7890	128.900	113.0	106.9	88.0
6.7890	128.905	113.4	107.2	88.4
6.7891	128.910	113.0	106.6	88.4
6.7892	128.915	112.5	106.4	87.7
6.7892	128.920	113.0	106.8	88.0
6.7893	128.925	113.2	106.9	88.3
6.7893	128.930	113.0	107.0	88.5
6.7893	128.935	113.2	107.1	88.6
6.7894	128.940	112.9	106.8	88.6
6.7895	128.945	112.3	105.9	87.8
6.7895	128.950	111.7	105.5	87.3
6.7896	128.955	111.4	105.1	86.9
6.7896	128.960	110.6	104.5	86.8
6.7896	128.965	109.8	103.8	86.2
6.7897	128.970	108.9	103.0	85.9
6.7897	128.975	108.6	103.1	85.7
6.7898	128.980	108.6	103.0	86.0
6.7899	128.985	108.8	103.1	86.0
6.7899	128.990	109.6	103.9	86.5
6.7900	128.995	110.5	104.6	87.1
6.7900	129.000	111.4	105.4	87.8
6.7900	129.005	111.9	105.9	88.1
6.7901	129.010	112.1	105.9	88.2
6.7901	129.015	112.0	105.9	88.1
6.7902	129.020	112.1	106.1	87.8
6.7903	129.025	112.4	106.1	87.9
6.7903	129.030	112.7	106.4	88.1
6.7904	129.035	113.0	106.8	88.2
6.7904	129.040	113.3	106.9	88.6
6.7904	129.045	112.5	106.0	87.9
6.7905	129.050	111.4	104.9	86.6
6.7905	129.055	110.8	104.5	86.2
6.7906	129.060	110.3	103.8	85.5
6.7907	129.065	110.1	103.9	85.4
6.7907	129.070	110.1	103.8	85.3
6.7908	129.075	110.2	103.7	85.3
6.7908	129.080	110.4	104.1	85.5
6.7908	129.085	111.0	104.7	86.1
6.7909	129.090	112.1	105.8	86.9
6.7910	129.095	113.1	106.8	88.1
6.7910	129.100	113.7	107.7	89.3
6.7911	129.105	113.6	107.4	89.3
6.7911	129.110	113.3	107.4	89.4
6.7912	129.115	113.0	107.0	89.0
6.7912	129.120	113.1	107.1	88.8
6.7912	129.125	113.5	107.5	89.1
6.7913	129.130	113.7	107.5	89.4
6.7913	129.135	113.4	107.4	89.5
6.7914	129.140	113.0	106.9	89.2
6.7915	129.145	112.8	106.8	88.9
6.7915	129.150	113.2	107.2	89.0
6.7915	129.155	114.0	108.0	89.5
6.7916	129.160	115.2	109.2	90.3
6.7916	129.165	115.4	109.0	90.7
6.7917	129.170	115.3	109.1	90.3
6.7918	129.175	115.5	109.1	90.4
6.7918	129.180	115.6	109.3	90.6
6.7919	129.185	115.7	109.4	90.8
6.7919	129.190	115.5	109.1	90.7
6.7919	129.195	114.8	108.5	90.1
6.7920	129.200	114.3	108.1	89.6
6.7920	129.205	113.8	107.6	89.3
6.7921	129.210	114.0	107.7	88.9
6.7922	129.215	114.3	108.0	89.3
6.7922	129.220	114.4	108.3	89.6
6.7923	129.225	114.5	108.3	89.7
6.7923	129.230	113.4	107.1	89.1
6.7923	129.235	113.1	107.0	88.3
6.7924	129.240	114.0	107.6	89.0
6.7925	129.245	114.6	108.4	89.7
6.7925	129.250	114.5	108.1	89.7
6.7926	129.255	113.5	107.3	89.0
6.7926	129.260	113.5	107.1	88.5
6.7927	129.265	113.4	107.0	88.3
6.7927	129.270	113.2	106.8	88.3
6.7927	129.275	113.6	107.2	88.5
6.7928	129.280	113.6	107.3	88.7
6.7928	129.285	113.4	107.1	88.5
6.7929	129.290	113.2	106.7	88.2
6.7929	129.295	113.5	107.0	88.4
6.7930	129.300	113.7	107.4	88.6
6.7931	129.305	114.3	108.0	89.1
6.7931	129.310	114.2	107.8	89.4
6.7931	129.315	113.7	107.4	89.0
6.7932	129.320	113.1	107.1	88.8
6.7932	129.325	112.8	106.7	88.2
6.7933	129.330	112.9	106.7	88.0
6.7934	129.335	113.3	106.8	88.4
6.7934	129.340	113.8	107.4	88.5
6.7934	129.345	114.8	108.6	89.7
6.7935	129.350	115.3	109.0	90.2
6.7935	129.355	115.2	109.0	90.4
6.7936	129.360	115.0	108.8	90.2
6.7937	129.365	115.4	109.3	90.6
6.7937	129.370	115.6	109.3	90.8
6.7938	129.375	115.2	108.9	90.5
6.7938	129.380	115.2	108.9	90.0
6.7938	129.385	115.7	109.5	90.4
6.7939	129.390	116.1	109.7	90.8
6.7940	129.395	116.3	109.8	90.9
6.7940	129.400	116.4	110.3	91.3
6.7941	129.405	116.5	110.2	91.4
6.7941	129.410	116.9	110.7	92.0
6.7942	129.415	116.7	110.4	91.6
6.7942	129.420	116.4	110.1	91.0
6.7942	129.425	116.2	109.7	90.6
6.7943	129.430	116.7	110.5	90.8
6.7943	129.435	117.5	111.2	91.9
6.7944	129.440	117.5	111.2	92.0
6.7944	129.445	117.6	111.2	91.9
6.7945	129.450	117.8	111.3	92.2
6.7946	129.455	117.7	111.4	92.3
6.7946	129.460	118.3	111.9	92.6
6.7946	129.465	118.5	112.1	93.0
6.7947	129.470	118.3	111.9	92.7
6.7947	129.475	118.1	111.8	92.4
6.7948	129.480	117.6	111.2	92.1
6.7949	129.485	117.1	110.9	91.8
6.7949	129.490	116.9	110.5	91.4
6.7950	129.495	116.4	110.1	91.1
6.7950	129.500	115.9	109.6	90.8
6.7950	129.505	115.8	109.6	90.7
6.7951	129.510	116.0	109.8	91.1
6.7951	129.515	116.0	109.9	91.1
6.7952	129.520	116.1	110.1	91.5
6.7953	129.525	116.0	109.8	91.0
6.7953	129.530	115.9	109.7	90.8
6.7954	129.535	116.2	110.0	91.0
6.7954	129.540	116.3	110.1	91.3
6.7954	129.545	116.7	110.5	91.4
6.7955	129.550	117.0	110.9	91.8
6.7956	129.555	116.7	110.5	91.8
6.7956	129.560	116.5	110.4	91.7
6.7957	129.565	116.1	109.9	91.2
6.7957	129.570	115.8	109.7	91.0
6.7957	129.575	115.3	109.2	90.4
6.7958	129.580	115.0	109.1	90.1
6.7958	129.585	115.3	109.3	90.2
6.7959	129.590	115.5	109.4	90.6
6.7959	129.595	115.9	110.0	90.9
6.7960	129.600	116.0	109.9	91.2
6.7961	129.605	115.8	109.6	91.0
6.7961	129.610	116.1	110.0	91.0
6.7961	129.615	116.8	110.7	91.4
6.7962	129.620	116.8	110.6	91.5
6.7962	129.625	116.8	110.4	91.4
6.7963	129.630	116.8	110.4	91.5
6.7964	129.635	117.0	110.8	91.5
6.7964	129.640	116.8	110.4	91.4
6.7965	129.645	115.8	109.6	90.8
6.7965	129.650	115.3	109.1	90.2
6.7965	129.655	115.3	109.1	90.2
6.7966	129.660	115.3	109.1	90.1
6.7966	129.665	115.5	109.3	90.3
6.7967	129.670	115.0	109.1	90.5
6.7968	129.675	114.3	108.2	89.9
6.7968	129.680	114.0	108.1	89.6
6.7969	129.685	114.1	108.2	89.6
6.7969	129.690	113.9	108.0	89.6
6.7969	129.695	113.4	107.6	89.6
6.7970	129.700	112.8	106.9	88.8
6.7971	129.705	113.0	107.3	89.0
6.7971	129.710	113.2	107.5	89.1
6.7972	129.715	113.5	107.7	89.2
6.7972	129.720	114.0	108.0	89.2
6.7973	129.725	114.3	108.3	89.7
6.7973	129.730	114.4	108.3	89.7
6.7973	129.735	114.7	108.5	89.7
6.7974	129.740	115.0	108.7	90.0
6.7974	129.745	114.8	108.8	90.0
6.7975	129.750	114.3	107.9	89.5
6.7976	129.755	113.9	107.7	89.2
6.7976	129.760	113.7	107.4	88.8
6.7976	129.765	113.4	107.2	88.6
6.7977	129.770	113.2	107.1	88.5
6.7977	129.775	112.7	106.8	88.3
6.7978	129.780	112.5	106.4	88.2
6.7979	129.785	113.1	106.9	88.3
6.7979	129.790	114.3	108.0	89.6
6.7980	129.795	114.6	108.2	89.5
6.7980	129.800	114.4	107.9	89.3
6.7980	129.805	114.0	107.6	88.8
6.7981	129.810	113.9	107.5	88.8
6.7981	129.815	113.8	107.3	88.5
6.7982	129.820	116.0	109.8	89.7
6.7982	129.825	121.1	115.3	95.1
6.7983	129.830	123.2	117.4	99.4
6.7984	129.835	122.7	116.7	99.5
6.7984	129.840	122.1	116.0	98.7
6.7984	129.845	120.7	114.5	97.4
6.7985	129.850	119.2	113.2	95.5
6.7985	129.855	118.0	111.9	94.1
6.7986	129.860	117.0	110.7	92.6
6.7987	129.865	116.5	110.1	91.8
6.7987	129.870	116.0	109.4	91.2
6.7988	129.875	115.2	108.7	90.2
6.7988	129.880	114.6	108.2	89.7
6.7988	129.885	113.9	107.4	89.4
6.7989	129.890	113.1	106.5	88.7
6.7989	129.895	112.7	106.3	88.0
6.7990	129.900	113.5	106.9	88.5
6.7991	129.905	113.8	107.2	88.8
6.7991	129.910	114.1	107.6	89.1
6.7992	129.915	114.0	107.4	88.9
6.7992	129.920	113.4	106.9	88.6
6.7992	129.925	112.8	106.4	88.1
6.7993	129.930	113.0	106.4	88.0
6.7994	129.935	113.1	106.5	88.0
6.7994	129.940	113.3	106.8	88.4
6.7995	129.945	113.0	106.6	88.3
6.7995	129.950	112.8	106.6	88.3
6.7995	129.955	112.9	106.7	88.4
6.7996	129.960	113.3	107.0	88.8
6.7996	129.965	113.1	107.1	89.0
6.7997	129.970	112.7	106.4	88.7
6.7997	129.975	112.2	106.1	88.1
6.7998	129.980	112.7	106.6	88.3
6.7999	129.985	112.9	106.6	88.5
6.7999	129.990	112.8	106.4	88.1
6.7999	129.995	112.3	105.9	87.7
6.8000	130.000	111.9	105.8	87.4
6.8000	130.005	111.9	105.7	87.3
6.8001	130.010	112.2	106.1	87.5
6.8002	130.015	112.1	105.9	87.5
6.8002	130.020	112.2	106.1	87.4
6.8003	130.025	112.6	106.1	87.7
6.8003	130.030	112.9	106.8	88.2
6.8003	130.035	113.6	107.3	88.6
6.8004	130.040	114.0	107.8	89.1
6.8004	130.045	115.0	108.9	90.0
6.8005	130.050	115.6	109.3	90.7
6.8006	130.055	115.6	109.1	90.8
6.8006	130.060	115.1	108.8	90.3
6.8007	130.065	115.2	108.7	90.3
6.8007	130.070	115.1	108.6	90.2
6.8007	130.075	114.6	108.3	89.8
6.8008	130.080	115.1	108.7	90.2
6.8009	130.085	115.2	108.9	90.3
6.8009	130.090	116.1	109.8	90.7
6.8010	130.095	116.5	110.1	91.5
6.8010	130.100	116.6	110.2	91.6
6.8011	130.105	116.4	110.0	91.4
6.8011	130.110	116.0	109.5	91.0
6.8011	130.115	115.8	109.3	90.7
6.8012	130.120	115.8	109.3	90.5
6.8012	130.125	115.3	108.8	90.5
6.8013	130.130	114.8	108.4	89.9
6.8014	130.135	114.6	108.0	89.6
6.8014	130.140	114.2	107.7	89.1
6.8014	130.145	114.3	107.9	89.2
6.8015	130.150	114.6	108.0	89.5
6.8015	130.155	114.3	107.9	89.1
6.8016	130.160	114.1	107.6	88.8
6.8017	130.165	114.2	107.7	88.8
6.8017	130.170	114.6	108.1	89.2
6.8018	130.175	114.6	108.1	89.3
6.8018	130.180	114.4	108.0	89.1
6.8018	130.185	114.2	107.8	89.0
6.8019	130.190	113.9	107.4	88.8
6.8019	130.195	113.8	107.2	88.5
6.8020	130.200	113.7	107.0	88.3
6.8021	130.205	113.7	106.9	87.9
6.8021	130.210	114.2	107.6	88.5
6.8022	130.215	114.9	108.2	89.2
6.8022	130.220	115.0	108.4	89.5
6.8022	130.225	114.7	107.9	89.0
6.8023	130.230	114.3	107.9	89.0
6.8024	130.235	114.8	108.4	89.3
6.8024	130.240	115.0	108.4	89.7
6.8025	130.245	114.5	107.9	89.2
6.8025	130.250	114.3	107.7	89.2
6.8026	130.255	114.6	108.2	89.3
6.8026	130.260	114.8	108.3	89.6
6.8026	130.265	114.6	108.1	89.5
6.8027	130.270	114.7	108.3	89.4
6.8027	130.275	114.9	108.5	89.7
6.8028	130.280	115.0	108.6	89.9
6.8029	130.285	114.8	108.3	89.8
6.8029	130.290	114.1	107.7	89.2
6.8030	130.295	114.1	107.6	88.8
6.8030	130.300	114.4	108.0	89.1
6.8030	130.305	114.6	108.1	89.2
6.8031	130.310	114.6	108.4	89.5
6.8032	130.315	114.6	108.1	89.8
6.8032	130.320	114.5	108.3	89.4
6.8033	130.325	114.7	108.3	89.5
6.8033	130.330	114.7	108.2	89.5
6.8034	130.335	114.4	107.9	89.5
6.8034	130.340	114.1	107.8	89.0
6.8034	130.345	114.2	107.9	89.1
6.8035	130.350	114.1	107.8	89.2
6.8035	130.355	114.2	107.9	89.3
6.8036	130.360	114.4	108.1	89.3
6.8037	130.365	114.6	108.6	89.6
6.8037	130.370	114.9	108.6	89.9
6.8037	130.375	114.8	108.5	89.7
6.8038	130.380	114.7	108.4	89.8
6.8038	130.385	114.7	108.3	89.6
6.8039	130.390	114.8	108.3	89.6
6.8040	130.395	114.7	108.3	89.4
6.8040	130.400	114.7	108.3	89.4
6.8041	130.405	114.8	108.6	89.7
6.8041	130.410	115.0	108.7	90.0
6.8041	130.415	114.8	108.6	89.9
6.8042	130.420	114.5	108.3	89.7
6.8042	130.425	114.5	108.3	89.7
6.8043	130.430	114.4	108.1	89.6
6.8044	130.435	114.5	108.0	89.7
6.8044	130.440	114.4	108.1	89.6
6.8045	130.445	114.5	108.4	89.7
6.8045	130.450	114.4	108.4	89.8
6.8045	130.455	114.3	108.1	89.7
6.8046	130.460	114.1	108.1	89.6
6.8047	130.465	114.3	108.0	89.7
6.8047	130.470	114.1	108.0	89.6
6.8048	130.475	114.0	107.8	89.3
6.8048	130.480	113.9	107.7	89.2
6.8049	130.485	114.2	107.8	89.5
6.8049	130.490	114.5	108.5	89.9
6.8049	130.495	115.1	108.9	90.3
6.8050	130.500	115.2	109.0	90.6
6.8050	130.505	115.6	109.3	90.6
6.8051	130.510	115.8	109.4	90.8
6.8051	130.515	115.1	108.7	90.5
6.8052	130.520	114.3	108.0	89.7
6.8053	130.525	114.2	107.8	89.6
6.8053	130.530	113.7	107.5	89.3
6.8053	130.535	113.5	107.3	89.0
6.8054	130.540	113.2	106.9	88.8
6.8054	130.545	113.3	106.9	88.5
6.8055	130.550	113.6	107.5	88.8
6.8056	130.555	114.2	107.8	89.3
6.8056	130.560	114.0	107.5	89.1
6.8056	130.565	113.6	107.1	88.8
6.8057	130.570	113.3	106.8	88.6
6.8057	130.575	113.6	107.3	89.1
6.8058	130.580	113.5	107.1	89.1
6.8059	130.585	112.9	106.6	88.8
6.8059	130.590	112.3	106.2	88.5
6.8060	130.595	112.3	106.3	88.5
6.8060	130.600	112.7	106.7	88.9
6.8060	130.605	113.1	107.0	88.9
6.8061	130.610	113.5	107.5	89.4
6.8062	130.615	113.8	107.6	89.6
6.8062	130.620	114.0	107.8	89.7
6.8063	130.625	113.8	107.6	89.6
6.8063	130.630	113.4	107.3	89.4
6.8064	130.635	112.5	106.5	89.0
6.8064	130.640	112.1	106.2	88.8
6.8064	130.645	110.9	105.0	87.8
6.8065	130.650	110.9	104.8	87.1
6.8065	130.655	112.0	106.0	87.7
6.8066	130.660	112.6	106.6	88.5
6.8066	130.665	113.3	107.2	88.8
6.8067	130.670	113.8	107.7	89.7
6.8068	130.675	114.0	107.8	89.9
6.8068	130.680	113.9	107.7	89.6
6.8068	130.685	114.3	108.1	89.8
6.8069	130.690	114.3	108.1	90.0
6.8069	130.695	114.0	107.8	89.8
6.8070	130.700	114.3	108.1	89.7
6.8071	130.705	114.9	108.7	90.1
6.8071	130.710	115.3	109.1	90.6
6.8072	130.715	115.7	109.6	91.1
6.8072	130.720	115.5	109.2	91.2
6.8072	130.725	114.7	108.6	90.5
6.8073	130.730	114.1	107.9	90.0
6.8074	130.735	113.4	107.3	89.6
6.8074	130.740	113.9	107.8	89.5
6.8075	130.745	114.7	108.5	90.0
6.8075	130.750	114.9	108.6	90.3
6.8075	130.755	114.3	108.2	90.2
6.8076	130.760	113.4	107.3	89.5
6.8076	130.765	112.9	106.7	89.2
6.8077	130.770	112.1	105.9	88.3
6.8078	130.775	112.0	105.9	88.0
6.8078	130.780	112.8	106.7	88.7
6.8079	130.785	113.1	107.1	89.1
6.8079	130.790	113.7	107.7	89.4
6.8079	130.795	114.3	108.3	90.2
6.8080	130.800	114.0	107.9	90.2
6.8080	130.805	113.9	107.6	89.8
6.8081	130.810	114.0	107.9	89.7
6.8081	130.815	114.0	107.8	89.8
6.8082	130.820	113.9	107.7	89.8
6.8083	130.825	114.1	107.9	89.8
6.8083	130.830	114.5	108.3	90.0
6.8083	130.835	115.0	108.7	90.1
6.8084	130.840	115.4	109.2	90.5
6.8084	130.845	115.7	109.5	91.1
6.8085	130.850	116.0	109.6	91.3
6.8086	130.855	115.9	109.7	91.2
6.8086	130.860	115.8	109.5	91.0
6.8087	130.865	115.6	109.5	90.9
6.8087	130.870	115.7	109.5	91.0
6.8087	130.875	115.5	109.5	90.9
6.8088	130.880	115.6	109.5	91.1
6.8088	130.885	115.6	109.5	91.3
6.8089	130.890	115.6	109.3	91.2
6.8090	130.895	115.8	109.5	91.2
6.8090	130.900	115.6	109.3	91.2
6.8091	130.905	114.9	108.6	90.8
6.8091	130.910	114.6	108.4	90.4
6.8091	130.915	114.4	108.2	90.2
6.8092	130.920	114.8	108.7	90.4
6.8093	130.925	114.7	108.7	90.5
6.8093	130.930	115.0	108.8	90.6
6.8094	130.935	115.1	109.0	90.8
6.8094	130.940	115.3	109.1	90.8
6.8095	130.945	115.6	109.5	91.1
6.8095	130.950	115.9	109.8	91.7
6.8095	130.955	115.9	109.8	91.6
6.8096	130.960	116.1	110.0	91.7
6.8096	130.965	115.9	109.7	91.3
6.8097	130.970	115.7	109.5	90.9
6.8098	130.975	115.6	109.3	90.9
6.8098	130.980	115.7	109.5	90.9
6.8098	130.985	115.6	109.3	90.7
6.8099	130.990	115.5	109.3	90.7
6.8099	130.995	115.5	109.4	90.8
6.8100	131.000	115.8	109.5	91.1
6.8101	131.005	116.0	109.9	91.5
6.8101	131.010	115.9	109.8	91.6
6.8102	131.015	116.1	110.0	91.5
6.8102	131.020	116.4	110.2	91.8
6.8102	131.025	116.5	110.4	91.9
6.8103	131.030	116.9	110.6	92.0
6.8103	131.035	116.9	110.5	91.8
6.8104	131.040	116.6	110.2	91.8
6.8104	131.045	116.3	109.9	91.4
6.8105	131.050	116.3	110.0	91.4
6.8106	131.055	116.5	110.1	91.4
6.8106	131.060	116.5	110.1	91.4
6.8106	131.065	116.5	110.1	91.7
6.8107	131.070	116.4	110.1	91.6
6.8107	131.075	116.6	110.3	91.8
6.8108	131.080	116.6	110.4	91.8
6.8109	131.085	116.4	110.0	91.4
6.8109	131.090	116.6	110.5	91.8
6.8110	131.095	116.6	110.5	92.0
6.8110	131.100	116.2	110.1	91.9
6.8110	131.105	115.8	109.9	91.6
6.8111	131.110	115.9	109.9	91.8
6.8111	131.115	115.8	109.8	91.8
6.8112	131.120	115.4	109.5	91.6
6.8113	131.125	115.2	109.5	91.4
6.8113	131.130	115.3	109.3	91.4
6.8114	131.135	115.2	109.2	91.3
6.8114	131.140	115.3	109.3	91.2
6.8114	131.145	115.4	109.3	91.4
6.8115	131.150	115.3	109.3	91.3
6.8116	131.155	115.0	109.0	91.2
6.8116	131.160	114.6	108.7	90.9
6.8117	131.165	114.3	108.4	90.8
6.8117	131.170	114.3	108.4	90.8
6.8117	131.175	114.2	108.6	91.1
6.8118	131.180	114.2	108.4	91.3
6.8118	131.185	114.6	109.1	91.6
6.8119	131.190	115.4	109.6	92.0
6.8119	131.195	115.5	109.7	91.9
6.8120	131.200	115.1	109.3	91.6
6.8121	131.205	114.6	108.8	91.1
6.8121	131.210	114.3	108.5	91.1
6.8121	131.215	114.0	108.3	90.7
6.8122	131.220	114.4	108.7	90.8
6.8122	131.225	115.2	109.4	91.2
6.8123	131.230	115.5	109.5	91.3
6.8124	131.235	115.7	109.8	91.3
6.8124	131.240	116.1	110.1	91.8
6.8125	131.245	116.7	110.6	92.0
6.8125	131.250	117.0	110.8	92.3
6.8125	131.255	116.2	110.0	92.0
6.8126	131.260	115.4	109.3	91.0
6.8126	131.265	115.4	109.3	91.0
6.8127	131.270	115.5	109.5	90.9
6.8128	131.275	115.5	109.5	91.1
6.8128	131.280	115.3	109.4	91.1
6.8129	131.285	115.2	109.2	91.0
6.8129	131.290	115.2	109.2	91.1
6.8129	131.295	115.3	109.2	91.2
6.8130	131.300	115.1	108.9	90.8
6.8131	131.305	115.2	109.0	90.4
6.8131	131.310	115.8	109.4	90.6
6.8132	131.315	116.5	110.2	91.1
6.8132	131.320	117.1	110.8	91.9
6.8133	131.325	117.0	110.6	91.9
6.8133	131.330	116.8	110.3	91.6
6.8133	131.335	116.5	109.9	91.2
6.8134	131.340	116.2	109.7	90.7
6.8134	131.345	116.3	109.7	90.7
6.8135	131.350	115.6	109.1	90.4
6.8136	131.355	115.3	108.7	90.0
6.8136	131.360	115.0	108.4	89.4
6.8136	131.365	115.2	108.7	89.4
6.8137	131.370	115.5	108.8	89.7
6.8137	131.375	116.0	109.4	90.2
6.8138	131.380	116.1	109.6	90.7
6.8139	131.385	116.0	109.5	90.4
6.8139	131.390	116.2	109.6	90.4
6.8140	131.395	116.0	109.5	90.4
6.8140	131.400	115.8	109.1	90.2
6.8140	131.405	115.5	109.0	90.0
6.8141	131.410	115.5	109.0	90.2
6.8141	131.415	115.2	108.9	90.0
6.8142	131.420	114.9	108.5	90.0
6.8143	131.425	114.6	108.2	89.6
6.8143	131.430	114.5	108.1	89.3
6.8144	131.435	115.0	108.5	89.4
6.8144	131.440	115.1	108.6	89.5
6.8144	131.445	115.4	108.7	89.5
6.8145	131.450	115.3	108.6	89.3
6.8146	131.455	115.6	108.6	89.1
6.8146	131.460	115.6	108.7	89.3
6.8147	131.465	115.7	108.9	89.5
6.8147	131.470	115.6	108.9	89.6
6.8148	131.475	115.3	108.5	89.3
6.8148	131.480	115.4	108.7	89.3
6.8148	131.485	115.4	108.8	89.5
6.8149	131.490	115.6	108.9	89.5
6.8149	131.495	115.8	109.2	89.8
6.8150	131.500	115.9	109.3	90.1
6.8151	131.505	115.5	109.0	89.9
6.8151	131.510	115.1	108.5	89.7
6.8152	131.515	115.4	109.0	89.9
6.8152	131.520	115.9	109.5	90.4
6.8152	131.525	115.8	109.3	90.4
6.8153	131.530	115.7	109.1	90.1
6.8154	131.535	116.1	109.4	90.3
6.8154	131.540	116.3	109.6	90.5
6.8155	131.545	116.0	109.5	90.4
6.8155	131.550	116.0	109.3	90.2
6.8155	131.555	116.0	109.4	90.3
6.8156	131.560	115.5	108.8	89.9
6.8156	131.565	115.0	108.4	89.3
6.8157	131.570	114.6	108.1	89.1
6.8157	131.575	114.8	108.2	89.1
6.8158	131.580	114.9	108.3	89.0
6.8159	131.585	114.9	108.3	89.1
6.8159	131.590	114.8	108.2	89.1
6.8159	131.595	115.0	108.3	89.3
6.8160	131.600	114.9	108.2	89.2
6.8160	131.605	115.2	108.3	89.1
6.8161	131.610	115.2	108.4	89.1
6.8162	131.615	115.2	108.4	89.2
6.8162	131.620	114.8	108.2	89.0
6.8163	131.625	114.7	108.0	88.8
6.8163	131.630	114.7	107.9	89.0
6.8163	131.635	114.6	108.1	88.9
6.8164	131.640	114.4	107.8	88.9
6.8164	131.645	114.1	107.5	88.3
6.8165	131.650	114.1	107.4	88.2
6.8166	131.655	114.2	107.5	88.2
6.8166	131.660	114.6	107.9	88.6
6.8167	131.665	114.5	107.8	89.0
6.8167	131.670	114.5	107.9	88.7
6.8167	131.675	115.0	108.3	88.9
6.8168	131.680	115.5	108.8	89.5
6.8169	131.685	115.5	108.7	89.7
6.8169	131.690	114.9	108.2	89.3
6.8170	131.695	114.5	107.9	88.8
6.8170	131.700	114.4	107.7	88.7
6.8171	131.705	114.2	107.5	88.4
6.8171	131.710	113.8	106.9	88.0
6.8171	131.715	113.7	107.1	87.8
6.8172	131.720	113.7	107.2	87.9
6.8172	131.725	113.7	107.2	87.9
6.8173	131.730	114.4	107.7	88.3
6.8174	131.735	114.7	107.8	88.6
6.8174	131.740	114.4	107.5	88.4
6.8175	131.745	114.1	107.2	88.1
6.8175	131.750	114.4	107.6	88.4
6.8175	131.755	114.3	107.6	88.5
6.8176	131.760	113.7	107.0	88.3
6.8176	131.765	113.3	106.7	88.0
6.8177	131.770	113.0	106.2	87.5
6.8178	131.775	112.7	106.1	87.2
6.8178	131.780	112.9	106.2	87.3
6.8178	131.785	113.2	106.6	87.5
6.8179	131.790	113.7	107.3	88.2
6.8179	131.795	113.9	107.3	88.7
6.8180	131.800	113.7	107.1	88.3
6.8181	131.805	114.0	107.4	88.1
6.8181	131.810	114.4	107.9	88.7
6.8182	131.815	115.0	108.3	89.0
6.8182	131.820	115.3	108.7	89.3
6.8182	131.825	115.6	109.0	89.7
6.8183	131.830	115.9	109.0	90.1
6.8184	131.835	115.5	108.8	90.0
6.8184	131.840	115.4	108.6	89.8
6.8185	131.845	115.1	108.3	89.5
6.8185	131.850	114.5	107.7	88.9
6.8186	131.855	114.3	107.7	88.3
6.8186	131.860	114.2	107.5	88.4
6.8186	131.865	114.1	107.2	88.4
6.8187	131.870	113.6	107.0	88.1
6.8187	131.875	113.6	106.8	87.9
6.8188	131.880	114.0	107.2	87.9
6.8188	131.885	114.3	107.6	88.2
6.8189	131.890	114.6	107.8	88.7
6.8190	131.895	114.8	107.9	88.7
6.8190	131.900	115.0	108.2	88.9
6.8190	131.905	115.0	108.1	88.9
6.8191	131.910	114.7	107.9	88.8
6.8191	131.915	114.5	107.9	88.5
6.8192	131.920	114.4	107.5	88.5
6.8193	131.925	114.0	107.4	88.2
6.8193	131.930	114.1	107.2	88.1
6.8194	131.935	113.9	107.0	87.9
6.8194	131.940	113.7	106.9	87.8
6.8194	131.945	114.0	107.1	87.9
6.8195	131.950	114.2	107.3	87.8
6.8196	131.955	114.7	107.7	88.3
6.8196	131.960	115.3	108.4	88.7
6.8197	131.965	115.8	109.0	89.4
6.8197	131.970	116.1	109.3	89.6
6.8197	131.975	116.1	109.2	89.8
6.8198	131.980	116.0	109.2	90.0
6.8199	131.985	115.8	108.9	89.9
6.8199	131.990	115.1	108.4	89.5
6.8200	131.995	115.0	108.3	89.1
6.8200	132.000	115.3	108.4	89.3
6.8201	132.005	115.1	108.2	89.0
6.8201	132.010	115.3	108.6	89.2
6.8201	132.015	115.8	109.1	89.4
6.8202	132.020	116.2	109.4	90.1
6.8202	132.025	115.9	109.0	89.9
6.8203	132.030	115.6	108.7	89.4
6.8203	132.035	115.4	108.7	89.3
6.8204	132.040	115.5	108.8	89.5
6.8205	132.045	115.7	108.7	89.4
6.8205	132.050	115.2	108.1	89.0
6.8205	132.055	115.2	108.3	89.0
6.8206	132.060	115.2	108.3	89.0
6.8206	132.065	115.7	109.0	89.6
6.8207	132.070	115.9	109.0	89.9
6.8208	132.075	115.7	108.8	89.9
6.8208	132.080	115.3	108.5	89.5
6.8209	132.085	115.2	108.5	89.3
6.8209	132.090	114.7	108.0	89.0
6.8209	132.095	114.8	108.0	88.8
6.8210	132.100	114.7	108.0	88.6
6.8210	132.105	114.2	107.6	88.6
6.8211	132.110	113.6	107.0	88.0
6.8212	132.115	113.3	106.5	87.8
6.8212	132.120	113.1	106.5	87.3
6.8213	132.125	113.0	106.3	87.3
6.8213	132.130	112.9	106.2	87.2
6.8213	132.135	112.9	106.3	87.3
6.8214	132.140	113.0	106.2	87.1
6.8215	132.145	112.7	106.0	86.8
6.8215	132.150	113.1	106.3	87.3
6.8216	132.155	112.8	106.2	87.5
6.8216	132.160	112.9	106.2	87.5
6.8216	132.165	112.7	106.2	87.5
6.8217	132.170	112.7	106.2	87.6
6.8217	132.175	112.6	106.1	87.6
6.8218	132.180	112.6	105.9	87.3
6.8218	132.185	112.4	105.8	87.1
6.8219	132.190	112.2	105.6	87.1
6.8220	132.195	111.8	105.1	86.7
6.8220	132.200	111.9	105.3	86.8
6.8220	132.205	112.0	105.6	87.2
6.8221	132.210	111.8	105.2	87.0
6.8221	132.215	111.5	105.1	86.6
6.8222	132.220	111.1	104.7	86.3
6.8223	132.225	111.0	104.5	85.9
6.8223	132.230	111.4	104.8	86.2
6.8224	132.235	111.2	104.8	86.3
6.8224	132.240	110.7	104.1	85.8
6.8224	132.245	110.3	104.0	85.4
6.8225	132.250	110.1	103.7	85.4
6.8225	132.255	109.8	103.4	85.1
6.8226	132.260	110.1	103.8	85.2
6.8226	132.265	110.5	104.2	85.6
6.8227	132.270	110.4	104.1	85.6
6.8228	132.275	110.8	104.7	85.7
6.8228	132.280	111.9	105.8	86.5
6.8228	132.285	112.9	106.6	87.4
6.8229	132.290	113.0	106.8	88.0
6.8229	132.295	113.4	107.1	88.3
6.8230	132.300	113.1	106.7	88.1
6.8231	132.305	113.2	106.8	88.0
6.8231	132.310	113.6	107.2	88.2
6.8232	132.315	113.7	107.2	88.3
6.8232	132.320	113.7	107.3	88.2
6.8232	132.325	113.5	107.0	88.1
6.8233	132.330	112.9	106.4	87.4
6.8233	132.335	112.8	106.2	87.2
6.8234	132.340	113.0	106.4	87.3
6.8235	132.345	113.4	106.9	87.5
6.8235	132.350	113.7	107.2	88.0
6.8236	132.355	113.6	107.1	88.1
6.8236	132.360	113.4	106.8	87.8
6.8236	132.365	113.6	107.0	87.8
6.8237	132.370	113.3	106.7	88.0
6.8238	132.375	112.8	106.3	87.7
6.8238	132.380	111.9	105.5	87.2
6.8239	132.385	111.0	104.6	86.5
6.8239	132.390	110.5	104.2	86.0
6.8239	132.395	110.7	104.5	85.9
6.8240	132.400	111.3	105.2	86.4
6.8240	132.405	111.8	105.7	87.2
6.8241	132.410	112.0	105.7	87.4
6.8241	132.415	112.1	105.8	87.2
6.8242	132.420	112.6	106.2	87.3
6.8243	132.425	113.3	106.8	87.7
6.8243	132.430	113.9	107.3	88.0
6.8243	132.435	113.9	107.4	88.1
6.8244	132.440	114.5	107.9	88.6
6.8244	132.445	114.7	107.9	88.9
6.8245	132.450	114.7	108.0	88.9
6.8246	132.455	114.9	108.2	88.8
6.8246	132.460	114.9	108.0	88.8
6.8247	132.465	114.8	108.1	88.6
6.8247	132.470	114.6	107.9	88.5
6.8247	132.475	114.8	108.2	88.5
6.8248	132.480	115.0	108.3	88.7
6.8248	132.485	115.3	108.7	89.0
6.8249	132.490	115.3	108.7	89.1
6.8250	132.495	115.2	108.5	89.2
6.8250	132.500	114.6	108.0	88.7
6.8251	132.505	114.7	107.8	88.5
6.8251	132.510	114.9	108.4	88.9
6.8251	132.515	115.3	108.5	89.3
6.8252	132.520	115.7	109.1	89.7
6.8253	132.525	116.1	109.4	89.9
6.8253	132.530	116.6	109.9	90.3
6.8254	132.535	116.7	109.9	90.3
6.8254	132.540	116.8	109.9	90.3
6.8255	132.545	116.8	109.8	90.5
6.8255	132.550	116.5	109.6	90.1
6.8255	132.555	116.4	109.7	89.9
6.8256	132.560	116.3	109.4	89.8
6.8256	132.565	115.9	109.2	89.5
6.8257	132.570	115.7	109.0	89.5
6.8258	132.575	115.4	108.8	89.6
6.8258	132.580	115.4	108.8	89.5
6.8258	132.585	115.5	108.9	89.6
6.8259	132.590	115.4	108.6	89.4
6.8259	132.595	115.9	109.1	89.5
6.8260	132.600	116.0	109.2	89.8
6.8261	132.605	115.7	108.9	89.5
6.8261	132.610	115.6	108.8	89.4
6.8262	132.615	115.5	108.7	89.5
6.8262	132.620	115.0	108.3	89.2
6.8262	132.625	114.9	108.3	89.0
6.8263	132.630	115.5	108.8	89.5
6.8263	132.635	116.4	109.9	90.2
6.8264	132.640	117.1	110.6	91.2
6.8265	132.645	117.3	110.6	91.6
6.8265	132.650	116.8	110.4	91.5
6.8266	132.655	116.6	110.1	91.1
6.8266	132.660	116.4	109.8	91.0
6.8266	132.665	116.2	109.8	90.8
6.8267	132.670	116.2	109.9	91.0
6.8268	132.675	116.2	109.7	90.8
6.8268	132.680	116.0	109.5	90.7
6.8269	132.685	115.8	109.4	90.5
6.8269	132.690	115.4	108.8	90.2
6.8270	132.695	114.7	108.4	89.5
6.8270	132.700	114.4	107.8	89.1
6.8270	132.705	113.9	107.2	88.3
6.8271	132.710	113.3	106.7	87.7
6.8271	132.715	113.8	107.4	87.9
6.8272	132.720	114.0	107.4	88.3
6.8273	132.725	113.3	107.0	88.0
6.8273	132.730	113.6	107.5	88.2
6.8274	132.735	114.0	107.8	88.9
6.8274	132.740	114.0	107.7	89.0
6.8274	132.745	114.4	108.2	89.0
6.8275	132.750	114.9	108.5	89.5
6.8276	132.755	114.8	108.4	89.7
6.8276	132.760	114.2	108.0	89.1
6.8277	132.765	114.0	107.8	89.1
6.8277	132.770	113.7	107.4	88.7
6.8277	132.775	113.4	107.1	88.5
6.8278	132.780	113.0	106.7	88.1
6.8278	132.785	112.7	106.3	87.8
6.8279	132.790	112.7	106.4	87.6
6.8279	132.795	113.2	107.0	87.9
6.8280	132.800	113.3	107.0	88.2
6.8281	132.805	113.4	107.1	88.1
6.8281	132.810	113.9	107.7	88.7
6.8281	132.815	114.3	108.0	89.1
6.8282	132.820	114.2	107.9	89.1
6.8282	132.825	114.0	107.7	89.0
6.8283	132.830	114.0	107.7	88.9
6.8284	132.835	114.1	107.8	89.1
6.8284	132.840	113.9	107.5	88.7
6.8285	132.845	114.1	107.7	88.5
6.8285	132.850	114.6	108.2	88.6
6.8285	132.855	115.5	109.0	89.7
6.8286	132.860	116.0	109.5	90.3
6.8286	132.865	115.8	109.4	90.3
6.8287	132.870	115.8	109.4	90.3
6.8288	132.875	115.7	109.3	90.0
6.8288	132.880	115.6	109.0	89.7
6.8289	132.885	115.7	109.1	89.5
6.8289	132.890	116.5	110.0	90.1
6.8289	132.895	116.6	110.1	90.5
6.8290	132.900	116.4	109.8	90.4
6.8291	132.905	116.3	109.7	90.2
6.8291	132.910	116.2	109.6	90.3
6.8292	132.915	115.5	108.9	89.7
6.8292	132.920	115.0	108.5	89.2
6.8293	132.925	115.2	108.7	89.1
6.8293	132.930	115.8	109.4	89.7
6.8293	132.935	115.9	109.6	90.2
6.8294	132.940	115.8	109.4	90.4
6.8294	132.945	115.1	108.7	89.9
6.8295	132.950	114.8	108.4	89.5
6.8296	132.955	114.9	108.5	89.4
6.8296	132.960	115.3	109.2	89.8
6.8296	132.965	116.0	109.7	90.4
6.8297	132.970	115.7	109.5	90.2
6.8297	132.975	115.6	109.2	89.8
6.8298	132.980	115.3	109.1	90.0
6.8299	132.985	115.4	109.1	89.9
6.8299	132.990	115.1	108.9	89.7
6.8300	132.995	115.6	109.3	89.9
6.8300	133.000	116.1	109.7	90.4
6.8300	133.005	116.2	109.7	90.3
6.8301	133.010	116.2	109.8	90.5
6.8301	133.015	116.0	109.4	90.2
6.8302	133.020	115.9	109.3	89.9
6.8303	133.025	115.9	109.5	89.9
6.8303	133.030	115.9	109.5	89.8
6.8304	133.035	115.8	109.3	89.8
6.8304	133.040	115.5	109.0	89.6
6.8304	133.045	115.0	108.5	89.0
6.8305	133.050	114.9	108.4	88.6
6.8306	133.055	115.5	109.0	89.1
6.8306	133.060	116.1	109.6	89.7
6.8307	133.065	116.9	110.3	90.4
6.8307	133.070	116.9	110.2	90.6
6.8308	133.075	116.9	110.4	90.7
6.8308	133.080	117.0	110.5	90.7
6.8308	133.085	116.9	110.4	90.8
6.8309	133.090	116.7	110.2	90.5
6.8309	133.095	116.7	110.2	90.5
6.8310	133.100	116.5	110.0	90.6
6.8310	133.105	116.3	109.7	90.0
6.8311	133.110	116.7	110.1	90.1
6.8312	133.115	116.8	110.2	90.4
6.8312	133.120	117.1	110.6	90.8
6.8312	133.125	117.5	111.0	91.1
6.8313	133.130	117.3	110.6	91.0
6.8313	133.135	117.7	111.1	91.3
6.8314	133.140	117.7	111.3	91.4
6.8315	133.145	117.9	111.2	91.6
6.8315	133.150	118.0	111.5	92.0
6.8316	133.155	118.0	111.4	92.2
6.8316	133.160	117.4	111.0	91.8
6.8316	133.165	117.7	111.2	91.8
6.8317	133.170	118.1	111.5	91.9
6.8318	133.175	118.2	111.5	92.1
6.8318	133.180	117.8	111.1	91.7
6.8319	133.185	118.2	111.5	91.9
6.8319	133.190	118.2	111.6	92.1
6.8319	133.195	118.2	111.5	92.0
6.8320	133.200	118.1	111.5	91.9
6.8321	133.205	118.0	111.2	91.9
6.8321	133.210	117.8	111.0	91.5
6.8322	133.215	117.4	110.6	91.1
6.8322	133.220	117.5	110.7	90.7
6.8323	133.225	117.7	111.0	91.1
6.8323	133.230	117.5	110.9	91.0
6.8323	133.235	117.7	110.9	90.9
6.8324	133.240	117.8	111.1	91.3
6.8324	133.245	117.4	110.7	90.9
6.8325	133.250	117.4	110.6	90.7
6.8325	133.255	117.1	110.4	90.5
6.8326	133.260	116.8	110.1	90.2
6.8327	133.265	116.8	110.1	90.0
6.8327	133.270	116.9	110.1	90.3
6.8327	133.275	116.9	110.2	90.1
6.8328	133.280	117.0	110.3	90.4
6.8328	133.285	117.3	110.5	90.7
6.8329	133.290	117.2	110.6	90.8
6.8330	133.295	117.3	110.5	90.7
6.8330	133.300	117.4	110.6	90.8
6.8331	133.305	117.5	110.8	91.0
6.8331	133.310	117.3	110.5	91.0
6.8331	133.315	116.6	109.8	90.2
6.8332	133.320	116.1	109.5	89.7
6.8332	133.325	115.9	109.1	89.5
6.8333	133.330	115.6	109.0	89.4
6.8334	133.335	116.0	109.5	89.8
6.8334	133.340	116.1	109.5	89.9
6.8335	133.345	116.1	109.5	89.8
6.8335	133.350	116.3	109.7	89.9
6.8335	133.355	116.4	109.7	90.0
6.8336	133.360	116.7	110.1	90.1
6.8337	133.365	116.9	110.3	90.3
6.8337	133.370	117.1	110.6	90.7
6.8338	133.375	116.9	110.2	90.7
6.8338	133.380	116.6	110.1	90.3
6.8338	133.385	116.7	110.0	90.3
6.8339	133.390	116.6	110.2	90.5
6.8339	133.395	116.5	109.9	90.4
6.8340	133.400	116.0	109.5	90.0
6.8340	133.405	115.7	109.2	89.4
6.8341	133.410	115.6	109.0	89.2
6.8342	133.415	115.6	109.0	89.5
6.8342	133.420	115.3	108.8	89.3
6.8342	133.425	115.3	108.9	89.3
6.8343	133.430	115.6	109.1	89.6
6.8343	133.435	115.7	109.1	89.7
6.8344	133.440	115.6	109.1	89.8
6.8345	133.445	115.7	109.2	89.8
6.8345	133.450	115.5	109.1	89.6
6.8346	133.455	115.5	109.1	89.4
6.8346	133.460	115.9	109.3	89.6
6.8346	133.465	116.5	109.9	90.2
6.8347	133.470	116.4	109.8	90.0
6.8347	133.475	116.7	110.0	90.0
6.8348	133.480	116.8	110.0	90.1
6.8349	133.485	116.9	110.1	90.3
6.8349	133.490	116.7	109.9	90.3
6.8350	133.495	116.4	109.6	90.1
6.8350	133.500	116.2	109.6	89.9
6.8350	133.505	115.8	109.2	89.6
6.8351	133.510	115.3	108.6	89.1
6.8351	133.515	114.7	108.2	88.5
6.8352	133.520	114.9	108.2	88.4
6.8353	133.525	115.0	108.2	88.5
6.8353	133.530	115.3	108.7	88.8
6.8354	133.535	115.4	108.7	89.0
6.8354	133.540	115.3	108.6	88.9
6.8354	133.545	115.1	108.5	88.8
6.8355	133.550	115.4	108.8	89.1
6.8355	133.555	115.4	108.7	89.2
6.8356	133.560	115.0	108.4	88.7
6.8357	133.565	115.3	108.6	88.6
6.8357	133.570	115.6	109.0	89.3
6.8357	133.575	115.5	109.0	89.4
6.8358	133.580	115.3	108.7	89.2
6.8358	133.585	115.4	108.8	89.3
6.8359	133.590	115.1	108.5	88.9
6.8360	133.595	115.4	108.6	89.0
6.8360	133.600	115.7	109.1	89.4
6.8361	133.605	115.4	108.7	89.2
6.8361	133.610	115.5	108.9	89.0
6.8361	133.615	115.4	108.6	88.9
6.8362	133.620	115.2	108.8	88.6
6.8362	133.625	115.5	108.8	89.0
6.8363	133.630	115.4	109.1	89.1
6.8363	133.635	115.5	108.9	89.4
6.8364	133.640	115.2	108.7	89.3
6.8365	133.645	115.2	108.5	89.1
6.8365	133.650	114.8	108.4	89.0
6.8365	133.655	114.2	107.8	88.5
6.8366	133.660	114.3	107.7	88.2
6.8366	133.665	114.6	108.2	88.4
6.8367	133.670	114.9	108.3	88.6
6.8368	133.675	114.9	108.3	88.6
6.8368	133.680	114.7	108.1	88.6
6.8369	133.685	114.7	108.0	88.4
6.8369	133.690	114.4	107.8	88.6
6.8369	133.695	114.3	107.6	88.3
6.8370	133.700	114.3	107.6	88.3
6.8370	133.705	114.5	107.7	88.2
6.8371	133.710	114.6	107.9	88.2
6.8372	133.715	114.9	108.2	88.5
6.8372	133.720	114.4	107.9	88.4
6.8373	133.725	114.0	107.3	88.0
6.8373	133.730	113.9	107.4	87.9
6.8373	133.735	114.3	107.7	88.3
6.8374	133.740	114.2	107.7	88.4
6.8375	133.745	114.3	107.8	88.3
6.8375	133.750	114.8	108.3	88.8
6.8376	133.755	115.0	108.3	88.8
6.8376	133.760	115.2	108.6	89.1
6.8377	133.765	115.5	108.9	89.2
6.8377	133.770	115.6	109.1	89.5
6.8377	133.775	115.5	108.7	89.2
6.8378	133.780	115.4	108.8	89.0
6.8378	133.785	115.4	109.0	89.3
6.8379	133.790	115.0	108.3	89.1
6.8380	133.795	114.8	108.3	88.8
6.8380	133.800	114.8	108.2	88.7
6.8380	133.805	114.9	108.5	89.0
6.8381	133.810	114.8	108.4	88.9
6.8381	133.815	114.4	107.9	88.5
6.8382	133.820	114.5	108.0	88.3
6.8383	133.825	115.1	108.6	88.7
6.8383	133.830	115.4	108.7	89.0
6.8384	133.835	115.4	108.7	89.4
6.8384	133.840	115.6	109.1	89.4
6.8384	133.845	115.4	108.9	89.5
6.8385	133.850	115.3	108.8	89.4
6.8385	133.855	115.0	108.6	89.5
6.8386	133.860	114.8	108.3	89.1
6.8387	133.865	114.6	108.2	88.8
6.8387	133.870	114.8	108.3	88.8
6.8388	133.875	115.1	108.5	89.1
6.8388	133.880	115.0	108.5	89.2
6.8388	133.885	115.2	108.9	89.3
6.8389	133.890	115.3	108.9	89.6
6.8390	133.895	114.9	108.5	89.5
6.8390	133.900	114.5	108.3	89.4
6.8391	133.905	114.6	108.3	89.2
6.8391	133.910	114.4	108.1	89.4
6.8392	133.915	113.9	107.7	89.1
6.8392	133.920	113.9	107.8	89.0
6.8392	133.925	114.5	108.3	89.3
6.8393	133.930	114.8	108.5	89.7
6.8393	133.935	115.1	108.8	89.8
6.8394	133.940	115.5	109.2	89.9
6.8395	133.945	115.8	109.5	90.2
6.8395	133.950	116.1	109.8	90.7
6.8396	133.955	115.9	109.5	90.6
6.8396	133.960	115.2	109.0	90.1
6.8396	133.965	114.9	108.5	89.8
6.8397	133.970	114.6	108.3	89.6
6.8398	133.975	114.1	107.8	89.0
6.8398	133.980	114.3	108.2	89.1
6.8399	133.985	114.6	108.5	89.6
6.8399	133.990	115.1	109.0	89.8
6.8399	133.995	115.8	109.7	90.5
6.8400	134.000	115.9	109.6	90.5
6.8400	134.005	115.8	109.2	90.1
6.8401	134.010	115.8	109.4	90.0
6.8401	134.015	115.8	109.4	90.1
6.8402	134.020	116.0	109.8	90.3
6.8403	134.025	116.0	109.7	90.4
6.8403	134.030	115.8	109.4	90.3
6.8403	134.035	115.5	109.3	90.3
6.8404	134.040	115.6	109.5	90.3
6.8404	134.045	115.6	109.5	90.4
6.8405	134.050	115.5	109.3	90.2
6.8406	134.055	115.4	109.2	90.0
6.8406	134.060	115.7	109.5	90.3
6.8407	134.065	115.7	109.6	90.4
6.8407	134.070	115.2	109.3	90.4
6.8407	134.075	114.3	108.4	90.0
6.8408	134.080	113.2	107.3	89.2
6.8408	134.085	112.6	107.0	89.0
6.8409	134.090	112.2	106.6	89.0
6.8410	134.095	111.6	106.2	88.5
6.8410	134.100	111.3	105.8	88.4
6.8411	134.105	111.1	105.5	88.2
6.8411	134.110	111.2	105.9	88.4
6.8411	134.115	110.7	105.3	88.4
6.8412	134.120	110.6	105.2	88.0
6.8413	134.125	110.1	104.5	87.8
6.8413	134.130	109.8	104.2	87.1
6.8414	134.135	110.3	104.7	87.2
6.8414	134.140	110.7	105.0	87.3
6.8415	134.145	111.0	105.3	87.3
6.8415	134.150	111.3	105.6	87.3
6.8415	134.155	111.7	105.8	87.2
6.8416	134.160	111.9	105.8	87.2
6.8416	134.165	112.3	106.1	87.5
6.8417	134.170	112.7	106.4	87.6
6.8418	134.175	113.0	106.6	87.7
6.8418	134.180	113.3	106.9	87.9
6.8418	134.185	114.0	107.6	88.2
6.8419	134.190	114.3	108.0	88.6
6.8419	134.195	114.5	107.9	88.8
6.8420	134.200	114.0	107.6	88.4
6.8421	134.205	114.0	107.6	88.4
6.8421	134.210	113.7	107.3	88.6
6.8422	134.215	113.5	107.4	88.4
6.8422	134.220	113.6	107.6	88.9
6.8422	134.225	113.4	107.2	89.0
6.8423	134.230	112.8	106.6	88.5
6.8423	134.235	112.4	106.3	88.3
6.8424	134.240	112.2	106.0	88.0
6.8425	134.245	112.5	106.4	88.0
6.8425	134.250	112.5	106.6	88.4
6.8426	134.255	112.1	106.1	88.1
6.8426	134.260	111.8	105.9	87.8
6.8426	134.265	112.7	106.8	88.3
6.8427	134.270	113.5	107.5	88.9
6.8428	134.275	114.0	108.1	89.5
6.8428	134.280	114.1	108.0	89.7
6.8429	134.285	114.0	107.8	89.6
6.8429	134.290	114.1	107.9	89.5
6.8430	134.295	114.7	108.7	90.1
6.8430	134.300	115.1	109.0	90.4
6.8430	134.305	115.3	109.1	90.7
6.8431	134.310	115.6	109.5	90.9
6.8431	134.315	115.7	109.4	90.8
6.8432	134.320	116.0	109.7	91.0
6.8432	134.325	116.4	110.0	91.4
6.8433	134.330	116.3	109.9	91.4
6.8434	134.335	116.1	109.6	91.1
6.8434	134.340	116.3	109.9	91.0
6.8434	134.345	116.6	110.3	91.4
6.8435	134.350	116.7	110.6	91.7
6.8435	134.355	116.7	110.5	91.7
6.8436	134.360	116.5	110.2	91.7
6.8437	134.365	115.8	109.5	91.0
6.8437	134.370	115.6	109.3	90.6
6.8437	134.375	115.7	109.5	90.7
6.8438	134.380	116.0	110.0	90.9
6.8438	134.385	116.3	110.1	91.5
6.8439	134.390	116.0	109.9	91.6
6.8440	134.395	116.0	109.7	91.1
6.8440	134.400	116.3	110.1	91.2
6.8441	134.405	116.8	110.5	91.5
6.8441	134.410	116.8	110.4	91.5
6.8441	134.415	116.5	110.1	91.2
6.8442	134.420	116.3	110.0	91.0
6.8443	134.425	116.3	110.0	91.2
6.8443	134.430	116.3	110.1	91.2
6.8444	134.435	116.3	110.2	91.5
6.8444	134.440	116.2	110.0	91.4
6.8445	134.445	115.8	109.8	91.6
6.8445	134.450	114.9	109.0	91.3
6.8445	134.455	113.5	107.6	90.2
6.8446	134.460	112.8	107.1	89.5
6.8446	134.465	112.5	106.8	89.6
6.8447	134.470	112.0	106.8	89.5
6.8447	134.475	112.3	106.9	89.7
6.8448	134.480	112.4	107.0	90.0
6.8449	134.485	112.4	107.1	89.8
6.8449	134.490	113.1	107.6	90.2
6.8449	134.495	113.5	107.9	90.5
6.8450	134.500	113.8	108.1	90.6
6.8450	134.505	113.7	108.0	90.5
6.8451	134.510	113.0	107.3	90.4
6.8452	134.515	111.9	106.3	89.5
6.8452	134.520	111.6	106.4	89.3
6.8453	134.525	111.7	106.5	89.5
6.8453	134.530	111.5	106.2	89.3
6.8453	134.535	111.5	106.2	89.0
6.8454	134.540	111.8	106.4	89.0
6.8454	134.545	111.6	106.1	88.9
6.8455	134.550	111.5	106.0	88.3
6.8456	134.555	112.4	106.8	88.6
6.8456	134.560	113.1	107.2	89.0
6.8457	134.565	113.1	107.2	88.9
6.8457	134.570	113.4	107.4	89.0
6.8457	134.575	113.5	107.5	89.2
6.8458	134.580	113.9	107.6	89.2
6.8459	134.585	114.4	108.3	89.5
6.8459	134.590	114.9	108.6	90.0
6.8460	134.595	114.5	108.2	89.8
6.8460	134.600	114.4	108.1	89.3
6.8460	134.605	114.3	107.9	89.1
6.8461	134.610	113.8	107.5	88.9
6.8461	134.615	113.2	107.0	88.4
6.8462	134.620	113.1	106.9	88.2
6.8462	134.625	113.1	107.0	88.7
6.8463	134.630	113.1	107.0	88.6
6.8464	134.635	113.2	107.0	88.5
6.8464	134.640	113.3	107.1	88.7
6.8464	134.645	113.0	106.7	88.4
6.8465	134.650	113.7	107.3	88.7
6.8465	134.655	114.2	107.8	89.4
6.8466	134.660	113.6	107.3	89.0
6.8467	134.665	113.0	106.9	88.6
6.8467	134.670	112.5	106.3	88.3
6.8468	134.675	112.3	106.2	88.0
6.8468	134.680	112.5	106.5	88.2
6.8468	134.685	112.8	106.6	88.5
6.8469	134.690	113.2	107.0	88.7
6.8469	134.695	113.5	107.3	88.8
6.8470	134.700	113.7	107.5	89.0
6.8471	134.705	113.9	107.6	88.8
6.8471	134.710	114.6	108.5	89.7
6.8472	134.715	114.8	108.5	90.0
6.8472	134.720	114.7	108.4	89.7
6.8472	134.725	114.5	108.1	89.4
6.8473	134.730	114.1	107.6	88.9
6.8474	134.735	113.9	107.2	88.4
6.8474	134.740	113.6	107.1	88.2
6.8475	134.745	113.6	107.1	88.3
6.8475	134.750	114.0	107.5	88.7
6.8476	134.755	114.4	108.1	89.3
6.8476	134.760	114.5	108.0	89.6
6.8476	134.765	114.5	108.2	89.4
6.8477	134.770	114.5	108.0	89.2
6.8477	134.775	114.1	107.5	88.9
6.8478	134.780	113.9	107.4	88.4
6.8479	134.785	114.3	107.9	89.0
6.8479	134.790	114.3	107.7	88.9
6.8479	134.795	113.8	107.3	88.5
6.8480	134.800	113.6	107.2	88.4
6.8480	134.805	113.2	106.9	88.4
6.8481	134.810	112.9	106.7	88.2
6.8482	134.815	113.4	107.2	88.4
6.8482	134.820	114.5	108.4	89.6
6.8483	134.825	114.1	107.7	89.7
6.8483	134.830	112.8	106.4	88.3
6.8483	134.835	113.2	107.0	88.0
6.8484	134.840	113.6	107.4	88.9
6.8484	134.845	113.8	107.6	89.0
6.8485	134.850	113.9	107.8	89.3
6.8485	134.855	113.8	107.7	89.3
6.8486	134.860	114.0	107.7	89.2
6.8487	134.865	114.5	108.2	89.3
6.8487	134.870	115.2	108.9	89.9
6.8487	134.875	115.5	109.2	90.3
6.8488	134.880	115.3	108.9	90.2
6.8488	134.885	115.4	109.2	90.1
6.8489	134.890	116.0	109.5	90.6
6.8490	134.895	116.0	109.6	90.7
6.8490	134.900	116.0	109.7	90.7
6.8491	134.905	116.3	109.9	91.0
6.8491	134.910	115.8	109.4	90.7
6.8491	134.915	115.4	109.1	90.5
6.8492	134.920	115.3	109.1	90.4
6.8492	134.925	115.7	109.4	90.7
6.8493	134.930	116.1	109.8	91.2
6.8494	134.935	116.2	110.0	91.6
6.8494	134.940	116.3	110.3	91.9
6.8495	134.945	116.2	110.3	91.9
6.8495	134.950	116.5	110.3	92.1
6.8495	134.955	115.8	109.8	91.8
6.8496	134.960	115.4	109.2	90.8
6.8497	134.965	115.7	109.5	91.0
6.8497	134.970	115.9	109.7	91.1
6.8498	134.975	116.0	109.8	91.4
6.8498	134.980	115.9	109.7	91.2
6.8498	134.985	116.0	109.7	91.1
6.8499	134.990	116.0	109.9	91.0
6.8499	134.995	115.9	109.6	91.0
6.8500	135.000	115.9	109.5	91.0
6.8500	135.005	116.1	109.7	91.1
6.8501	135.010	115.9	109.8	90.9
6.8502	135.015	116.2	109.8	91.0
6.8502	135.020	115.9	109.7	91.0
6.8502	135.025	115.6	109.2	90.6
6.8503	135.030	115.1	108.7	90.1
6.8503	135.035	115.3	109.0	89.9
6.8504	135.040	116.1	109.8	90.7
6.8505	135.045	116.7	110.6	91.5
6.8505	135.050	117.1	111.0	91.8
6.8506	135.055	117.5	111.2	92.1
6.8506	135.060	117.1	110.9	92.1
6.8506	135.065	116.8	110.6	91.9
6.8507	135.070	116.8	110.7	92.0
6.8507	135.075	117.0	111.0	92.3
6.8508	135.080	117.1	111.2	92.5
6.8509	135.085	116.9	110.9	92.6
6.8509	135.090	116.8	110.8	92.4
6.8510	135.095	116.7	110.8	92.2
6.8510	135.100	116.9	110.9	92.3
6.8510	135.105	117.2	111.3	92.5
6.8511	135.110	117.5	111.7	93.0
6.8512	135.115	117.3	111.3	92.6
6.8512	135.120	117.5	111.5	92.8
6.8513	135.125	117.1	111.0	92.6
6.8513	135.130	116.5	110.8	92.4
6.8514	135.135	116.4	110.6	92.4
6.8514	135.140	116.3	110.6	92.4
6.8514	135.145	116.1	110.4	92.3
6.8515	135.150	116.2	110.5	92.2
6.8515	135.155	116.0	110.3	92.2
6.8516	135.160	115.6	109.9	91.9
6.8517	135.165	115.5	109.6	91.5
6.8517	135.170	115.5	109.7	91.3
6.8518	135.175	116.5	110.6	91.8
6.8518	135.180	116.9	111.1	92.3
6.8518	135.185	117.2	111.3	92.8
6.8519	135.190	117.1	111.3	92.9
6.8520	135.195	116.9	111.1	92.8
6.8520	135.200	116.8	110.9	92.8
6.8521	135.205	116.6	110.7	92.7
6.8521	135.210	116.6	110.7	92.7
6.8521	135.215	116.9	111.0	92.5
6.8522	135.220	117.0	111.1	92.7
6.8522	135.225	116.4	110.3	92.1
6.8523	135.230	115.5	109.4	91.3
6.8524	135.235	115.0	108.8	90.6
6.8524	135.240	115.1	108.8	90.1
6.8525	135.245	115.2	109.0	90.2
6.8525	135.250	115.3	108.8	90.2
6.8525	135.255	115.5	109.2	90.5
6.8526	135.260	115.7	109.5	90.9
6.8526	135.265	116.2	109.9	91.3
6.8527	135.270	116.2	110.1	91.7
6.8528	135.275	116.3	110.1	91.7
6.8528	135.280	116.0	109.9	91.6
6.8529	135.285	115.6	109.5	91.0
6.8529	135.290	115.7	109.5	90.8
6.8529	135.295	116.1	110.0	91.2
6.8530	135.300	116.2	109.9	91.6
6.8530	135.305	116.4	110.0	91.2
6.8531	135.310	116.7	110.5	91.7
6.8532	135.315	116.0	109.6	91.3
6.8532	135.320	114.6	108.4	90.0
6.8533	135.325	114.5	108.2	89.7
6.8533	135.330	113.7	107.4	89.1
6.8533	135.335	113.8	107.8	89.1
6.8534	135.340	114.4	108.5	89.9
6.8535	135.345	115.8	109.9	90.9
6.8535	135.350	117.1	111.2	92.2
6.8536	135.355	118.3	112.3	93.2
6.8536	135.360	118.7	112.6	93.8
6.8537	135.365	118.4	112.2	93.5
6.8537	135.370	118.8	112.5	93.6
6.8537	135.375	119.3	113.0	94.0
6.8538	135.380	119.5	113.3	94.3
6.8538	135.385	119.8	113.7	94.6
6.8539	135.390	119.9	113.7	95.0
6.8540	135.395	119.7	113.5	94.4
6.8540	135.400	120.4	114.2	94.9
6.8540	135.405	120.2	113.9	95.3
6.8541	135.410	119.5	113.3	94.6
6.8541	135.415	119.4	113.3	94.3
6.8542	135.420	119.8	113.7	94.8
6.8543	135.425	120.7	114.9	95.7
6.8543	135.430	121.1	115.1	96.6
6.8544	135.435	120.1	114.3	96.0
6.8544	135.440	119.6	113.5	95.1
6.8544	135.445	119.4	113.5	94.8
6.8545	135.450	119.5	113.5	94.9
6.8545	135.455	119.5	113.4	94.8
6.8546	135.460	119.6	113.5	94.5
6.8547	135.465	119.4	113.3	94.2
6.8547	135.470	119.6	113.4	94.2
6.8548	135.475	119.3	112.9	93.9
6.8548	135.480	119.3	113.2	93.8
6.8548	135.485	119.6	113.5	94.3
6.8549	135.490	119.6	113.5	94.3
6.8550	135.495	120.0	114.1	94.8
6.8550	135.500	120.4	114.3	95.1
6.8551	135.505	120.5	114.6	95.4
6.8551	135.510	120.5	114.3	95.1
6.8552	135.515	120.2	114.0	94.6
6.8552	135.520	120.4	114.3	94.9
6.8552	135.525	120.7	114.5	95.3
6.8553	135.530	120.7	114.6	95.3
6.8553	135.535	120.8	114.6	95.4
6.8554	135.540	121.2	115.2	95.7
6.8554	135.545	121.7	115.6	96.2
6.8555	135.550	121.5	115.4	96.2
6.8556	135.555	121.1	114.9	95.8
6.8556	135.560	120.9	114.8	95.1
6.8556	135.565	120.9	114.8	95.4
6.8557	135.570	120.6	114.5	95.4
6.8557	135.575	120.3	114.2	95.2
6.8558	135.580	120.7	114.7	95.4
6.8559	135.585	121.5	115.4	96.1
6.8559	135.590	121.7	115.9	96.7
6.8559	135.595	121.5	115.6	96.9
6.8560	135.600	120.9	114.9	96.1
6.8560	135.605	120.6	114.8	96.2
6.8561	135.610	120.9	115.1	96.7
6.8562	135.615	120.5	114.8	96.7
6.8562	135.620	120.6	114.9	96.6
6.8563	135.625	121.2	115.3	96.8
6.8563	135.630	121.8	116.0	97.1
6.8563	135.635	122.2	116.4	97.5
6.8564	135.640	122.5	116.5	97.9
6.8565	135.645	122.1	116.2	97.5
6.8565	135.650	121.7	115.5	97.1
6.8566	135.655	121.6	115.2	96.3
6.8566	135.660	121.6	115.4	96.4
6.8567	135.665	121.4	115.3	96.3
6.8567	135.670	121.2	115.1	96.1
6.8567	135.675	121.3	115.2	96.0
6.8568	135.680	121.6	115.5	96.3
6.8568	135.685	121.7	115.5	96.3
6.8569	135.690	121.7	115.6	96.5
6.8569	135.695	121.8	115.8	96.5
6.8570	135.700	122.1	116.0	96.9
6.8571	135.705	121.4	115.2	96.4
6.8571	135.710	121.2	115.1	96.0
6.8571	135.715	120.5	114.3	95.6
6.8572	135.720	120.2	114.0	95.0
6.8572	135.725	120.1	114.0	95.0
6.8573	135.730	120.2	114.1	95.0
6.8574	135.735	120.0	113.8	94.9
6.8574	135.740	120.4	114.2	95.0
6.8575	135.745	120.8	114.6	95.6
6.8575	135.750	120.5	114.2	95.4
6.8575	135.755	119.9	113.6	94.8
6.8576	135.760	119.3	113.1	94.3
6.8576	135.765	118.7	112.5	93.7
6.8577	135.770	118.4	112.5	93.7
6.8578	135.775	118.2	112.3	93.4
6.8578	135.780	118.0	112.1	93.0
6.8578	135.785	117.8	111.9	92.9
6.8579	135.790	118.4	112.4	93.1
6.8579	135.795	119.3	113.3	94.0
6.8580	135.800	119.5	113.4	94.2
6.8581	135.805	119.9	114.0	94.4
6.8581	135.810	120.4	114.5	95.0
6.8582	135.815	120.5	114.4	95.3
6.8582	135.820	120.6	114.5	95.4
6.8582	135.825	120.8	114.9	95.6
6.8583	135.830	120.7	114.6	95.8
6.8583	135.835	120.1	113.9	95.2
6.8584	135.840	120.0	113.8	94.9
6.8584	135.845	120.3	114.3	95.3
6.8585	135.850	120.2	113.9	95.1
6.8586	135.855	120.1	113.9	95.0
6.8586	135.860	119.8	113.6	94.7
6.8586	135.865	120.0	113.8	94.7
6.8587	135.870	120.5	114.4	95.2
6.8587	135.875	120.7	114.8	95.8
6.8588	135.880	120.2	114.1	95.5
6.8589	135.885	119.8	113.8	95.1
6.8589	135.890	120.0	114.0	95.0
6.8590	135.895	120.8	114.9	95.9
6.8590	135.900	121.0	115.0	96.1
6.8590	135.905	121.1	115.1	96.2
6.8591	135.910	121.3	115.2	96.2
6.8591	135.915	121.5	115.2	96.5
6.8592	135.920	121.7	115.7	96.5
6.8593	135.925	121.7	115.6	96.9
6.8593	135.930	121.0	114.8	96.1
6.8594	135.935	120.4	114.1	95.5
6.8594	135.940	119.7	113.5	94.7
6.8594	135.945	119.2	112.9	94.1
6.8595	135.950	118.6	112.6	94.0
6.8596	135.955	117.4	111.4	93.0
6.8596	135.960	117.1	111.1	92.5
6.8597	135.965	116.9	110.8	92.2
6.8597	135.970	116.6	110.4	91.7
6.8598	135.975	117.1	110.9	92.1
6.8598	135.980	117.3	111.0	92.5
6.8598	135.985	117.0	110.7	92.4
6.8599	135.990	117.5	111.1	91.8
6.8599	135.995	118.5	112.1	92.6
6.8600	136.000	119.4	113.1	93.7
6.8601	136.005	120.1	113.8	94.5
6.8601	136.010	120.2	113.7	94.8
6.8601	136.015	120.0	113.6	94.7
6.8602	136.020	119.6	113.4	94.5
6.8602	136.025	119.5	113.1	94.0
6.8603	136.030	119.2	112.9	94.2
6.8604	136.035	119.1	112.7	93.8
6.8604	136.040	119.2	112.9	93.9
6.8605	136.045	119.8	113.5	94.3
6.8605	136.050	119.4	113.2	94.5
6.8605	136.055	119.0	112.6	94.1
6.8606	136.060	119.1	112.9	93.9
6.8606	136.065	119.3	112.9	94.1
6.8607	136.070	119.4	113.2	94.2
6.8607	136.075	119.5	113.2	94.3
6.8608	136.080	119.4	113.2	94.3
6.8609	136.085	119.2	112.8	93.9
6.8609	136.090	119.3	113.1	93.8
6.8609	136.095	119.3	113.1	93.9
6.8610	136.100	119.8	113.5	94.1
6.8610	136.105	120.3	114.0	94.7
6.8611	136.110	120.2	113.9	94.9
6.8612	136.115	119.8	113.7	94.7
6.8612	136.120	119.7	113.5	94.5
6.8613	136.125	119.4	113.2	94.4
6.8613	136.130	119.0	112.8	94.2
6.8613	136.135	118.5	112.2	93.6
6.8614	136.140	118.5	112.3	93.4
6.8614	136.145	118.9	112.7	93.5
6.8615	136.150	118.9	112.4	93.8
6.8616	136.155	118.3	111.8	93.3
6.8616	136.160	118.1	111.7	92.7
6.8617	136.165	118.4	112.1	93.1
6.8617	136.170	118.6	112.4	93.5
6.8617	136.175	118.0	111.7	92.9
6.8618	136.180	117.6	111.3	92.6
6.8619	136.185	117.2	111.0	92.3
6.8619	136.190	117.3	111.0	92.0
6.8620	136.195	117.1	110.8	91.9
6.8620	136.200	116.8	110.3	91.6
6.8620	136.205	116.4	110.1	91.4
6.8621	136.210	116.3	110.0	91.2
6.8621	136.215	116.2	109.9	91.4
6.8622	136.220	115.6	109.5	91.2
6.8622	136.225	115.6	109.5	91.0
6.8623	136.230	115.7	109.6	91.5
6.8624	136.235	115.2	108.9	90.7
6.8624	136.240	115.4	109.2	90.7
6.8624	136.245	115.5	109.4	90.9
6.8625	136.250	115.9	109.7	91.1
6.8625	136.255	116.3	110.0	91.4
6.8626	136.260	116.4	110.2	91.6
6.8627	136.265	116.3	110.0	91.5
6.8627	136.270	116.2	109.9	91.2
6.8628	136.275	116.1	109.8	91.3
6.8628	136.280	116.0	109.7	91.0
6.8628	136.285	116.5	110.5	91.4
6.8629	136.290	116.8	110.7	92.0
6.8629	136.295	116.9	110.6	91.9
6.8630	136.300	116.7	110.2	91.7
6.8631	136.305	116.4	109.9	91.2
6.8631	136.310	116.4	110.0	91.2
6.8632	136.315	116.7	110.4	91.6
6.8632	136.320	116.5	110.3	91.7
6.8632	136.325	117.1	110.8	92.1
6.8633	136.330	117.2	110.8	92.2
6.8634	136.335	116.7	110.6	92.0
6.8634	136.340	116.4	110.1	91.3
6.8635	136.345	116.3	110.0	91.2
6.8635	136.350	115.8	109.4	90.7
6.8636	136.355	115.7	109.4	90.5
6.8636	136.360	116.1	109.8	90.8
6.8636	136.365	116.6	110.2	91.4
6.8637	136.370	116.9	110.5	91.8
6.8637	136.375	116.8	110.5	91.9
6.8638	136.380	117.0	110.6	92.0
6.8639	136.385	116.8	110.3	91.7
6.8639	136.390	116.7	110.3	91.5
6.8639	136.395	116.9	110.6	91.7
6.8640	136.400	116.8	110.5	91.9
6.8640	136.405	116.7	110.5	91.6
6.8641	136.410	116.8	110.5	91.6
6.8642	136.415	116.5	110.2	91.5
6.8642	136.420	116.2	110.0	91.2
6.8643	136.425	116.1	109.6	90.6
6.8643	136.430	116.3	110.0	90.8
6.8643	136.435	116.2	109.9	91.0
6.8644	136.440	115.9	109.7	91.2
6.8644	136.445	115.7	109.7	91.1
6.8645	136.450	116.0	109.9	91.4
6.8646	136.455	116.1	110.1	91.5
6.8646	136.460	116.3	110.2	91.6
6.8647	136.465	116.4	110.3	91.6
6.8647	136.470	116.0	110.0	91.4
6.8647	136.475	116.1	110.1	91.3
6.8648	136.480	116.8	110.7	91.8
6.8649	136.485	117.2	111.1	92.2
6.8649	136.490	117.7	111.4	92.7
6.8650	136.495	117.9	111.6	92.5
6.8650	136.500	118.0	111.6	92.7
6.8651	136.505	117.9	111.6	92.5
6.8651	136.510	117.9	111.6	92.7
6.8651	136.515	117.9	111.8	92.8
6.8652	136.520	117.9	111.7	93.1
6.8652	136.525	117.9	111.7	92.9
6.8653	136.530	118.3	112.2	93.2
6.8654	136.535	118.2	111.9	93.4
6.8654	136.540	117.6	111.4	92.8
6.8655	136.545	117.3	111.2	92.8
6.8655	136.550	117.2	111.3	92.8
6.8655	136.555	117.3	111.3	92.9
6.8656	136.560	117.4	111.5	93.1
6.8657	136.565	117.3	111.5	93.3
6.8657	136.570	117.1	111.3	92.9
6.8658	136.575	117.1	111.1	92.7
6.8658	136.580	117.1	111.3	92.8
6.8659	136.585	117.2	111.5	92.7
6.8659	136.590	117.4	111.5	92.7
6.8659	136.595	117.3	111.6	93.0
6.8660	136.600	117.2	111.5	93.0
6.8660	136.605	116.8	111.0	92.8
6.8661	136.610	116.4	110.7	92.5
6.8662	136.615	116.0	110.4	92.4
6.8662	136.620	115.3	109.8	92.0
6.8662	136.625	114.4	109.1	91.4
6.8663	136.630	114.2	108.8	91.2
6.8663	136.635	114.8	109.5	91.3
6.8664	136.640	115.5	110.2	91.9
6.8665	136.645	115.9	110.2	92.0
6.8665	136.650	116.4	110.9	92.4
6.8666	136.655	117.3	111.6	92.9
6.8666	136.660	118.0	111.9	93.3
6.8666	136.665	118.3	112.4	93.7
6.8667	136.670	118.0	112.1	93.4
6.8667	136.675	118.1	112.1	93.2
6.8668	136.680	118.4	112.3	93.4
6.8669	136.685	118.2	111.9	93.2
6.8669	136.690	118.0	111.7	92.8
6.8670	136.695	117.9	111.6	92.7
6.8670	136.700	117.5	111.3	92.3
6.8670	136.705	117.0	110.7	91.8
6.8671	136.710	116.3	110.0	91.1
6.8672	136.715	115.8	109.5	90.6
6.8672	136.720	115.8	109.7	90.7
6.8673	136.725	115.9	110.0	91.0
6.8673	136.730	116.0	109.9	91.2
6.8674	136.735	115.3	109.4	90.9
6.8674	136.740	114.8	108.9	90.3
6.8674	136.745	114.8	108.8	90.2
6.8675	136.750	114.7	108.9	90.2
6.8675	136.755	114.8	108.9	90.3
6.8676	136.760	114.5	108.5	90.0
6.8676	136.765	114.3	108.5	89.7
6.8677	136.770	114.5	108.5	89.8
6.8678	136.775	114.4	108.5	90.1
6.8678	136.780	113.8	107.8	89.7
6.8678	136.785	113.6	107.8	89.3
6.8679	136.790	113.6	107.7	89.4
6.8679	136.795	114.1	108.4	89.5
6.8680	136.800	114.8	109.1	90.0
6.8681	136.805	115.3	109.3	90.6
6.8681	136.810	115.2	109.1	90.6
6.8681	136.815	115.0	109.1	90.3
6.8682	136.820	114.9	109.0	90.4
6.8682	136.825	114.8	108.8	90.4
6.8683	136.830	114.8	108.8	90.2
6.8684	136.835	114.3	108.7	90.4
6.8684	136.840	113.7	108.0	90.0
6.8685	136.845	113.3	107.6	89.6
6.8685	136.850	113.3	107.6	89.6
6.8685	136.855	113.3	107.6	89.6
6.8686	136.860	113.7	108.0	89.5
6.8687	136.865	114.0	108.0	89.4
6.8687	136.870	114.9	109.1	89.9
6.8688	136.875	115.2	109.1	90.4
6.8688	136.880	114.8	108.9	90.2
6.8689	136.885	114.4	108.3	89.8
6.8689	136.890	113.7	107.7	89.1
6.8689	136.895	113.5	107.6	88.9
6.8690	136.900	114.1	108.1	89.0
6.8690	136.905	114.7	108.7	89.9
6.8691	136.910	114.9	108.8	90.2
6.8691	136.915	115.0	108.7	89.9
6.8692	136.920	115.2	108.8	89.9
6.8693	136.925	115.4	109.4	90.2
6.8693	136.930	115.9	109.7	90.6
6.8693	136.935	116.2	110.0	91.0
6.8694	136.940	116.6	110.5	91.4
6.8694	136.945	116.6	110.5	91.7
6.8695	136.950	117.4	111.4	92.2
6.8696	136.955	117.9	112.0	93.0
6.8696	136.960	118.2	112.1	93.4
6.8697	136.965	117.5	111.5	92.8
6.8697	136.970	117.5	111.4	92.4
6.8697	136.975	117.6	111.3	92.2
6.8698	136.980	117.7	111.6	92.4
6.8699	136.985	117.5	111.3	92.4
6.8699	136.990	117.4	111.1	92.4
6.8700	136.995	117.3	111.2	92.4
6.8700	137.000	117.0	110.9	92.2
6.8700	137.005	117.1	111.0	92.1
6.8701	137.010	117.4	111.2	92.4
6.8701	137.015	117.7	111.5	92.6
6.8702	137.020	117.7	111.7	92.9
6.8703	137.025	118.1	111.9	93.0
6.8703	137.030	118.5	112.2	93.4
6.8704	137.035	118.3	112.0	93.4
6.8704	137.040	117.8	111.5	92.8
6.8704	137.045	117.6	111.2	92.5
6.8705	137.050	117.4	111.2	92.4
6.8705	137.055	117.4	111.4	92.4
6.8706	137.060	117.2	110.9	92.1
6.8706	137.065	117.1	111.1	91.8
6.8707	137.070	117.0	110.7	92.0
6.8708	137.075	116.8	110.5	91.6
6.8708	137.080	116.6	110.0	91.2
6.8708	137.085	116.5	110.1	91.1
6.8709	137.090	116.8	110.4	91.2
6.8709	137.095	117.2	111.0	91.8
6.8710	137.100	117.6	111.4	92.1
6.8711	137.105	117.8	111.6	92.5
6.8711	137.110	117.7	111.4	92.5
6.8712	137.115	117.4	111.0	92.2
6.8712	137.120	117.3	111.0	91.9
6.8712	137.125	117.4	111.2	92.0
6.8713	137.130	118.1	111.8	92.5
6.8713	137.135	118.2	111.7	92.7
6.8714	137.140	117.9	111.6	92.5
6.8715	137.145	117.3	110.9	92.1
6.8715	137.150	116.4	110.0	91.0
6.8716	137.155	116.7	110.2	91.0
6.8716	137.160	116.7	110.4	91.3
6.8716	137.165	116.8	110.4	91.0
6.8717	137.170	116.9	110.5	91.1
6.8718	137.175	116.6	110.2	91.0
6.8718	137.180	116.7	110.1	91.0
6.8719	137.185	116.8	110.3	91.0
6.8719	137.190	116.6	110.0	90.9
6.8720	137.195	116.6	110.4	91.2
6.8720	137.200	116.2	109.8	90.9
6.8720	137.205	116.2	109.8	90.6
6.8721	137.210	116.5	110.1	90.9
6.8721	137.215	116.7	110.2	91.0
6.8722	137.220	116.6	110.2	90.9
6.8723	137.225	117.0	110.4	90.9
6.8723	137.230	117.2	110.5	91.3
6.8723	137.235	117.1	110.5	91.3
6.8724	137.240	116.9	110.3	91.2
6.8724	137.245	117.0	110.3	91.1
6.8725	137.250	117.3	110.6	91.2
6.8726	137.255	117.4	110.6	91.4
6.8726	137.260	117.3	110.6	91.4
6.8727	137.265	117.3	110.7	91.7
6.8727	137.270	117.1	110.5	91.5
6.8727	137.275	116.5	110.0	91.3
6.8728	137.280	116.1	109.7	90.7
6.8728	137.285	116.1	109.8	90.9
6.8729	137.290	116.1	109.7	90.8
6.8729	137.295	115.7	109.2	90.6
6.8730	137.300	115.0	108.6	89.8
6.8731	137.305	114.2	108.0	89.4
6.8731	137.310	114.0	107.7	89.0
6.8731	137.315	114.2	107.8	89.0
6.8732	137.320	114.0	107.6	89.0
6.8732	137.325	113.5	107.2	88.8
6.8733	137.330	112.6	106.2	88.0
6.8734	137.335	111.7	105.5	87.3
6.8734	137.340	111.5	105.4	87.0
6.8735	137.345	111.9	105.9	87.1
6.8735	137.350	111.8	105.8	87.3
6.8735	137.355	111.6	105.5	87.1
6.8736	137.360	111.3	105.3	86.9
6.8736	137.365	110.9	104.9	86.7
6.8737	137.370	110.8	104.7	86.6
6.8738	137.375	110.9	104.8	86.7
6.8738	137.380	110.9	105.0	86.8
6.8739	137.385	110.9	104.8	86.6
6.8739	137.390	110.8	104.8	86.9
6.8739	137.395	110.3	104.1	86.3
6.8740	137.400	109.8	103.8	85.9
6.8741	137.405	109.6	103.7	85.7
6.8741	137.410	109.9	104.1	86.0
6.8742	137.415	110.0	104.1	86.5
6.8742	137.420	109.7	103.9	86.1
6.8742	137.425	109.6	103.8	86.1
6.8743	137.430	109.4	103.7	86.0
6.8743	137.435	109.3	103.6	86.1
6.8744	137.440	109.2	103.4	86.0
6.8744	137.445	109.5	103.7	85.8
6.8745	137.450	110.1	104.2	86.0
6.8746	137.455	111.0	105.1	86.7
6.8746	137.460	112.0	106.0	87.6
6.8746	137.465	112.1	106.0	87.9
6.8747	137.470	111.6	105.7	87.6
6.8747	137.475	111.4	105.5	87.3
6.8748	137.480	111.1	105.2	87.3
6.8749	137.485	111.0	105.0	87.2
6.8749	137.490	111.1	105.2	87.3
6.8750	137.495	111.1	105.2	87.6
6.8750	137.500	110.6	105.0	87.6
6.8750	137.505	110.5	104.9	87.5
6.8751	137.510	109.6	104.2	87.4
6.8751	137.515	108.9	103.6	86.9
6.8752	137.520	107.9	102.5	86.7
6.8753	137.525	106.6	101.3	85.1
6.8753	137.530	107.1	102.0	85.4
6.8754	137.535	107.8	102.7	85.7
6.8754	137.540	108.8	103.6	86.6
6.8754	137.545	109.4	104.0	87.2
6.8755	137.550	110.1	104.5	87.4
6.8756	137.555	110.4	104.8	87.8
6.8756	137.560	110.4	104.6	87.4
6.8757	137.565	110.4	104.7	87.4
6.8757	137.570	110.8	105.1	87.5
6.8758	137.575	110.8	105.0	87.8
6.8758	137.580	110.1	104.3	87.3
6.8758	137.585	109.7	104.1	86.8
6.8759	137.590	109.4	103.8	86.5
6.8759	137.595	109.4	103.6	86.4
6.8760	137.600	109.7	104.1	86.4
6.8761	137.605	110.2	104.5	86.8
6.8761	137.610	109.7	104.2	86.6
6.8761	137.615	109.6	104.0	86.4
6.8762	137.620	109.2	103.6	86.3
6.8762	137.625	109.2	103.5	86.3
6.8763	137.630	109.1	103.6	86.3
6.8764	137.635	109.2	103.7	86.3
6.8764	137.640	109.6	103.8	86.4
6.8765	137.645	109.5	103.8	86.7
6.8765	137.650	109.7	103.9	86.6
6.8765	137.655	109.5	103.8	86.9
6.8766	137.660	109.4	103.6	86.5
6.8766	137.665	109.4	103.8	86.5
6.8767	137.670	109.5	104.0	86.8
6.8768	137.675	109.1	103.5	86.5
6.8768	137.680	108.7	103.1	86.0
6.8769	137.685	108.1	102.5	85.6
6.8769	137.690	107.6	102.2	85.4
6.8769	137.695	107.3	102.0	85.3
6.8770	137.700	107.6	102.3	85.4
6.8771	137.705	107.9	102.5	85.8
6.8771	137.710	107.7	102.4	85.7
6.8772	137.715	107.9	102.7	85.9
6.8772	137.720	108.1	102.6	85.8
6.8773	137.725	108.4	102.8	85.8
6.8773	137.730	109.0	103.6	86.4
6.8773	137.735	109.1	103.3	86.5
6.8774	137.740	108.5	102.8	85.8
6.8774	137.745	108.4	103.0	85.8
6.8775	137.750	108.7	103.1	86.0
6.8776	137.755	108.4	102.9	85.9
6.8776	137.760	108.3	102.8	85.9
6.8777	137.765	108.0	102.4	85.8
6.8777	137.770	107.5	101.9	85.2
6.8777	137.775	107.3	101.9	84.9
6.8778	137.780	107.6	102.1	85.2
6.8779	137.785	107.5	102.1	85.1
6.8779	137.790	107.6	102.0	85.1
6.8780	137.795	107.6	102.2	85.4
6.8780	137.800	107.5	102.0	85.5
6.8780	137.805	106.6	101.3	85.0
6.8781	137.810	106.2	100.9	84.6
6.8781	137.815	106.2	101.0	84.4
6.8782	137.820	106.3	101.0	84.6
6.8782	137.825	105.9	100.5	84.4
6.8783	137.830	105.4	100.1	83.8
6.8784	137.835	105.2	99.8	83.4
6.8784	137.840	105.4	99.7	83.3
6.8784	137.845	105.5	99.9	83.4
6.8785	137.850	106.2	100.9	83.9
6.8785	137.855	106.6	101.0	84.0
6.8786	137.860	106.9	101.5	84.3
6.8787	137.865	107.3	101.6	84.7
6.8787	137.870	107.1	101.6	84.5
6.8788	137.875	107.1	101.5	84.6
6.8788	137.880	106.8	101.3	84.7
6.8788	137.885	106.2	100.7	83.8
6.8789	137.890	105.6	100.1	83.4
6.8789	137.895	105.6	100.0	82.9
6.8790	137.900	106.4	100.8	83.4
6.8791	137.905	107.0	101.3	84.0
6.8791	137.910	107.1	101.4	84.3
6.8792	137.915	107.2	101.5	84.2
6.8792	137.920	107.5	101.7	84.3
6.8792	137.925	107.3	101.8	84.6
6.8793	137.930	107.2	101.7	84.8
6.8794	137.935	106.8	101.3	84.4
6.8794	137.940	106.9	101.4	84.3
6.8795	137.945	107.1	101.3	84.4
6.8795	137.950	107.5	101.7	84.4
6.8796	137.955	107.8	102.1	84.6
6.8796	137.960	107.8	101.7	84.7
6.8796	137.965	107.8	101.9	84.7
6.8797	137.970	108.1	102.1	85.0
6.8797	137.975	107.9	101.9	84.8
6.8798	137.980	107.6	101.6	84.6
6.8799	137.985	107.5	101.6	84.5
6.8799	137.990	107.6	101.6	84.6
6.8800	137.995	107.3	101.3	84.4
6.8800	138.000	107.0	100.8	84.2
6.8800	138.005	106.7	100.9	84.2
6.8801	138.010	107.0	101.1	84.3
6.8801	138.015	107.1	101.3	84.5
6.8802	138.020	107.1	101.3	84.7
6.8803	138.025	106.9	101.1	84.6
6.8803	138.030	106.4	100.6	84.0
6.8803	138.035	106.3	100.5	83.9
6.8804	138.040	106.5	100.6	83.9
6.8804	138.045	107.3	101.5	84.4
6.8805	138.050	107.8	101.8	84.9
6.8806	138.055	107.4	101.5	84.9
6.8806	138.060	107.3	101.3	84.8
6.8807	138.065	107.1	101.2	84.5
6.8807	138.070	107.6	101.7	84.8
6.8807	138.075	107.6	101.8	84.9
6.8808	138.080	107.9	102.1	85.2
6.8809	138.085	108.2	102.2	85.1
6.8809	138.090	108.4	102.7	85.5
6.8810	138.095	108.4	102.5	85.6
6.8810	138.100	108.5	102.6	85.7
6.8811	138.105	107.9	102.0	85.5
6.8811	138.110	107.5	101.5	84.8
6.8811	138.115	107.5	101.6	84.8
6.8812	138.120	107.9	102.0	85.1
6.8812	138.125	108.2	102.4	85.6
6.8813	138.130	108.1	102.4	85.6
6.8813	138.135	107.9	101.9	85.2
6.8814	138.140	108.0	102.3	85.5
6.8815	138.145	108.1	102.1	85.5
6.8815	138.150	107.7	101.9	85.3
6.8815	138.155	107.2	101.4	84.7
6.8816	138.160	107.2	101.2	84.3
6.8816	138.165	107.5	101.7	84.8
6.8817	138.170	107.8	102.0	85.2
6.8818	138.175	107.7	101.7	85.2
6.8818	138.180	107.7	101.8	85.0
6.8819	138.185	107.9	102.0	85.4
6.8819	138.190	107.7	101.7	85.0
6.8819	138.195	107.7	101.9	85.3
6.8820	138.200	107.3	101.5	84.9
6.8821	138.205	107.2	101.3	84.6
6.8821	138.210	107.4	101.5	84.8
6.8822	138.215	107.6	101.5	84.7
6.8822	138.220	107.8	101.9	84.9
6.8822	138.225	107.6	101.8	85.0
6.8823	138.230	107.3	101.5	84.8
6.8824	138.235	107.8	102.0	85.1
6.8824	138.240	107.7	101.9	85.4
6.8825	138.245	107.4	101.7	84.9
6.8825	138.250	107.5	101.6	84.7
6.8826	138.255	107.8	102.0	85.0
6.8826	138.260	107.3	101.6	84.8
6.8826	138.265	107.3	101.5	84.8
6.8827	138.270	106.7	101.0	84.6
6.8827	138.275	105.6	100.0	84.0
6.8828	138.280	105.0	99.5	83.3
6.8828	138.285	105.0	99.9	83.6
6.8829	138.290	104.8	99.6	83.7
6.8830	138.295	105.0	99.6	83.6
6.8830	138.300	105.1	99.6	83.5
6.8830	138.305	105.1	99.7	83.4
6.8831	138.310	105.5	100.0	83.7
6.8831	138.315	106.6	101.0	84.2
6.8832	138.320	107.6	101.8	85.1
6.8833	138.325	108.0	102.4	85.3
6.8833	138.330	107.8	102.0	85.3
6.8834	138.335	107.5	101.8	85.0
6.8834	138.340	107.7	102.0	85.2
6.8834	138.345	107.5	101.7	85.2
6.8835	138.350	107.3	101.6	84.9
6.8835	138.355	107.3	101.6	84.8
6.8836	138.360	107.6	101.9	84.8
6.8837	138.365	107.7	101.9	85.2
6.8837	138.370	107.5	101.6	84.9
6.8838	138.375	107.6	101.7	84.8
6.8838	138.380	108.0	102.2	85.1
6.8838	138.385	108.1	102.2	85.1
6.8839	138.390	107.7	101.7	85.0
6.8840	138.395	107.5	101.5	84.7
6.8840	138.400	107.5	101.6	84.5
6.8841	138.405	107.8	101.7	84.7
6.8841	138.410	107.4	101.5	84.6
6.8841	138.415	107.6	101.6	84.5
6.8842	138.420	107.3	101.2	84.6
6.8842	138.425	107.2	101.2	83.9
6.8843	138.430	107.5	101.6	84.5
6.8843	138.435	107.4	101.5	84.6
6.8844	138.440	106.7	100.7	84.2
6.8845	138.445	106.5	100.8	84.1
6.8845	138.450	106.8	101.1	84.3
6.8845	138.455	107.0	101.3	84.6
6.8846	138.460	106.9	101.0	84.4
6.8846	138.465	106.5	100.7	84.0
6.8847	138.470	106.0	100.2	83.7
6.8848	138.475	105.6	99.9	83.4
6.8848	138.480	105.6	100.0	83.5
6.8849	138.485	105.7	100.0	83.7
6.8849	138.490	106.0	100.3	83.9
6.8849	138.495	106.5	101.0	84.6
6.8850	138.500	106.9	101.4	84.8
6.8850	138.505	107.2	101.3	84.7
6.8851	138.510	107.8	101.8	84.6
6.8851	138.515	108.0	101.9	84.6
6.8852	138.520	108.5	102.3	84.5
6.8853	138.525	109.6	103.4	85.5
6.8853	138.530	110.3	103.9	85.9
6.8853	138.535	110.2	103.8	86.0
6.8854	138.540	110.3	104.0	86.1
6.8854	138.545	110.5	104.0	86.0
6.8855	138.550	110.7	104.4	86.2
6.8856	138.555	111.2	104.8	86.4
6.8856	138.560	111.5	105.2	87.0
6.8857	138.565	111.5	105.4	87.2
6.8857	138.570	111.8	105.5	87.4
6.8857	138.575	111.3	105.1	87.5
6.8858	138.580	110.8	104.5	86.6
6.8858	138.585	111.0	104.9	86.6
6.8859	138.590	111.8	105.3	87.1
6.8860	138.595	112.3	106.0	87.7
6.8860	138.600	112.9	106.6	88.2
6.8861	138.605	113.2	106.6	88.3
6.8861	138.610	113.2	106.8	88.2
6.8861	138.615	113.6	107.1	88.3
6.8862	138.620	113.9	107.4	88.5
6.8863	138.625	113.9	107.5	88.8
6.8863	138.630	113.9	107.5	88.8
6.8864	138.635	113.9	107.4	88.6
6.8864	138.640	114.5	107.9	89.0
6.8864	138.645	115.1	108.5	89.6
6.8865	138.650	114.8	108.3	89.5
6.8865	138.655	114.5	108.2	89.2
6.8866	138.660	114.6	108.2	89.0
6.8866	138.665	114.9	108.4	89.3
6.8867	138.670	114.8	108.4	89.4
6.8868	138.675	114.8	108.2	89.3
6.8868	138.680	114.7	107.9	89.0
6.8868	138.685	114.4	107.8	88.8
6.8869	138.690	114.0	107.4	88.5
6.8869	138.695	113.9	107.5	88.4
6.8870	138.700	114.3	107.9	88.5
6.8871	138.705	114.8	108.2	89.0
6.8871	138.710	114.6	107.8	88.9
6.8872	138.715	114.5	107.9	89.0
6.8872	138.720	114.8	108.3	89.4
6.8872	138.725	114.6	108.0	89.3
6.8873	138.730	114.2	107.6	89.0
6.8873	138.735	113.6	107.2	88.4
6.8874	138.740	113.1	106.5	88.1
6.8875	138.745	112.2	106.0	87.5
6.8875	138.750	111.7	105.4	87.0
6.8876	138.755	111.8	105.7	87.2
6.8876	138.760	111.9	105.7	87.1
6.8876	138.765	112.2	106.1	87.4
6.8877	138.770	112.8	106.6	87.7
6.8878	138.775	112.9	106.6	87.9
6.8878	138.780	112.7	106.6	87.7
6.8879	138.785	112.4	105.9	87.3
6.8879	138.790	112.0	105.6	86.8
6.8880	138.795	112.3	106.0	87.1
6.8880	138.800	112.4	106.1	87.5
6.8880	138.805	112.1	105.9	87.6
6.8881	138.810	112.2	106.1	87.6
6.8881	138.815	112.1	106.0	87.7
6.8882	138.820	111.9	105.7	87.4
6.8883	138.825	111.9	105.4	87.1
6.8883	138.830	112.2	105.8	87.2
6.8883	138.835	112.4	105.9	87.2
6.8884	138.840	112.2	105.8	87.1
6.8884	138.845	112.8	106.4	87.5
6.8885	138.850	113.6	107.0	88.0
6.8886	138.855	113.4	107.0	88.0
6.8886	138.860	113.5	107.0	88.0
6.8887	138.865	113.3	107.0	88.1
6.8887	138.870	113.4	107.2	88.6
6.8887	138.875	112.3	106.1	88.2
6.8888	138.880	111.7	105.5	87.6
6.8888	138.885	111.7	105.4	87.6
6.8889	138.890	111.2	105.2	87.3
6.8890	138.895	111.2	105.4	87.5
6.8890	138.900	111.6	105.8	87.7
6.8891	138.905	111.7	105.8	87.9
6.8891	138.910	111.7	105.9	87.8
6.8891	138.915	111.0	105.2	87.7
6.8892	138.920	110.5	104.8	87.2
6.8893	138.925	110.5	104.9	87.2
6.8893	138.930	110.4	104.5	87.1
6.8894	138.935	110.5	104.7	87.0
6.8894	138.940	111.0	105.3	87.6
6.8895	138.945	110.7	104.9	87.8
6.8895	138.950	109.5	103.8	87.0
6.8895	138.955	108.1	102.4	86.2
6.8896	138.960	106.6	101.1	85.0
6.8896	138.965	106.7	101.3	84.7
6.8897	138.970	108.1	102.7	85.7
6.8898	138.975	109.4	104.2	87.0
6.8898	138.980	110.0	104.5	87.5
6.8899	138.985	109.1	103.5	86.8
6.8899	138.990	108.6	103.1	86.4
6.8899	138.995	109.1	103.6	86.2
6.8900	139.000	109.8	104.3	86.8
6.8901	139.005	110.0	104.3	86.8
6.8901	139.010	110.6	104.9	87.4
6.8902	139.015	110.9	105.1	87.6
6.8902	139.020	110.7	105.0	87.5
6.8902	139.025	111.4	105.4	87.7
6.8903	139.030	111.7	105.8	87.8
6.8903	139.035	112.1	106.1	87.9
6.8904	139.040	112.5	106.4	88.4
6.8904	139.045	111.8	105.7	88.2
6.8905	139.050	111.5	105.3	87.7
6.8906	139.055	112.3	106.3	88.0
6.8906	139.060	113.0	106.8	88.6
6.8906	139.065	113.2	106.9	88.3
6.8907	139.070	113.5	107.2	88.4
6.8907	139.075	113.8	107.5	88.8
6.8908	139.080	113.5	107.2	88.9
6.8909	139.085	113.2	106.8	88.4
6.8909	139.090	113.6	107.2	88.8
6.8910	139.095	114.0	107.8	89.0
6.8910	139.100	114.5	108.3	89.5
6.8910	139.105	114.6	108.0	89.9
6.8911	139.110	114.0	107.7	89.5
6.8911	139.115	114.0	107.7	89.3
6.8912	139.120	113.9	107.5	89.4
6.8913	139.125	113.8	107.5	89.2
6.8913	139.130	113.7	107.5	89.0
6.8914	139.135	114.0	107.7	89.3
6.8914	139.140	113.5	107.2	89.4
6.8914	139.145	112.8	106.6	88.8
6.8915	139.150	112.5	106.5	88.5
6.8916	139.155	112.3	106.1	88.4
6.8916	139.160	112.1	106.1	88.2
6.8917	139.165	112.4	106.4	88.4
6.8917	139.170	112.7	106.8	88.7
6.8918	139.175	112.9	106.9	88.8
6.8918	139.180	112.6	106.7	88.8
6.8918	139.185	112.8	106.8	88.8
6.8919	139.190	113.3	107.3	89.2
6.8919	139.195	113.4	107.3	89.5
6.8920	139.200	112.6	106.6	88.9
6.8921	139.205	111.9	105.9	88.2
6.8921	139.210	111.3	105.3	87.7
6.8921	139.215	111.4	105.4	87.6
6.8922	139.220	112.0	106.1	88.1
6.8922	139.225	111.6	105.5	87.9
6.8923	139.230	111.5	105.5	87.5
6.8924	139.235	111.6	105.6	87.8
6.8924	139.240	111.5	105.5	87.9
6.8925	139.245	111.4	105.6	88.0
6.8925	139.250	111.1	105.3	87.9
6.8925	139.255	110.8	105.0	87.6
6.8926	139.260	111.3	105.4	87.7
6.8926	139.265	111.4	105.6	87.6
6.8927	139.270	111.9	105.9	87.9
6.8928	139.275	112.6	106.6	88.2
6.8928	139.280	113.5	107.5	88.9
6.8929	139.285	114.0	107.8	89.3
6.8929	139.290	114.5	108.1	89.6
6.8929	139.295	114.7	108.4	90.0
6.8930	139.300	115.1	108.9	90.3
6.8931	139.305	115.2	108.9	90.6
6.8931	139.310	115.4	108.9	90.1
6.8932	139.315	115.7	109.3	90.5
6.8932	139.320	115.7	109.3	90.8
6.8933	139.325	115.7	109.2	90.8
6.8933	139.330	115.1	108.7	90.2
6.8933	139.335	114.8	108.4	89.8
6.8934	139.340	114.7	108.4	89.5
6.8934	139.345	114.9	108.4	89.7
6.8935	139.350	115.0	108.5	90.0
6.8935	139.355	115.2	108.6	90.2
6.8936	139.360	115.4	109.1	90.4
6.8937	139.365	115.0	108.6	90.3
6.8937	139.370	115.1	108.8	90.0
6.8937	139.375	115.2	108.9	90.2
6.8938	139.380	115.3	109.0	90.2
6.8938	139.385	115.4	109.0	90.3
6.8939	139.390	115.6	109.2	90.4
6.8940	139.395	116.1	109.6	90.7
6.8940	139.400	116.5	110.0	91.2
6.8941	139.405	115.3	108.8	90.5
6.8941	139.410	114.7	108.3	89.7
6.8941	139.415	114.5	108.3	89.9
6.8942	139.420	114.2	107.9	89.9
6.8943	139.425	113.6	107.3	89.3
6.8943	139.430	113.8	107.8	89.4
6.8944	139.435	114.1	107.8	89.6
6.8944	139.440	114.1	108.0	89.6
6.8944	139.445	114.3	108.1	89.7
6.8945	139.450	114.3	108.2	90.1
6.8946	139.455	114.2	108.0	89.9
6.8946	139.460	114.5	108.3	90.0
6.8947	139.465	115.0	108.7	90.2
6.8947	139.470	115.3	108.9	90.5
6.8948	139.475	115.8	109.4	90.8
6.8948	139.480	115.7	109.3	90.7
6.8948	139.485	115.2	108.9	90.4
6.8949	139.490	115.0	108.7	90.3
6.8949	139.495	114.1	107.8	89.9
6.8950	139.500	113.5	107.2	89.1
6.8950	139.505	112.9	106.8	89.1
6.8951	139.510	112.3	106.2	88.7
6.8952	139.515	112.3	106.4	88.6
6.8952	139.520	112.7	107.0	89.3
6.8952	139.525	113.0	107.2	89.7
6.8953	139.530	112.9	106.8	89.5
6.8953	139.535	112.9	106.9	89.3
6.8954	139.540	113.1	107.0	89.2
6.8955	139.545	113.6	107.4	89.3
6.8955	139.550	114.0	107.8	89.4
6.8956	139.555	114.9	108.7	90.0
6.8956	139.560	115.1	108.9	90.5
6.8956	139.565	115.1	108.6	90.5
6.8957	139.570	114.7	108.3	90.2
6.8957	139.575	114.6	108.3	90.3
6.8958	139.580	114.2	107.7	89.8
6.8959	139.585	114.1	107.7	89.6
6.8959	139.590	114.4	107.9	89.6
6.8960	139.595	114.3	107.9	89.7
6.8960	139.600	114.0	107.6	89.5
6.8960	139.605	113.9	107.5	89.2
6.8961	139.610	113.7	107.4	89.2
6.8962	139.615	113.8	107.6	89.3
6.8962	139.620	113.7	107.6	89.3
6.8963	139.625	113.9	107.8	89.6
6.8963	139.630	113.9	107.8	90.0
6.8963	139.635	113.6	107.3	89.8
6.8964	139.640	113.6	107.5	89.6
6.8964	139.645	113.7	107.4	89.6
6.8965	139.650	113.2	107.1	89.5
6.8965	139.655	113.1	106.7	89.1
6.8966	139.660	112.8	106.6	88.9
6.8967	139.665	113.4	107.2	89.3
6.8967	139.670	114.2	108.2	90.1
6.8967	139.675	114.5	108.4	90.5
6.8968	139.680	114.2	108.0	90.4
6.8968	139.685	113.4	107.2	89.8
6.8969	139.690	112.8	106.6	89.4
6.8970	139.695	112.1	106.2	88.9
6.8970	139.700	111.9	106.1	88.9
6.8971	139.705	112.5	106.6	89.0
6.8971	139.710	113.2	107.3	89.4
6.8971	139.715	113.9	108.0	90.1
6.8972	139.720	114.1	108.1	90.7
6.8972	139.725	114.0	108.3	90.6
6.8973	139.730	114.1	108.3	90.6
6.8974	139.735	114.1	108.3	90.6
6.8974	139.740	114.5	108.7	90.9
6.8975	139.745	114.7	108.9	91.2
6.8975	139.750	114.5	108.8	90.9
6.8975	139.755	113.9	107.9	90.3
6.8976	139.760	113.4	107.6	89.7
6.8976	139.765	113.7	107.7	89.5
6.8977	139.770	113.7	107.9	89.6
6.8978	139.775	113.7	107.7	89.5
6.8978	139.780	113.5	107.6	89.5
6.8979	139.785	112.8	106.8	88.6
6.8979	139.790	112.7	106.8	88.6
6.8979	139.795	113.1	107.4	89.2
6.8980	139.800	112.9	107.0	89.3
6.8980	139.805	112.4	106.6	89.0
6.8981	139.810	112.2	106.5	88.6
6.8982	139.815	112.0	106.4	88.7
6.8982	139.820	112.4	106.8	89.1
6.8982	139.825	112.6	107.1	89.4
6.8983	139.830	112.6	106.9	89.3
6.8983	139.835	112.8	107.1	88.9
6.8984	139.840	113.3	107.5	89.3
6.8985	139.845	113.9	107.9	89.9
6.8985	139.850	114.3	108.4	90.2
6.8986	139.855	114.7	108.8	90.6
6.8986	139.860	115.0	109.0	90.9
6.8986	139.865	115.2	109.2	90.8
6.8987	139.870	115.2	109.2	91.0
6.8987	139.875	114.8	108.8	90.5
6.8988	139.880	114.8	108.9	90.5
6.8988	139.885	115.2	109.2	90.8
6.8989	139.890	115.4	109.4	91.2
6.8990	139.895	115.1	109.1	90.8
6.8990	139.900	115.1	109.1	90.8
6.8990	139.905	115.4	109.5	91.2
6.8991	139.910	115.7	109.8	91.5
6.8991	139.915	116.5	110.7	92.1
6.8992	139.920	117.2	111.0	92.6
6.8993	139.925	117.9	111.9	93.2
6.8993	139.930	117.9	111.8	93.5
6.8994	139.935	117.4	111.2	92.9
6.8994	139.940	117.4	111.3	92.8
6.8994	139.945	117.9	111.7	93.1
6.8995	139.950	117.6	111.7	93.3
6.8995	139.955	117.6	111.3	93.1
6.8996	139.960	117.8	111.7	93.1
6.8997	139.965	117.6	111.4	93.1
6.8997	139.970	117.4	111.4	93.0
6.8998	139.975	117.4	111.3	93.1
6.8998	139.980	117.3	111.1	92.9
6.8998	139.985	117.0	110.9	92.8
6.8999	139.990	117.0	110.9	92.6
6.9000	139.995	117.3	111.4	92.9
6.9000	140.000	117.3	111.1	93.0
6.9001	140.005	117.1	111.0	92.7
6.9001	140.010	116.8	110.6	92.6
6.9002	140.015	116.2	110.2	92.3
6.9002	140.020	115.6	109.6	91.9
6.9002	140.025	114.4	108.3	91.0
6.9003	140.030	113.8	108.0	90.5
6.9003	140.035	113.1	107.2	90.4
6.9004	140.040	112.6	106.7	89.6
6.9005	140.045	112.2	106.3	89.1
6.9005	140.050	112.3	106.4	88.9
6.9005	140.055	113.1	107.5	89.3
6.9006	140.060	114.1	108.4	90.2
6.9006	140.065	114.8	108.9	90.7
6.9007	140.070	115.3	109.3	91.1
6.9008	140.075	115.5	109.2	91.1
6.9008	140.080	115.6	109.4	91.1
6.9009	140.085	115.8	109.8	91.4
6.9009	140.090	115.6	109.5	91.2
6.9009	140.095	116.1	110.1	91.5
6.9010	140.100	116.6	110.3	92.1
6.9010	140.105	116.7	110.4	92.2
6.9011	140.110	117.1	110.7	92.4
6.9012	140.115	117.0	110.7	92.4
6.9012	140.120	117.3	111.0	92.2
6.9013	140.125	117.7	111.4	92.2
6.9013	140.130	118.0	111.6	92.7
6.9013	140.135	118.2	112.0	93.2
6.9014	140.140	118.3	111.8	93.5
6.9015	140.145	117.9	111.9	93.3
6.9015	140.150	116.9	110.7	92.8
6.9016	140.155	115.2	109.1	91.5
6.9016	140.160	115.7	109.8	91.4
6.9017	140.165	116.3	110.3	92.1
6.9017	140.170	116.8	110.6	92.3
6.9017	140.175	117.6	111.2	92.7
6.9018	140.180	118.2	112.0	93.3
6.9018	140.185	119.1	113.0	94.2
6.9019	140.190	119.3	112.9	94.5
6.9020	140.195	119.5	113.1	94.4
6.9020	140.200	119.3	112.8	94.3
6.9021	140.205	118.4	112.0	93.5
6.9021	140.210	118.2	111.7	93.3
6.9021	140.215	118.2	112.0	93.3
6.9022	140.220	118.3	111.9	93.3
6.9023	140.225	118.5	112.1	93.5
6.9023	140.230	118.5	112.2	93.6
6.9024	140.235	119.0	112.5	93.9
6.9024	140.240	119.2	112.8	94.0
6.9024	140.245	119.1	112.7	93.9
6.9025	140.250	119.4	112.8	93.9
6.9025	140.255	119.8	113.4	94.3
6.9026	140.260	120.0	113.7	95.0
6.9026	140.265	120.1	113.6	94.9
6.9027	140.270	120.1	113.7	94.9
6.9028	140.275	120.5	114.0	95.4
6.9028	140.280	120.1	113.8	95.1
6.9028	140.285	119.8	113.5	94.8
6.9029	140.290	119.7	113.2	94.7
6.9029	140.295	119.2	112.7	94.3
6.9030	140.300	119.5	112.9	94.3
6.9031	140.305	119.7	113.2	94.4
6.9031	140.310	119.7	113.1	94.2
6.9032	140.315	119.6	113.1	94.2
6.9032	140.320	119.6	113.2	94.3
6.9032	140.325	119.4	112.9	94.0
6.9033	140.330	119.4	112.9	93.8
6.9033	140.335	119.2	112.8	93.8
6.9034	140.340	118.8	112.3	93.5
6.9035	140.345	118.4	112.0	92.9
6.9035	140.350	118.5	112.2	92.9
6.9036	140.355	118.7	112.5	93.5
6.9036	140.360	118.5	112.4	93.4
6.9036	140.365	118.5	112.4	93.3
6.9037	140.370	118.2	112.1	93.6
6.9038	140.375	117.8	112.0	93.9
6.9038	140.380	117.6	111.8	93.8
6.9039	140.385	117.8	112.1	94.0
6.9039	140.390	117.6	112.0	94.0
6.9040	140.395	117.3	111.6	93.8
6.9040	140.400	117.7	111.8	93.8
6.9040	140.405	118.3	112.3	93.8
6.9041	140.410	119.0	112.9	94.1
6.9041	140.415	119.4	113.1	94.2
6.9042	140.420	119.7	113.3	94.6
6.9043	140.425	120.0	113.7	94.7
6.9043	140.430	120.3	114.0	95.0
6.9043	140.435	119.6	113.4	94.6
6.9044	140.440	119.4	113.1	94.2
6.9044	140.445	119.3	113.2	94.3
6.9045	140.450	119.8	113.9	94.8
6.9046	140.455	120.2	114.2	95.3
6.9046	140.460	120.4	114.3	95.6
6.9047	140.465	121.0	114.8	95.8
6.9047	140.470	121.4	115.4	96.4
6.9047	140.475	121.1	115.1	96.6
6.9048	140.480	121.0	115.0	96.3
6.9048	140.485	120.9	114.7	96.2
6.9049	140.490	120.4	114.2	95.7
6.9050	140.495	120.6	114.7	95.8
6.9050	140.500	120.7	114.6	96.3
6.9051	140.505	120.4	114.1	95.8
6.9051	140.510	120.1	113.8	95.3
6.9051	140.515	120.2	113.8	95.1
6.9052	140.520	119.7	113.2	94.5
6.9053	140.525	119.7	113.1	94.2
6.9053	140.530	119.9	113.4	94.5
6.9054	140.535	119.7	113.3	94.4
6.9054	140.540	119.6	113.1	94.3
6.9055	140.545	119.3	112.7	93.8
6.9055	140.550	119.2	112.7	93.6
6.9055	140.555	119.2	113.0	93.9
6.9056	140.560	119.0	112.5	93.7
6.9056	140.565	119.0	112.6	93.6
6.9057	140.570	119.0	112.6	93.8
6.9057	140.575	119.3	113.0	94.1
6.9058	140.580	120.6	114.4	95.1
6.9059	140.585	121.2	114.8	96.0
6.9059	140.590	119.9	113.4	94.9
6.9059	140.595	119.6	113.4	94.5
6.9060	140.600	120.2	114.0	95.0
6.9060	140.605	120.8	114.7	95.7
6.9061	140.610	120.9	114.8	96.1
6.9062	140.615	120.2	114.1	96.0
6.9062	140.620	118.6	112.7	95.0
6.9062	140.625	118.7	112.7	94.5
6.9063	140.630	118.9	112.9	94.4
6.9063	140.635	119.4	113.3	95.0
6.9064	140.640	118.6	112.5	94.5
6.9065	140.645	118.4	112.4	94.0
6.9065	140.650	118.8	112.8	94.3
6.9066	140.655	118.8	112.7	94.1
6.9066	140.660	119.3	113.3	94.5
6.9066	140.665	119.4	113.5	94.8
6.9067	140.670	118.8	112.8	94.8
6.9068	140.675	117.8	111.8	94.2
6.9068	140.680	117.0	111.2	93.6
6.9069	140.685	116.1	110.2	92.9
6.9069	140.690	115.6	109.9	92.2
6.9070	140.695	115.7	110.1	92.2
6.9070	140.700	116.1	110.4	92.5
6.9070	140.705	116.8	111.2	93.0
6.9071	140.710	118.0	112.0	93.5
6.9071	140.715	118.8	112.9	94.4
6.9072	140.720	118.9	112.8	94.4
6.9072	140.725	118.6	112.4	94.1
6.9073	140.730	118.2	111.8	93.4
6.9074	140.735	117.6	111.2	92.7
6.9074	140.740	118.4	112.0	92.7
6.9074	140.745	119.1	112.7	93.7
6.9075	140.750	119.2	112.9	93.8
6.9075	140.755	118.9	112.5	93.5
6.9076	140.760	119.1	112.7	93.5
6.9077	140.765	119.2	112.8	93.7
6.9077	140.770	119.0	112.7	93.8
6.9078	140.775	119.4	113.1	94.0
6.9078	140.780	119.4	113.0	93.9
6.9078	140.785	118.9	112.6	93.5
6.9079	140.790	118.9	112.5	93.6
6.9079	140.795	118.5	112.3	93.4
6.9080	140.800	118.5	112.2	93.0
6.9081	140.805	118.6	112.3	93.1
6.9081	140.810	119.1	112.8	93.3
6.9082	140.815	119.6	113.2	93.9
6.9082	140.820	120.0	113.7	94.3
6.9082	140.825	119.7	113.2	94.1
6.9083	140.830	119.0	112.5	93.4
6.9084	140.835	118.7	112.3	93.0
6.9084	140.840	119.1	112.8	93.4
6.9085	140.845	119.6	113.3	94.1
6.9085	140.850	119.5	113.1	94.0
6.9085	140.855	119.5	113.1	93.8
6.9086	140.860	119.5	113.3	93.9
6.9086	140.865	119.5	113.2	94.0
6.9087	140.870	119.6	113.2	93.8
6.9087	140.875	119.7	113.3	94.1
6.9088	140.880	120.1	113.8	94.3
6.9089	140.885	120.5	114.1	94.6
6.9089	140.890	120.4	113.9	94.5
6.9089	140.895	120.4	114.0	94.5
6.9090	140.900	120.0	113.6	94.2
6.9090	140.905	120.4	113.9	94.5
6.9091	140.910	120.5	114.1	94.8
6.9092	140.915	120.7	114.3	94.9
6.9092	140.920	120.8	114.2	95.2
6.9093	140.925	120.6	114.1	94.9
6.9093	140.930	120.5	113.9	94.6
6.9093	140.935	120.3	113.6	94.3
6.9094	140.940	119.8	113.1	93.8
6.9094	140.945	119.5	112.8	93.6
6.9095	140.950	119.5	112.9	93.5
6.9096	140.955	119.8	113.1	93.6
6.9096	140.960	119.9	113.3	93.9
6.9097	140.965	119.5	113.2	93.9
6.9097	140.970	118.8	112.6	93.7
6.9097	140.975	118.0	111.8	93.4
6.9098	140.980	116.9	111.0	92.6
6.9099	140.985	116.7	110.6	92.4
6.9099	140.990	117.2	111.3	92.4
6.9100	140.995	117.9	111.6	92.9
6.9100	141.000	118.1	112.0	93.3
6.9101	141.005	118.4	112.2	93.3
6.9101	141.010	119.0	112.7	93.8
6.9101	141.015	119.5	113.2	94.1
6.9102	141.020	119.7	113.2	94.2
6.9102	141.025	119.2	112.9	94.2
6.9103	141.030	118.6	112.2	93.9
6.9104	141.035	118.3	112.1	93.4
6.9104	141.040	119.0	112.6	93.7
6.9104	141.045	119.8	113.4	94.2
6.9105	141.050	120.2	114.0	94.7
6.9105	141.055	120.2	113.8	94.5
6.9106	141.060	120.1	113.4	94.3
6.9107	141.065	120.2	113.7	94.4
6.9107	141.070	120.2	113.6	94.4
6.9108	141.075	120.1	113.6	94.4
6.9108	141.080	120.0	113.5	94.6
6.9108	141.085	119.8	113.1	94.1
6.9109	141.090	120.1	113.4	94.2
6.9109	141.095	120.1	113.6	94.5
6.9110	141.100	120.5	114.1	94.9
6.9110	141.105	120.1	113.5	94.4
6.9111	141.110	119.9	113.4	94.0
6.9112	141.115	120.0	113.4	94.3
6.9112	141.120	120.2	113.7	94.5
6.9112	141.125	120.3	113.6	94.8
6.9113	141.130	120.3	113.8	94.6
6.9113	141.135	120.7	114.2	95.2
6.9114	141.140	120.9	114.5	95.3
6.9115	141.145	121.3	114.8	95.4
6.9115	141.150	121.1	114.6	95.3
6.9116	141.155	120.6	114.1	95.4
6.9116	141.160	120.3	113.8	94.8
6.9116	141.165	120.1	113.6	94.6
6.9117	141.170	119.3	112.7	94.1
6.9117	141.175	118.9	112.4	93.6
6.9118	141.180	118.4	112.0	93.4
6.9119	141.185	117.9	111.4	92.7
6.9119	141.190	117.5	111.0	92.6
6.9120	141.195	117.4	111.0	92.2
6.9120	141.200	117.6	111.1	92.1
6.9120	141.205	118.1	111.6	92.4
6.9121	141.210	118.5	112.0	93.0
6.9122	141.215	118.6	112.1	93.0
6.9122	141.220	118.9	112.2	93.6
6.9123	141.225	118.9	112.3	93.1
6.9123	141.230	119.8	113.3	93.6
6.9123	141.235	120.5	114.0	94.5
6.9124	141.240	120.5	113.9	94.6
6.9124	141.245	120.4	113.8	94.4
6.9125	141.250	120.4	113.8	94.6
6.9125	141.255	120.5	113.8	94.6
6.9126	141.260	120.6	114.2	94.9
6.9127	141.265	121.0	114.5	95.3
6.9127	141.270	121.1	114.7	95.6
6.9127	141.275	121.3	114.8	95.6
6.9128	141.280	121.2	114.9	95.6
6.9128	141.285	121.2	114.6	95.4
6.9129	141.290	121.1	114.6	95.5
6.9130	141.295	120.6	114.2	95.3
6.9130	141.300	120.3	113.9	95.0
6.9131	141.305	119.6	113.2	94.5
6.9131	141.310	119.0	112.6	94.1
6.9131	141.315	118.7	112.3	93.7
6.9132	141.320	119.1	112.8	93.8
6.9132	141.325	118.4	112.1	93.6
6.9133	141.330	118.1	111.8	92.9
6.9134	141.335	119.0	112.7	93.7
6.9134	141.340	119.1	112.9	94.1
6.9135	141.345	119.0	112.8	94.0
6.9135	141.350	118.9	112.5	93.6
6.9135	141.355	118.7	112.6	93.7
6.9136	141.360	118.7	112.5	94.0
6.9137	141.365	118.6	112.5	94.1
6.9137	141.370	118.6	112.5	94.2
6.9138	141.375	118.6	112.4	94.0
6.9138	141.380	118.8	112.5	94.2
6.9139	141.385	118.7	112.5	94.2
6.9139	141.390	118.8	112.4	94.3
6.9139	141.395	118.9	112.5	94.3
6.9140	141.400	119.1	113.0	94.5
6.9140	141.405	118.7	112.5	94.1
6.9141	141.410	118.8	112.6	93.8
6.9142	141.415	119.1	112.8	94.2
6.9142	141.420	119.4	113.0	94.3
6.9143	141.425	119.2	112.9	94.3
6.9143	141.430	118.4	112.0	93.7
6.9143	141.435	118.3	111.9	93.4
6.9144	141.440	118.1	111.9	93.4
6.9145	141.445	118.1	111.7	93.3
6.9145	141.450	118.1	111.9	93.3
6.9146	141.455	118.3	111.9	93.3
6.9146	141.460	118.7	112.4	93.6
6.9146	141.465	119.5	113.1	94.3
6.9147	141.470	119.4	113.0	94.5
6.9147	141.475	119.1	112.7	94.0
6.9148	141.480	119.0	112.3	93.5
6.9149	141.485	118.2	111.7	93.3
6.9149	141.490	117.2	110.9	92.5
6.9150	141.495	117.1	110.7	91.9
6.9150	141.500	117.3	110.8	92.2
6.9150	141.505	117.3	110.8	92.3
6.9151	141.510	117.6	111.1	92.5
6.9151	141.515	117.7	111.2	92.5
6.9152	141.520	117.6	110.9	92.2
6.9153	141.525	117.6	111.0	92.3
6.9153	141.530	118.0	111.6	92.7
6.9154	141.535	118.7	112.3	93.2
6.9154	141.540	119.0	112.5	93.8
6.9154	141.545	118.6	112.2	93.5
6.9155	141.550	118.4	111.8	93.1
6.9155	141.555	118.5	111.9	93.0
6.9156	141.560	118.8	112.3	93.2
6.9157	141.565	119.1	112.6	93.5
6.9157	141.570	119.0	112.5	93.5
6.9158	141.575	119.2	112.7	93.5
6.9158	141.580	119.4	113.1	94.1
6.9158	141.585	119.6	113.2	94.1
6.9159	141.590	119.8	113.4	94.8
6.9160	141.595	119.5	113.2	94.6
6.9160	141.600	119.4	113.0	94.5
6.9161	141.605	119.1	112.7	94.2
6.9161	141.610	118.6	112.1	93.6
6.9162	141.615	118.2	111.8	93.0
6.9162	141.620	118.6	112.2	93.2
6.9162	141.625	119.2	112.7	93.8
6.9163	141.630	119.3	112.8	93.9
6.9163	141.635	119.7	113.1	94.0
6.9164	141.640	119.8	113.4	94.6
6.9165	141.645	119.3	112.8	94.3
6.9165	141.650	118.8	112.2	93.6
6.9165	141.655	119.0	112.4	93.5
6.9166	141.660	119.3	112.8	93.7
6.9166	141.665	119.4	112.8	93.6
6.9167	141.670	118.9	112.3	93.3
6.9168	141.675	119.3	112.5	93.2
6.9168	141.680	119.8	113.3	93.8
6.9169	141.685	119.9	113.5	94.2
6.9169	141.690	119.6	113.0	94.0
6.9169	141.695	119.5	112.9	93.6
6.9170	141.700	119.8	113.3	94.0
6.9170	141.705	119.9	113.3	94.2
6.9171	141.710	119.8	113.3	94.2
6.9172	141.715	119.5	113.0	94.1
6.9172	141.720	119.1	112.4	93.7
6.9173	141.725	118.7	112.1	93.3
6.9173	141.730	118.4	111.8	93.1
6.9173	141.735	118.7	112.0	93.4
6.9174	141.740	119.1	112.6	93.7
6.9175	141.745	119.4	113.1	94.0
6.9175	141.750	119.8	113.3	94.1
6.9176	141.755	119.8	113.3	94.2
6.9176	141.760	119.6	113.3	94.3
6.9177	141.765	119.8	113.6	94.5
6.9177	141.770	119.6	113.1	94.2
6.9177	141.775	119.3	112.9	93.6
6.9178	141.780	119.2	112.8	93.7
6.9178	141.785	119.2	112.6	93.8
6.9179	141.790	118.5	112.2	93.6
6.9179	141.795	118.3	112.1	93.4
6.9180	141.800	118.3	112.0	93.2
6.9181	141.805	118.5	112.2	93.2
6.9181	141.810	119.0	112.6	93.3
6.9181	141.815	119.2	112.8	93.7
6.9182	141.820	119.2	113.0	93.6
6.9182	141.825	119.4	113.0	94.0
6.9183	141.830	119.5	113.1	93.9
6.9184	141.835	119.5	113.0	94.0
6.9184	141.840	118.8	112.3	93.6
6.9184	141.845	118.8	112.5	93.2
6.9185	141.850	119.1	112.8	93.6
6.9185	141.855	118.8	112.2	93.5
6.9186	141.860	118.6	112.1	93.1
6.9187	141.865	118.4	111.9	92.9
6.9187	141.870	118.3	111.6	92.7
6.9188	141.875	118.3	111.8	92.7
6.9188	141.880	118.4	112.0	93.0
6.9188	141.885	118.3	111.7	93.2
6.9189	141.890	117.9	111.6	92.9
6.9190	141.895	118.0	111.6	92.5
6.9190	141.900	118.0	111.6	92.4
6.9191	141.905	118.1	111.5	92.5
6.9191	141.910	118.1	111.7	92.7
6.9192	141.915	118.3	111.8	92.7
6.9192	141.920	118.1	111.7	92.7
6.9192	141.925	118.4	111.8	92.6
6.9193	141.930	118.2	111.8	92.4
6.9193	141.935	118.2	111.8	92.4
6.9194	141.940	118.8	112.2	92.9
6.9194	141.945	118.9	112.2	92.9
6.9195	141.950	118.9	112.4	92.7
6.9196	141.955	119.3	112.8	93.2
6.9196	141.960	119.0	112.4	93.2
6.9196	141.965	119.1	112.4	93.1
6.9197	141.970	119.0	112.4	93.2
6.9197	141.975	118.7	112.0	92.9
6.9198	141.980	119.0	112.5	93.0
6.9199	141.985	119.4	113.1	93.6
6.9199	141.990	119.7	113.5	94.1
6.9200	141.995	119.8	113.3	94.3
6.9200	142.000	119.6	112.9	94.0
6.9200	142.005	118.9	112.4	93.4
6.9201	142.010	118.5	112.2	93.2
6.9201	142.015	117.8	111.6	92.9
6.9202	142.020	117.0	110.7	92.3
6.9203	142.025	116.1	109.6	91.5
6.9203	142.030	115.8	109.5	91.0
6.9204	142.035	115.6	109.6	91.2
6.9204	142.040	115.0	109.1	91.1
6.9204	142.045	114.4	108.5	90.8
6.9205	142.050	113.7	107.9	90.4
6.9206	142.055	112.9	107.2	90.0
6.9206	142.060	112.7	107.1	89.8
6.9207	142.065	112.2	106.8	89.7
6.9207	142.070	111.3	105.9	89.2
6.9207	142.075	110.7	105.3	88.4
6.9208	142.080	110.7	105.2	88.4
6.9208	142.085	110.1	104.6	88.2
6.9209	142.090	109.2	103.8	87.3
6.9209	142.095	109.0	103.5	86.7
6.9210	142.100	109.2	103.8	86.7
6.9211	142.105	109.2	103.7	87.0
6.9211	142.110	109.0	103.6	86.4
6.9211	142.115	109.6	104.2	86.8
6.9212	142.120	109.9	104.3	87.1
6.9212	142.125	110.2	104.6	87.3
6.9213	142.130	110.5	105.1	87.7
6.9214	142.135	110.3	104.7	87.8
6.9214	142.140	109.6	103.9	86.8
6.9215	142.145	110.2	104.5	86.8
6.9215	142.150	111.2	105.4	87.6
6.9215	142.155	111.7	106.0	88.3
6.9216	142.160	111.8	106.2	88.5
6.9216	142.165	111.7	105.9	88.4
6.9217	142.170	112.3	106.6	88.8
6.9218	142.175	112.8	107.1	89.4
6.9218	142.180	113.1	107.2	90.1
6.9219	142.185	112.6	106.5	89.4
6.9219	142.190	112.5	106.5	88.9
6.9219	142.195	113.0	107.0	89.3
6.9220	142.200	113.1	107.1	89.5
6.9221	142.205	112.8	106.8	89.2
6.9221	142.210	112.7	106.9	89.3
6.9222	142.215	113.0	107.2	89.3
6.9222	142.220	113.3	107.4	89.7
6.9223	142.225	112.9	107.1	89.5
6.9223	142.230	113.3	107.3	89.6
6.9223	142.235	113.2	107.3	89.8
6.9224	142.240	113.5	107.6	90.0
6.9224	142.245	112.9	106.7	89.6
6.9225	142.250	112.4	106.6	89.0
6.9226	142.255	112.4	106.7	89.1
6.9226	142.260	112.5	106.8	89.2
6.9226	142.265	112.4	106.6	89.3
6.9227	142.270	112.4	106.7	89.1
6.9227	142.275	113.0	107.2	89.6
6.9228	142.280	113.4	107.5	90.0
6.9229	142.285	113.2	107.4	90.1
6.9229	142.290	112.6	106.9	89.7
6.9230	142.295	112.0	106.5	89.2
6.9230	142.300	111.6	106.2	89.0
6.9230	142.305	111.1	105.8	88.8
6.9231	142.310	111.4	106.0	88.7
6.9231	142.315	112.3	106.8	89.5
6.9232	142.320	112.6	106.9	90.0
6.9232	142.325	112.1	106.3	89.4
6.9233	142.330	111.9	106.2	89.1
6.9234	142.335	111.9	106.5	89.3
6.9234	142.340	111.5	106.0	89.1
6.9234	142.345	110.9	105.3	88.3
6.9235	142.350	111.3	105.7	88.7
6.9235	142.355	111.3	105.7	88.9
6.9236	142.360	111.1	105.7	88.7
6.9237	142.365	111.1	105.9	88.9
6.9237	142.370	111.2	105.9	89.0
6.9238	142.375	111.6	106.2	89.1
6.9238	142.380	112.2	107.0	89.8
6.9238	142.385	112.3	106.9	90.1
6.9239	142.390	112.0	106.6	89.8
6.9239	142.395	111.6	106.1	89.2
6.9240	142.400	110.8	105.2	88.4
6.9241	142.405	110.0	104.4	87.7
6.9241	142.410	109.1	103.9	87.0
6.9242	142.415	108.6	103.2	86.8
6.9242	142.420	107.5	102.3	85.7
6.9242	142.425	107.3	102.0	85.2
6.9243	142.430	106.5	101.3	84.8
6.9244	142.435	106.5	101.6	84.6
6.9244	142.440	107.2	102.2	85.5
6.9245	142.445	106.9	101.7	85.4
6.9245	142.450	107.0	101.7	85.2
6.9245	142.455	107.5	102.2	85.2
6.9246	142.460	108.0	102.8	86.0
6.9246	142.465	108.1	102.9	86.2
6.9247	142.470	107.8	102.6	86.3
6.9247	142.475	108.2	103.0	86.3
6.9248	142.480	108.3	103.2	86.7
6.9249	142.485	108.6	103.3	86.8
6.9249	142.490	108.6	103.2	86.8
6.9249	142.495	108.6	103.5	86.6
6.9250	142.500	109.1	103.6	86.9
6.9250	142.505	109.2	103.8	87.1
6.9251	142.510	109.2	103.7	86.9
6.9252	142.515	108.9	103.5	86.8
6.9252	142.520	108.6	103.0	86.4
6.9253	142.525	108.0	102.3	85.8
6.9253	142.530	107.7	102.3	85.5
6.9253	142.535	107.6	102.2	85.5
6.9254	142.540	107.5	102.2	85.5
6.9254	142.545	107.5	102.1	85.3
6.9255	142.550	107.2	101.9	85.1
6.9256	142.555	106.8	101.6	85.0
6.9256	142.560	106.6	101.4	84.8
6.9257	142.565	106.7	101.5	85.0
6.9257	142.570	107.4	102.3	85.6
6.9257	142.575	107.6	102.5	85.8
6.9258	142.580	107.4	102.1	85.5
6.9259	142.585	107.6	102.5	85.5
6.9259	142.590	107.8	102.2	85.8
6.9260	142.595	107.2	101.7	85.4
6.9260	142.600	106.7	101.1	84.8
6.9261	142.605	106.6	101.1	84.5
6.9261	142.610	106.8	101.4	84.6
6.9261	142.615	106.3	100.9	84.6
6.9262	142.620	105.9	100.6	84.4
6.9262	142.625	106.5	100.9	84.5
6.9263	142.630	106.8	101.3	84.7
6.9264	142.635	106.8	101.1	84.7
6.9264	142.640	106.4	100.9	84.7
6.9264	142.645	106.2	100.6	84.3
6.9265	142.650	105.9	100.3	84.1
6.9265	142.655	105.6	100.3	83.9
6.9266	142.660	105.7	100.6	84.2
6.9267	142.665	106.0	100.8	84.4
6.9267	142.670	106.0	100.7	84.7
6.9268	142.675	105.7	100.4	84.6
6.9268	142.680	104.8	99.5	84.4
6.9268	142.685	104.0	98.7	83.3
6.9269	142.690	104.6	99.4	83.5
6.9269	142.695	105.1	99.9	83.9
6.9270	142.700	105.8	100.6	84.4
6.9271	142.705	105.5	100.2	84.3
6.9271	142.710	105.7	100.4	84.2
6.9272	142.715	105.8	100.4	84.4
6.9272	142.720	106.2	101.0	84.4
6.9272	142.725	106.1	100.7	84.8
6.9273	142.730	105.7	100.5	84.3
6.9274	142.735	106.1	100.8	84.5
6.9274	142.740	106.4	101.0	84.8
6.9275	142.745	106.5	101.4	85.1
6.9275	142.750	106.7	101.5	85.2
6.9276	142.755	107.0	101.8	85.4
6.9276	142.760	107.3	102.2	86.0
6.9276	142.765	106.7	101.6	85.8
6.9277	142.770	105.3	100.1	84.5
6.9277	142.775	104.8	99.7	83.7
6.9278	142.780	104.7	99.5	83.8
6.9279	142.785	104.4	99.1	83.4
6.9279	142.790	103.7	98.5	82.6
6.9280	142.795	103.7	98.5	82.0
6.9280	142.800	104.5	99.5	82.7
6.9280	142.805	106.2	101.2	83.9
6.9281	142.810	107.9	102.8	85.6
6.9282	142.815	108.5	103.6	86.5
6.9282	142.820	108.8	103.6	86.9
6.9283	142.825	108.5	103.1	86.8
6.9283	142.830	108.5	103.3	86.5
6.9284	142.835	109.0	103.8	86.9
6.9284	142.840	109.2	103.7	87.3
6.9284	142.845	108.8	103.4	86.8
6.9285	142.850	108.8	103.4	86.5
6.9285	142.855	109.2	103.7	86.9
6.9286	142.860	109.0	103.5	86.8
6.9287	142.865	109.0	103.4	86.5
6.9287	142.870	109.5	104.0	86.9
6.9287	142.875	109.8	104.0	87.1
6.9288	142.880	109.4	103.9	86.5
6.9288	142.885	109.5	103.9	86.4
6.9289	142.890	110.1	104.4	87.0
6.9290	142.895	110.3	104.6	87.3
6.9290	142.900	110.4	104.9	87.5
6.9291	142.905	110.5	104.8	87.9
6.9291	142.910	110.4	104.8	88.0
6.9291	142.915	109.5	103.9	87.5
6.9292	142.920	108.6	102.9	86.2
6.9292	142.925	108.3	102.9	85.7
6.9293	142.930	108.4	103.0	86.1
6.9294	142.935	108.3	102.8	85.9
6.9294	142.940	108.1	102.8	85.8
6.9295	142.945	107.9	102.5	85.6
6.9295	142.950	107.4	102.0	85.1
6.9295	142.955	106.9	101.4	84.7
6.9296	142.960	106.9	101.5	84.7
6.9297	142.965	106.7	101.4	84.7
6.9297	142.970	107.0	101.6	84.7
6.9298	142.975	107.0	101.6	84.7
6.9298	142.980	107.3	102.0	85.1
6.9299	142.985	107.4	101.8	85.3
6.9299	142.990	107.4	101.9	85.1
6.9299	142.995	107.4	102.0	85.2
6.9300	143.000	107.2	101.6	85.0
6.9300	143.005	106.9	101.5	84.9
6.9301	143.010	106.8	101.4	84.7
6.9301	143.015	106.8	101.3	84.5
6.9302	143.020	107.3	101.8	84.9
6.9303	143.025	107.6	102.0	85.3
6.9303	143.030	107.3	101.7	85.3
6.9303	143.035	107.3	101.8	85.2
6.9304	143.040	106.8	101.4	84.5
6.9304	143.045	106.7	101.2	84.1
6.9305	143.050	106.7	101.2	84.2
6.9306	143.055	106.9	101.2	84.3
6.9306	143.060	107.3	101.6	84.5
6.9306	143.065	108.1	102.4	84.9
6.9307	143.070	108.9	103.3	85.8
6.9307	143.075	109.5	103.9	86.5
6.9308	143.080	109.7	104.0	87.0
6.9309	143.085	109.4	103.8	87.0
6.9309	143.090	109.3	103.6	86.8
6.9310	143.095	108.8	103.3	86.5
6.9310	143.100	108.8	103.2	86.4
6.9310	143.105	108.7	103.4	86.4
6.9311	143.110	109.1	103.6	86.5
6.9312	143.115	109.4	103.9	86.8
6.9312	143.120	109.5	103.9	86.8
6.9313	143.125	109.4	103.8	86.6
6.9313	143.130	109.1	103.5	86.4
6.9314	143.135	109.2	103.6	86.4
6.9314	143.140	109.6	104.0	86.8
6.9314	143.145	109.6	104.1	87.2
6.9315	143.150	109.7	104.2	87.2
6.9315	143.155	110.0	104.6	87.3
6.9316	143.160	110.2	104.7	87.3
6.9316	143.165	110.2	104.7	87.4
6.9317	143.170	110.1	104.4	87.7
6.9318	143.175	109.7	104.3	87.3
6.9318	143.180	109.5	103.9	87.1
6.9318	143.185	109.4	103.7	86.9
6.9319	143.190	109.3	103.8	86.8
6.9319	143.195	109.1	103.7	86.8
6.9320	143.200	108.8	103.4	86.7
6.9321	143.205	108.6	103.2	86.4
6.9321	143.210	108.7	103.2	86.5
6.9322	143.215	108.6	103.2	86.5
6.9322	143.220	108.3	102.8	86.1
6.9322	143.225	107.7	102.2	85.8
6.9323	143.230	107.8	102.4	85.5
6.9324	143.235	108.6	103.0	86.2
6.9324	143.240	108.9	103.5	86.7
6.9325	143.245	108.6	103.2	86.9
6.9325	143.250	108.3	102.7	86.2
6.9325	143.255	108.5	102.9	86.2
6.9326	143.260	108.2	103.0	86.4
6.9326	143.265	108.1	102.6	86.0
6.9327	143.270	108.2	102.8	86.1
6.9328	143.275	108.1	102.7	86.2
6.9328	143.280	108.4	103.1	86.3
6.9329	143.285	108.4	103.0	86.5
6.9329	143.290	108.3	102.8	86.2
6.9329	143.295	108.7	103.2	86.3
6.9330	143.300	108.6	103.1	86.4
6.9330	143.305	108.9	103.3	86.4
6.9331	143.310	108.9	103.4	86.7
6.9331	143.315	108.6	103.2	86.6
6.9332	143.320	108.5	103.0	86.6
6.9333	143.325	108.1	102.5	85.9
6.9333	143.330	108.4	102.7	86.1
6.9333	143.335	108.3	102.8	86.0
6.9334	143.340	108.5	102.9	86.1
6.9334	143.345	108.3	102.9	86.1
6.9335	143.350	108.4	102.8	85.9
6.9336	143.355	108.0	102.6	86.0
6.9336	143.360	107.8	102.3	85.8
6.9337	143.365	107.8	102.1	85.5
6.9337	143.370	107.5	102.0	85.4
6.9337	143.375	107.6	102.0	85.4
6.9338	143.380	107.8	102.3	85.4
6.9338	143.385	108.4	102.7	86.0
6.9339	143.390	108.5	102.7	86.0
6.9340	143.395	108.3	102.6	86.2
6.9340	143.400	108.3	102.6	86.0
6.9341	143.405	108.2	102.4	85.6
6.9341	143.410	108.0	102.3	85.4
6.9341	143.415	107.8	102.0	85.1
6.9342	143.420	107.4	101.7	84.8
6.9343	143.425	107.8	102.2	85.2
6.9343	143.430	107.6	101.8	85.1
6.9344	143.435	107.2	101.4	84.6
6.9344	143.440	107.2	101.4	84.4
6.9345	143.445	107.4	101.7	84.7
6.9345	143.450	107.4	101.5	84.8
6.9345	143.455	106.8	100.9	84.3
6.9346	143.460	106.8	101.1	84.0
6.9346	143.465	107.0	101.4	84.6
6.9347	143.470	106.8	101.1	84.4
6.9348	143.475	106.5	100.8	84.3
6.9348	143.480	106.6	101.0	84.0
6.9348	143.485	107.5	101.9	84.7
6.9349	143.490	108.1	102.4	85.4
6.9349	143.495	107.9	102.4	85.5
6.9350	143.500	108.0	102.4	85.7
6.9351	143.505	107.4	101.8	85.3
6.9351	143.510	107.3	101.8	84.9
6.9352	143.515	107.6	102.1	85.3
6.9352	143.520	107.2	101.8	85.3
6.9352	143.525	106.6	101.1	84.6
6.9353	143.530	106.4	100.8	84.3
6.9353	143.535	106.6	101.2	84.4
6.9354	143.540	107.0	101.4	84.6
6.9354	143.545	107.3	101.8	84.7
6.9355	143.550	107.6	102.1	85.0
6.9356	143.555	107.9	102.2	85.2
6.9356	143.560	107.7	102.0	85.1
6.9356	143.565	107.9	102.3	85.2
6.9357	143.570	107.9	102.3	85.2
6.9357	143.575	108.2	102.6	85.6
6.9358	143.580	108.4	102.9	86.0
6.9359	143.585	108.4	102.8	86.2
6.9359	143.590	108.0	102.5	86.1
6.9360	143.595	108.3	102.8	85.8
6.9360	143.600	108.7	103.0	86.1
6.9360	143.605	108.9	103.3	86.3
6.9361	143.610	108.7	102.9	86.2
6.9361	143.615	108.3	102.8	85.9
6.9362	143.620	108.5	102.8	85.7
6.9363	143.625	108.7	103.1	86.0
6.9363	143.630	108.9	103.2	86.0
6.9364	143.635	109.1	103.3	86.1
6.9364	143.640	109.1	103.2	85.8
6.9364	143.645	109.2	103.3	86.1
6.9365	143.650	109.0	103.3	86.0
6.9366	143.655	109.3	103.4	86.1
6.9366	143.660	109.4	103.5	86.2
6.9367	143.665	109.4	103.5	86.4
6.9367	143.670	109.4	103.5	86.3
6.9367	143.675	109.4	103.4	86.0
6.9368	143.680	109.7	103.6	86.2
6.9368	143.685	109.6	103.7	86.4
6.9369	143.690	109.6	103.8	86.2
6.9369	143.695	110.0	104.2	86.7
6.9370	143.700	110.0	104.0	86.8
6.9371	143.705	109.7	103.9	86.5
6.9371	143.710	109.7	104.0	86.8
6.9371	143.715	109.8	104.0	86.7
6.9372	143.720	109.8	104.1	86.7
6.9372	143.725	109.8	104.0	86.7
6.9373	143.730	109.7	103.9	86.5
6.9374	143.735	110.0	104.2	86.6
6.9374	143.740	110.1	104.0	86.6
6.9375	143.745	110.1	104.2	86.6
6.9375	143.750	110.0	104.0	86.7
6.9375	143.755	109.9	104.0	86.4
6.9376	143.760	109.8	103.9	86.2
6.9376	143.765	109.6	103.7	86.2
6.9377	143.770	109.3	103.5	85.9
6.9378	143.775	109.6	103.8	86.3
6.9378	143.780	110.0	104.2	86.7
6.9379	143.785	110.3	104.6	87.1
6.9379	143.790	110.2	104.5	87.0
6.9379	143.795	110.1	104.4	87.0
6.9380	143.800	110.2	104.6	86.9
6.9381	143.805	110.1	104.4	87.2
6.9381	143.810	109.4	103.6	86.2
6.9382	143.815	108.9	103.4	85.9
6.9382	143.820	108.9	103.4	86.3
6.9383	143.825	108.6	103.0	86.0
6.9383	143.830	108.4	102.7	85.5
6.9383	143.835	108.3	102.8	85.4
6.9384	143.840	108.7	103.1	85.6
6.9384	143.845	108.7	103.1	85.7
6.9385	143.850	108.9	103.2	85.7
6.9386	143.855	109.1	103.4	86.1
6.9386	143.860	108.6	102.9	85.8
6.9386	143.865	108.4	102.9	85.6
6.9387	143.870	108.7	103.2	85.8
6.9387	143.875	109.3	103.8	86.2
6.9388	143.880	109.3	103.7	86.4
6.9389	143.885	109.0	103.5	86.0
6.9389	143.890	108.5	102.9	85.5
6.9390	143.895	108.4	102.9	85.2
6.9390	143.900	108.8	103.1	85.3
6.9390	143.905	108.8	103.0	85.5
6.9391	143.910	108.7	102.9	85.2
6.9391	143.915	108.8	103.0	85.2
6.9392	143.920	109.2	103.3	85.4
6.9393	143.925	109.4	103.6	85.9
6.9393	143.930	109.7	103.8	86.0
6.9394	143.935	109.9	104.1	86.1
6.9394	143.940	109.9	103.9	86.1
6.9394	143.945	110.2	104.3	86.1
6.9395	143.950	110.7	104.9	86.7
6.9396	143.955	110.7	104.7	87.1
6.9396	143.960	110.1	104.1	86.4
6.9397	143.965	109.6	103.5	85.8
6.9397	143.970	109.3	103.5	85.6
6.9398	143.975	109.6	103.7	85.9
6.9398	143.980	109.5	103.4	85.6
6.9398	143.985	109.7	103.7	85.6
6.9399	143.990	109.5	103.7	85.9
6.9399	143.995	109.1	103.1	85.5
6.9400	144.000	109.2	103.1	85.3
6.9401	144.005	109.1	103.2	85.1
6.9401	144.010	109.2	103.3	85.3
6.9402	144.015	109.1	103.2	85.4
6.9402	144.020	108.9	103.0	85.1
6.9402	144.025	109.4	103.5	85.5
6.9403	144.030	109.3	103.6	85.9
6.9404	144.035	109.0	103.5	85.7
6.9404	144.040	109.2	103.5	85.7
6.9405	144.045	109.0	103.1	85.7
6.9405	144.050	108.8	102.8	85.4
6.9405	144.055	108.3	102.3	84.7
6.9406	144.060	108.4	102.4	84.3
6.9406	144.065	108.6	102.7	85.0
6.9407	144.070	108.3	102.4	84.9
6.9407	144.075	108.3	102.5	84.8
6.9408	144.080	108.7	102.9	85.0
6.9409	144.085	108.7	102.8	85.2
6.9409	144.090	108.7	102.7	85.1
6.9409	144.095	108.4	102.4	84.8
6.9410	144.100	108.6	102.5	84.6
6.9410	144.105	108.6	102.6	84.8
6.9411	144.110	108.7	102.8	84.9
6.9412	144.115	108.4	102.7	84.9
6.9412	144.120	108.2	102.3	84.7
6.9413	144.125	108.0	102.3	84.6
6.9413	144.130	108.3	102.6	84.9
6.9413	144.135	108.5	102.8	84.8
6.9414	144.140	108.8	103.1	85.3
6.9414	144.145	109.0	103.2	85.3
6.9415	144.150	109.2	103.4	85.5
6.9416	144.155	109.0	103.2	85.5
6.9416	144.160	108.4	102.4	85.0
6.9417	144.165	108.1	102.3	84.6
6.9417	144.170	108.5	102.7	84.7
6.9417	144.175	108.8	103.0	85.1
6.9418	144.180	108.7	102.8	85.2
6.9419	144.185	108.6	102.8	84.9
6.9419	144.190	109.1	103.1	85.3
6.9420	144.195	109.3	103.2	85.7
6.9420	144.200	109.1	103.2	85.6
6.9421	144.205	109.1	103.2	85.3
6.9421	144.210	109.2	103.2	85.1
6.9421	144.215	109.4	103.4	85.3
6.9422	144.220	109.7	103.8	85.5
6.9422	144.225	110.1	104.2	86.0
6.9423	144.230	109.6	103.6	85.8
6.9424	144.235	108.9	103.1	85.2
6.9424	144.240	108.9	102.8	84.9
6.9425	144.245	108.9	102.9	84.6
6.9425	144.250	109.0	102.8	84.5
6.9425	144.255	108.8	102.7	84.5
6.9426	144.260	109.1	103.0	84.8
6.9426	144.265	109.4	103.4	85.2
6.9427	144.270	109.6	103.4	85.1
6.9428	144.275	109.6	103.5	85.2
6.9428	144.280	110.0	103.9	85.4
6.9428	144.285	110.1	104.1	85.7
6.9429	144.290	109.7	103.7	85.6
6.9429	144.295	109.6	103.4	85.1
6.9430	144.300	109.8	103.7	85.7
6.9431	144.305	109.8	103.7	85.7
6.9431	144.310	110.1	103.9	85.7
6.9432	144.315	110.3	104.2	86.1
6.9432	144.320	110.1	103.9	85.9
6.9432	144.325	110.2	104.2	86.0
6.9433	144.330	110.2	104.0	85.8
6.9434	144.335	109.7	103.5	85.5
6.9434	144.340	109.3	103.1	84.9
6.9435	144.345	109.3	103.1	84.7
6.9435	144.350	109.5	103.2	84.7
6.9436	144.355	109.7	103.6	85.1
6.9436	144.360	109.9	104.0	85.4
6.9436	144.365	110.1	104.3	85.7
6.9437	144.370	110.4	104.3	85.8
6.9437	144.375	110.3	104.3	86.1
6.9438	144.380	110.6	104.5	86.0
6.9438	144.385	110.6	104.4	86.1
6.9439	144.390	110.4	104.3	85.9
6.9440	144.395	110.5	104.3	85.9
6.9440	144.400	110.7	104.6	86.0
6.9440	144.405	110.4	104.2	86.0
6.9441	144.410	110.4	104.2	85.9
6.9441	144.415	110.4	104.1	85.8
6.9442	144.420	110.6	104.5	86.3
6.9443	144.425	110.9	104.7	86.4
6.9443	144.430	111.3	105.1	87.0
6.9444	144.435	111.5	105.4	87.4
6.9444	144.440	111.1	105.1	87.1
6.9444	144.445	110.9	104.9	86.8
6.9445	144.450	110.1	104.2	86.1
6.9446	144.455	109.7	103.8	85.6
6.9446	144.460	109.5	103.6	85.6
6.9447	144.465	109.6	103.8	85.7
6.9447	144.470	109.6	103.6	85.6
6.9447	144.475	109.6	103.7	85.4
6.9448	144.480	109.5	103.5	85.4
6.9449	144.485	109.6	103.5	85.4
6.9449	144.490	109.5	103.4	85.4
6.9450	144.495	109.4	103.3	85.1
6.9450	144.500	109.5	103.6	85.3
6.9451	144.505	109.7	103.8	86.0
6.9451	144.510	109.7	103.8	85.9
6.9451	144.515	109.7	103.8	85.9
6.9452	144.520	109.6	103.9	86.0
6.9452	144.525	109.5	103.8	86.0
6.9453	144.530	109.3	103.7	86.1
6.9453	144.535	109.1	103.4	85.8
6.9454	144.540	108.8	103.1	85.6
6.9455	144.545	108.9	103.1	85.4
6.9455	144.550	109.2	103.5	85.9
6.9455	144.555	109.7	104.0	86.1
6.9456	144.560	109.7	104.0	86.3
6.9456	144.565	109.6	103.6	86.3
6.9457	144.570	109.2	103.5	85.9
6.9458	144.575	109.1	103.3	85.6
6.9458	144.580	109.2	103.6	85.7
6.9459	144.585	109.4	103.7	85.6
6.9459	144.590	110.4	104.6	86.3
6.9459	144.595	110.6	104.6	86.7
6.9460	144.600	110.3	104.2	86.2
6.9460	144.605	110.4	104.2	86.1
6.9461	144.610	110.1	104.0	86.0
6.9462	144.615	110.5	104.5	86.1
6.9462	144.620	110.7	104.6	86.3
6.9463	144.625	110.9	104.8	86.4
6.9463	144.630	111.2	105.2	86.7
6.9463	144.635	111.3	105.2	86.8
6.9464	144.640	111.2	105.2	86.9
6.9465	144.645	111.3	105.3	87.0
6.9465	144.650	111.3	105.2	86.7
6.9466	144.655	111.0	104.8	86.5
6.9466	144.660	111.3	105.1	86.5
6.9466	144.665	111.6	105.4	86.9
6.9467	144.670	111.7	105.4	87.1
6.9467	144.675	111.1	104.9	86.7
6.9468	144.680	110.7	104.4	86.1
6.9468	144.685	110.5	104.4	85.9
6.9469	144.690	110.3	104.2	85.8
6.9470	144.695	110.4	104.6	86.1
6.9470	144.700	110.4	104.5	86.3
6.9470	144.705	110.2	104.4	86.2
6.9471	144.710	110.1	104.2	86.1
6.9471	144.715	110.0	104.0	85.9
6.9472	144.720	110.1	104.1	85.8
6.9473	144.725	110.1	104.1	86.1
6.9473	144.730	109.8	103.9	85.8
6.9474	144.735	109.8	103.7	85.4
6.9474	144.740	110.0	103.8	85.6
6.9474	144.745	110.1	104.0	85.5
6.9475	144.750	110.3	104.1	85.7
6.9475	144.755	110.0	104.0	85.5
6.9476	144.760	109.9	103.8	85.4
6.9476	144.765	110.0	103.9	85.5
6.9477	144.770	109.8	103.7	85.2
6.9478	144.775	110.0	103.9	85.4
6.9478	144.780	110.0	103.8	85.2
6.9478	144.785	109.9	103.6	85.1
6.9479	144.790	110.2	104.0	85.5
6.9479	144.795	110.3	104.1	85.3
6.9480	144.800	110.5	104.1	85.5
6.9481	144.805	110.3	104.4	85.8
6.9481	144.810	110.3	104.1	85.7
6.9482	144.815	110.1	104.1	85.7
6.9482	144.820	110.3	104.3	85.9
6.9482	144.825	110.2	104.2	85.9
6.9483	144.830	109.5	103.5	85.4
6.9483	144.835	109.7	103.7	85.2
6.9484	144.840	109.9	103.7	85.4
6.9485	144.845	110.0	103.9	85.5
6.9485	144.850	110.1	104.1	85.9
6.9486	144.855	109.9	104.0	86.1
6.9486	144.860	109.7	103.7	85.7
6.9486	144.865	109.6	103.6	85.9
6.9487	144.870	109.1	103.2	85.4
6.9488	144.875	109.3	103.5	85.5
6.9488	144.880	109.2	103.3	85.5
6.9489	144.885	108.9	103.0	85.1
6.9489	144.890	108.6	102.7	84.9
6.9489	144.895	108.3	102.5	84.6
6.9490	144.900	108.2	102.3	84.8
6.9490	144.905	107.8	102.0	84.7
6.9491	144.910	107.2	101.4	84.3
6.9491	144.915	107.9	102.2	84.4
6.9492	144.920	107.9	102.2	85.0
6.9493	144.925	107.5	101.9	84.7
6.9493	144.930	107.6	102.2	84.6
6.9493	144.935	108.1	102.6	84.9
6.9494	144.940	108.6	103.1	85.2
6.9494	144.945	109.3	103.5	85.5
6.9495	144.950	109.5	103.6	85.8
6.9496	144.955	109.5	103.7	85.8
6.9496	144.960	108.9	103.1	85.1
6.9497	144.965	109.0	103.1	85.0
6.9497	144.970	108.3	102.3	84.5
6.9497	144.975	107.9	102.1	84.2
6.9498	144.980	108.0	102.1	84.3
6.9498	144.985	107.8	101.9	84.0
6.9499	144.990	107.9	102.0	84.0
6.9500	144.995	108.1	102.2	84.2
6.9500	145.000	108.1	102.3	84.3
6.9501	145.005	108.2	102.3	84.4
6.9501	145.010	108.4	102.5	84.4
6.9501	145.015	108.8	102.7	84.5
6.9502	145.020	109.2	103.1	84.7
6.9503	145.025	109.5	103.7	85.4
6.9503	145.030	109.7	104.0	85.9
6.9504	145.035	109.8	104.1	86.4
6.9504	145.040	109.6	103.6	86.0
6.9505	145.045	109.4	103.5	85.3
6.9505	145.050	110.0	104.1	85.6
6.9505	145.055	110.2	104.2	86.2
6.9506	145.060	109.8	103.8	85.8
6.9506	145.065	109.8	104.0	86.0
6.9507	145.070	109.7	103.8	86.1
6.9508	145.075	109.2	103.4	85.7
6.9508	145.080	109.0	103.0	85.1
6.9508	145.085	108.9	102.9	85.0
6.9509	145.090	108.9	102.9	84.9
6.9509	145.095	109.1	103.1	84.8
6.9510	145.100	109.1	103.1	84.9
6.9511	145.105	107.8	101.6	84.1
6.9511	145.110	106.2	100.0	82.5
6.9512	145.115	105.4	99.3	81.6
6.9512	145.120	105.4	99.2	81.3
6.9512	145.125	106.5	100.5	82.2
6.9513	145.130	107.0	100.9	83.0
6.9513	145.135	107.4	101.1	82.9
6.9514	145.140	108.0	101.9	83.3
6.9515	145.145	108.2	102.0	83.7
6.9515	145.150	108.1	101.7	83.5
6.9516	145.155	107.5	101.1	83.2
6.9516	145.160	106.4	100.1	82.4
6.9516	145.165	104.2	98.1	81.0
6.9517	145.170	101.2	95.3	78.9
6.9518	145.175	99.4	93.7	77.1
6.9518	145.180	100.4	94.8	77.2
6.9519	145.185	102.3	96.5	78.5
6.9519	145.190	103.0	97.1	79.6
6.9520	145.195	101.9	95.7	79.2
6.9520	145.200	100.0	94.2	77.9
6.9520	145.205	101.1	95.6	78.3
6.9521	145.210	103.8	98.3	80.9
6.9521	145.215	106.1	100.5	82.5
6.9522	145.220	108.3	102.4	84.4
6.9523	145.225	109.8	103.8	85.8
6.9523	145.230	110.2	104.2	86.8
6.9524	145.235	110.2	104.0	86.4
6.9524	145.240	110.5	104.5	86.3
6.9524	145.245	110.2	104.1	86.5
6.9525	145.250	109.8	103.7	85.9
6.9526	145.255	109.2	103.4	85.9
6.9526	145.260	108.4	102.7	85.2
6.9527	145.265	108.2	102.4	84.9
6.9527	145.270	108.3	102.3	84.7
6.9527	145.275	108.4	102.4	84.3
6.9528	145.280	108.6	102.6	84.6
6.9528	145.285	109.3	103.2	85.1
6.9529	145.290	109.3	103.3	85.5
6.9529	145.295	108.9	102.8	85.5
6.9530	145.300	108.4	102.3	84.9
6.9531	145.305	107.8	101.6	84.1
6.9531	145.310	106.8	100.8	83.0
6.9531	145.315	106.8	100.8	82.8
6.9532	145.320	106.6	100.6	83.1
6.9532	145.325	106.2	100.3	82.6
6.9533	145.330	106.7	100.7	83.2
6.9534	145.335	107.1	101.2	83.6
6.9534	145.340	107.7	101.7	83.7
6.9535	145.345	107.7	101.8	83.8
6.9535	145.350	108.0	102.0	84.1
6.9535	145.355	108.1	102.1	84.0
6.9536	145.360	108.2	102.0	84.1
6.9536	145.365	108.6	102.6	84.3
6.9537	145.370	108.8	102.8	84.6
6.9538	145.375	108.9	102.9	84.8
6.9538	145.380	109.1	103.2	85.1
6.9539	145.385	109.6	103.8	85.6
6.9539	145.390	109.5	103.7	85.8
6.9539	145.395	108.9	102.8	85.4
6.9540	145.400	108.7	102.7	85.0
6.9541	145.405	109.5	103.5	85.5
6.9541	145.410	110.1	104.1	86.3
6.9542	145.415	110.4	104.4	86.4
6.9542	145.420	110.9	104.8	86.7
6.9543	145.425	111.1	105.0	86.9
6.9543	145.430	110.9	104.5	86.4
6.9543	145.435	110.5	104.3	86.1
6.9544	145.440	110.1	103.9	86.0
6.9544	145.445	109.3	103.1	85.1
6.9545	145.450	108.5	102.5	84.5
6.9546	145.455	107.5	101.6	83.9
6.9546	145.460	107.0	101.0	83.4
6.9546	145.465	106.6	100.9	83.5
6.9547	145.470	106.5	100.8	83.6
6.9547	145.475	106.7	100.8	83.5
6.9548	145.480	107.0	101.2	83.9
6.9549	145.485	107.0	101.2	84.0
6.9549	145.490	106.5	100.8	83.8
6.9550	145.495	106.4	100.7	83.4
6.9550	145.500	106.5	100.8	83.4
6.9550	145.505	106.3	100.4	83.3
6.9551	145.510	106.1	100.2	82.9
6.9551	145.515	106.3	100.5	82.9
6.9552	145.520	106.3	100.5	83.2
6.9553	145.525	106.3	100.5	83.0
6.9553	145.530	106.5	100.4	83.1
6.9554	145.535	106.7	100.8	83.3
6.9554	145.540	107.3	101.4	83.6
6.9554	145.545	107.5	101.6	83.8
6.9555	145.550	107.3	101.3	83.8
6.9556	145.555	107.2	101.0	83.3
6.9556	145.560	107.3	101.2	83.7
6.9557	145.565	107.6	101.4	83.6
6.9557	145.570	107.3	101.2	83.5
6.9558	145.575	107.1	101.1	83.1
6.9558	145.580	107.4	101.3	83.1
6.9558	145.585	107.3	101.1	83.0
6.9559	145.590	107.0	100.9	83.0
6.9559	145.595	106.9	100.9	83.0
6.9560	145.600	107.5	101.2	83.3
6.9560	145.605	107.5	101.3	83.4
6.9561	145.610	107.5	101.3	83.3
6.9562	145.615	107.6	101.4	83.3
6.9562	145.620	107.8	101.5	83.5
6.9562	145.625	107.7	101.7	83.6
6.9563	145.630	107.5	101.2	83.4
6.9563	145.635	107.5	101.3	83.3
6.9564	145.640	107.0	100.8	82.9
6.9565	145.645	107.2	101.2	82.8
6.9565	145.650	107.2	100.8	83.0
6.9566	145.655	106.8	100.4	82.5
6.9566	145.660	106.4	100.0	82.0
6.9566	145.665	106.1	99.6	81.5
6.9567	145.670	106.1	99.7	81.6
6.9568	145.675	106.0	99.7	81.7
6.9568	145.680	105.7	99.4	81.6
6.9569	145.685	106.0	99.9	81.8
6.9569	145.690	106.7	100.5	82.3
6.9569	145.695	106.7	100.6	82.9
6.9570	145.700	106.5	100.3	82.6
6.9571	145.705	105.6	99.2	81.8
6.9571	145.710	105.2	99.0	81.3
6.9572	145.715	104.8	98.4	80.8
6.9572	145.720	104.5	98.3	80.6
6.9573	145.725	104.3	98.1	80.5
6.9573	145.730	104.0	97.6	80.3
6.9573	145.735	103.7	97.4	79.9
6.9574	145.740	104.0	98.0	80.3
6.9574	145.745	104.7	98.8	81.0
6.9575	145.750	105.3	99.2	81.8
6.9575	145.755	105.3	99.5	82.1
6.9576	145.760	105.4	99.5	82.2
6.9577	145.765	105.6	99.7	82.4
6.9577	145.770	105.9	100.1	82.7
6.9577	145.775	105.7	99.9	82.5
6.9578	145.780	105.9	99.9	82.5
6.9578	145.785	106.0	100.3	82.9
6.9579	145.790	106.1	100.2	82.9
6.9580	145.795	106.1	100.2	82.7
6.9580	145.800	106.3	100.4	82.8
6.9581	145.805	106.1	100.2	82.7
6.9581	145.810	105.7	99.6	82.3
6.9581	145.815	105.7	99.7	82.2
6.9582	145.820	106.5	100.4	82.8
6.9582	145.825	106.2	100.4	83.3
6.9583	145.830	105.3	99.4	82.6
6.9584	145.835	104.4	98.4	81.2
6.9584	145.840	104.5	98.5	80.9
6.9585	145.845	105.0	99.0	81.4
6.9585	145.850	105.8	99.6	82.0
6.9585	145.855	106.5	100.5	82.6
6.9586	145.860	106.7	100.6	83.0
6.9587	145.865	106.0	99.9	82.5
6.9587	145.870	105.8	99.8	81.9
6.9588	145.875	106.1	100.0	82.2
6.9588	145.880	106.6	100.5	82.7
6.9588	145.885	106.9	100.9	82.9
6.9589	145.890	107.2	101.0	83.2
6.9589	145.895	107.5	101.4	83.4
6.9590	145.900	107.9	101.6	83.5
6.9590	145.905	107.8	101.5	83.4
6.9591	145.910	107.8	101.5	83.3
6.9592	145.915	107.6	101.2	83.2
6.9592	145.920	107.1	100.6	82.8
6.9592	145.925	106.9	100.5	82.6
6.9593	145.930	106.7	100.3	82.4
6.9593	145.935	106.5	100.1	82.3
6.9594	145.940	106.3	99.9	82.2
6.9595	145.945	106.2	100.0	82.4
6.9595	145.950	105.7	99.6	82.2
6.9596	145.955	105.3	99.3	81.8
6.9596	145.960	105.2	99.2	81.7
6.9596	145.965	105.0	98.8	81.8
6.9597	145.970	104.8	98.7	81.3
6.9597	145.975	104.9	98.8	81.5
6.9598	145.980	104.8	98.9	81.4
6.9599	145.985	104.8	98.9	81.5
6.9599	145.990	104.8	99.0	81.5
6.9600	145.995	104.8	99.0	82.0
6.9600	146.000	104.6	99.1	82.1
6.9600	146.005	103.9	98.4	81.8
6.9601	146.010	103.1	97.7	81.4
6.9601	146.015	102.3	97.0	81.1
6.9602	146.020	101.2	96.1	80.8
6.9603	146.025	100.7	95.4	80.1
6.9603	146.030	100.7	95.5	79.6
6.9604	146.035	101.2	96.0	80.0
6.9604	146.040	101.5	96.2	80.3
6.9604	146.045	101.4	96.0	80.5
6.9605	146.050	100.9	95.6	80.0
6.9605	146.055	101.2	95.6	79.7
6.9606	146.060	101.7	96.2	80.1
6.9607	146.065	102.3	96.7	80.5
6.9607	146.070	102.8	97.5	81.0
6.9607	146.075	103.6	98.0	81.6
6.9608	146.080	103.7	98.2	81.7
6.9608	146.085	103.7	98.2	81.8
6.9609	146.090	103.4	98.1	81.7
6.9610	146.095	103.5	98.2	81.8
6.9610	146.100	103.4	98.2	81.9
6.9611	146.105	102.7	97.6	81.8
6.9611	146.110	102.0	97.0	81.1
6.9611	146.115	102.0	97.1	81.1
6.9612	146.120	101.9	97.0	81.3
6.9612	146.125	102.1	97.2	81.5
6.9613	146.130	102.5	97.5	81.8
6.9613	146.135	102.3	97.3	81.8
6.9614	146.140	101.9	97.0	81.5
6.9615	146.145	102.4	97.5	81.4
6.9615	146.150	103.0	98.0	82.1
6.9615	146.155	103.4	98.1	82.1
6.9616	146.160	103.4	98.1	82.0
6.9616	146.165	103.3	97.9	82.0
6.9617	146.170	103.3	97.7	81.3
6.9618	146.175	103.0	97.5	81.2
6.9618	146.180	103.1	97.5	81.0
6.9619	146.185	102.9	97.2	80.9
6.9619	146.190	102.8	97.2	80.6
6.9619	146.195	103.0	97.2	80.6
6.9620	146.200	102.3	96.5	80.0
6.9620	146.205	101.7	95.9	79.4
6.9621	146.210	101.7	96.0	79.4
6.9622	146.215	102.7	96.9	79.9
6.9622	146.220	103.6	97.6	80.6
6.9623	146.225	104.2	98.3	80.9
6.9623	146.230	104.2	98.2	81.3
6.9623	146.235	104.2	98.2	81.2
6.9624	146.240	104.6	98.7	81.4
6.9625	146.245	105.1	99.2	81.8
6.9625	146.250	105.0	99.1	82.0
6.9626	146.255	105.0	98.8	81.5
6.9626	146.260	105.1	99.0	81.5
6.9627	146.265	104.7	98.7	81.3
6.9627	146.270	104.2	98.2	80.9
6.9627	146.275	103.8	98.0	80.7
6.9628	146.280	104.2	98.3	81.2
6.9628	146.285	104.3	98.5	81.4
6.9629	146.290	104.4	98.7	81.6
6.9630	146.295	104.4	98.5	81.5
6.9630	146.300	104.4	98.5	81.5
6.9630	146.305	104.6	98.8	81.6
6.9631	146.310	104.8	98.8	81.4
6.9631	146.315	104.8	98.9	81.5
6.9632	146.320	104.7	98.5	81.3
6.9633	146.325	104.1	98.0	80.8
6.9633	146.330	103.8	97.7	80.6
6.9634	146.335	103.6	97.8	80.3
6.9634	146.340	104.3	98.3	80.6
6.9634	146.345	104.7	98.6	81.2
6.9635	146.350	104.8	98.9	81.4
6.9635	146.355	105.3	99.4	81.9
6.9636	146.360	105.3	99.3	81.8
6.9637	146.365	105.2	99.3	81.7
6.9637	146.370	105.2	99.3	81.6
6.9638	146.375	105.3	99.4	81.8
6.9638	146.380	105.0	99.1	82.0
6.9638	146.385	104.7	98.7	81.5
6.9639	146.390	104.5	98.5	81.2
6.9640	146.395	104.5	98.7	81.3
6.9640	146.400	104.5	98.7	81.5
6.9641	146.405	104.3	98.4	81.2
6.9641	146.410	104.4	98.6	81.2
6.9642	146.415	104.7	98.8	81.5
6.9642	146.420	104.8	99.1	81.7
6.9642	146.425	104.8	98.9	81.8
6.9643	146.430	104.3	98.5	81.5
6.9643	146.435	104.6	98.9	81.6
6.9644	146.440	104.9	99.1	82.0
6.9645	146.445	105.0	99.3	82.2
6.9645	146.450	105.3	99.8	82.5
6.9646	146.455	105.4	99.9	82.9
6.9646	146.460	105.2	99.6	82.7
6.9646	146.465	104.7	99.0	82.2
6.9647	146.470	104.5	98.8	81.9
6.9648	146.475	104.2	98.6	81.6
6.9648	146.480	104.1	98.6	81.6
6.9649	146.485	104.1	98.3	81.3
6.9649	146.490	104.0	98.2	81.3
6.9649	146.495	104.1	98.4	81.2
6.9650	146.500	104.5	99.1	81.7
6.9650	146.505	104.2	98.5	81.7
6.9651	146.510	103.6	97.9	81.0
6.9651	146.515	103.4	97.8	80.7
6.9652	146.520	103.6	98.1	80.8
6.9653	146.525	103.8	98.2	81.1
6.9653	146.530	103.5	97.8	80.9
6.9653	146.535	103.8	98.2	80.7
6.9654	146.540	104.5	98.7	81.4
6.9654	146.545	104.7	98.8	81.5
6.9655	146.550	105.1	99.2	81.7
6.9656	146.555	105.3	99.5	82.1
6.9656	146.560	105.0	99.3	82.2
6.9657	146.565	104.7	98.8	81.8
6.9657	146.570	104.4	98.8	81.5
6.9657	146.575	103.9	98.3	81.4
6.9658	146.580	102.9	97.4	80.8
6.9658	146.585	102.4	96.9	80.2
6.9659	146.590	102.5	97.3	80.4
6.9660	146.595	102.5	97.1	80.7
6.9660	146.600	102.5	97.2	80.5
6.9661	146.605	102.5	97.2	80.6
6.9661	146.610	102.8	97.5	80.8
6.9661	146.615	102.9	97.7	80.9
6.9662	146.620	102.9	97.7	81.1
6.9663	146.625	102.9	97.3	80.5
6.9663	146.630	103.0	97.4	80.4
6.9664	146.635	103.4	97.7	80.6
6.9664	146.640	103.6	97.9	80.9
6.9665	146.645	103.3	97.5	80.8
6.9665	146.650	102.9	97.3	80.6
6.9665	146.655	102.9	97.4	80.7
6.9666	146.660	103.0	97.6	81.0
6.9666	146.665	102.7	97.3	81.0
6.9667	146.670	102.1	96.7	80.5
6.9668	146.675	101.9	96.7	80.2
6.9668	146.680	101.9	96.5	80.0
6.9668	146.685	102.0	96.4	79.8
6.9669	146.690	102.1	96.4	79.8
6.9669	146.695	102.0	96.5	79.8
6.9670	146.700	102.2	96.7	79.8
6.9671	146.705	102.8	97.1	80.0
6.9671	146.710	103.2	97.7	80.4
6.9672	146.715	103.5	98.0	81.0
6.9672	146.720	103.3	97.8	81.0
6.9672	146.725	103.1	97.7	81.0
6.9673	146.730	103.2	97.6	81.1
6.9673	146.735	102.7	97.1	80.7
6.9674	146.740	102.7	97.0	80.4
6.9675	146.745	102.9	97.1	80.4
6.9675	146.750	103.1	97.4	80.9
6.9676	146.755	103.4	97.8	81.4
6.9676	146.760	103.2	97.8	81.3
6.9676	146.765	103.2	97.6	81.4
6.9677	146.770	102.9	97.5	81.1
6.9678	146.775	102.8	97.3	81.1
6.9678	146.780	102.3	97.1	81.1
6.9679	146.785	101.7	96.2	80.3
6.9679	146.790	101.6	96.1	79.8
6.9680	146.795	101.8	96.3	80.0
6.9680	146.800	102.2	96.6	80.0
6.9680	146.805	102.6	97.0	80.1
6.9681	146.810	103.5	97.9	80.8
6.9681	146.815	103.9	98.2	81.1
6.9682	146.820	104.5	98.8	81.8
6.9682	146.825	104.7	98.9	82.0
6.9683	146.830	104.9	99.2	82.1
6.9684	146.835	105.2	99.5	82.3
6.9684	146.840	105.5	99.8	82.6
6.9684	146.845	105.6	99.8	82.5
6.9685	146.850	105.4	99.8	82.5
6.9685	146.855	105.5	99.9	82.8
6.9686	146.860	105.1	99.5	82.6
6.9687	146.865	105.1	99.5	82.3
6.9687	146.870	105.3	99.7	82.5
6.9687	146.875	105.4	99.8	82.6
6.9688	146.880	105.9	100.3	82.8
6.9688	146.885	105.9	100.2	82.8
6.9689	146.890	106.0	100.4	83.0
6.9690	146.895	106.2	100.4	83.1
6.9690	146.900	105.7	100.1	83.1
6.9691	146.905	105.6	99.9	82.6
6.9691	146.910	105.6	100.0	82.6
6.9691	146.915	105.3	99.6	82.3
6.9692	146.920	105.3	99.6	82.3
6.9693	146.925	105.1	99.2	82.0
6.9693	146.930	105.3	99.6	82.0
6.9694	146.935	105.2	99.4	82.3
6.9694	146.940	104.9	99.1	81.7
6.9695	146.945	104.2	98.5	81.2
6.9695	146.950	104.3	98.6	81.3
6.9695	146.955	104.1	98.4	81.3
6.9696	146.960	104.0	98.3	81.3
6.9696	146.965	103.7	98.0	80.9
6.9697	146.970	103.5	97.8	80.7
6.9697	146.975	103.6	97.8	80.7
6.9698	146.980	103.6	97.9	80.7
6.9699	146.985	103.9	98.2	81.3
6.9699	146.990	104.2	98.6	81.5
6.9699	146.995	104.8	98.9	82.0
6.9700	147.000	105.2	99.3	82.2
6.9700	147.005	105.4	99.5	82.2
6.9701	147.010	106.2	100.3	82.8
6.9702	147.015	106.8	100.9	83.3
6.9702	147.020	106.8	101.0	83.8
6.9703	147.025	105.9	100.1	83.0
6.9703	147.030	105.2	99.4	82.0
6.9703	147.035	105.5	99.7	82.1
6.9704	147.040	105.8	100.1	82.6
6.9704	147.045	105.8	100.0	82.7
6.9705	147.050	106.1	100.3	82.7
6.9706	147.055	106.5	100.7	82.8
6.9706	147.060	106.7	100.8	83.4
6.9707	147.065	106.2	100.5	83.2
6.9707	147.070	106.2	100.3	82.9
6.9707	147.075	105.7	99.8	82.4
6.9708	147.080	105.3	99.5	81.8
6.9709	147.085	105.5	99.6	81.7
6.9709	147.090	105.8	99.8	82.2
6.9710	147.095	105.5	99.7	82.2
6.9710	147.100	105.5	99.7	82.2
6.9710	147.105	105.2	99.3	81.9
6.9711	147.110	105.0	99.1	81.8
6.9711	147.115	105.2	99.3	81.8
6.9712	147.120	104.9	99.2	81.7
6.9712	147.125	105.0	99.0	81.7
6.9713	147.130	104.7	98.8	81.5
6.9714	147.135	105.0	99.1	81.3
6.9714	147.140	105.4	99.6	82.1
6.9714	147.145	105.8	100.1	82.3
6.9715	147.150	105.6	99.7	82.3
6.9715	147.155	105.4	99.7	82.3
6.9716	147.160	105.6	99.8	82.1
6.9717	147.165	106.0	100.1	82.2
6.9717	147.170	106.2	100.1	82.3
6.9718	147.175	106.5	100.3	82.2
6.9718	147.180	106.4	100.2	82.1
6.9718	147.185	105.9	99.7	82.0
6.9719	147.190	105.6	99.7	81.6
6.9719	147.195	105.9	99.8	81.7
6.9720	147.200	106.0	99.8	82.0
6.9721	147.205	105.8	99.8	81.8
6.9721	147.210	105.6	99.6	81.8
6.9722	147.215	106.0	99.9	81.9
6.9722	147.220	106.5	100.4	82.4
6.9722	147.225	106.7	100.6	82.6
6.9723	147.230	106.8	100.7	82.7
6.9724	147.235	107.1	101.0	82.9
6.9724	147.240	106.9	100.7	82.8
6.9725	147.245	106.6	100.4	82.2
6.9725	147.250	106.7	100.4	82.1
6.9726	147.255	106.5	100.4	82.4
6.9726	147.260	106.6	100.4	82.4
6.9726	147.265	106.5	100.4	82.4
6.9727	147.270	106.6	100.7	82.4
6.9727	147.275	106.8	100.6	82.7
6.9728	147.280	106.7	100.7	82.7
6.9729	147.285	107.0	101.1	82.9
6.9729	147.290	107.5	101.5	83.2
6.9729	147.295	107.7	101.7	83.5
6.9730	147.300	107.9	101.8	83.7
6.9730	147.305	107.7	101.5	83.4
6.9731	147.310	107.7	101.5	83.4
6.9732	147.315	107.5	101.3	83.1
6.9732	147.320	107.2	100.9	83.0
6.9733	147.325	107.0	101.1	82.8
6.9733	147.330	107.4	101.3	83.2
6.9733	147.335	107.2	101.0	83.2
6.9734	147.340	106.9	100.8	82.9
6.9734	147.345	106.9	100.9	82.7
6.9735	147.350	107.1	101.3	83.1
6.9735	147.355	107.1	101.1	83.1
6.9736	147.360	106.7	100.8	83.0
6.9737	147.365	106.4	100.6	82.6
6.9737	147.370	106.3	100.4	82.4
6.9737	147.375	106.4	100.4	82.2
6.9738	147.380	106.4	100.5	82.3
6.9738	147.385	106.0	99.9	82.0
6.9739	147.390	105.8	99.7	81.6
6.9740	147.395	105.5	99.5	81.5
6.9740	147.400	105.4	99.5	81.2
6.9741	147.405	105.3	99.4	81.3
6.9741	147.410	104.9	99.0	81.0
6.9741	147.415	104.6	98.7	80.6
6.9742	147.420	104.3	98.3	80.4
6.9742	147.425	104.1	98.1	80.4
6.9743	147.430	104.4	98.5	80.6
6.9744	147.435	105.0	99.1	81.2
6.9744	147.440	105.6	99.8	82.0
6.9745	147.445	105.8	99.9	82.3
6.9745	147.450	105.8	100.1	82.4
6.9745	147.455	105.7	99.8	82.2
6.9746	147.460	105.7	99.8	82.1
6.9747	147.465	106.0	100.1	82.4
6.9747	147.470	106.0	100.2	82.6
6.9748	147.475	105.9	99.8	82.6
6.9748	147.480	105.5	99.6	82.3
6.9748	147.485	105.8	100.0	82.5
6.9749	147.490	106.0	100.3	82.7
6.9749	147.495	105.8	100.1	82.8
6.9750	147.500	0.0	0.0	0.0
6.9750	147.505	0.0	0.0	0.0
6.9751	147.510	0.0	0.0	0.0
6.9752	147.515	0.0	0.0	0.0
